series,name,price,url,尺寸与重量_长度,尺寸与重量_宽度,尺寸与重量_厚度,尺寸与重量_重量,屏幕_屏幕尺寸,屏幕_屏幕色彩,屏幕_屏幕类型,屏幕_分辨率,处理器_CPU,处理器_GPU,存储_机身内存（ROM）,后置摄像头_后置摄像头配置,后置摄像头_后置摄像头变焦模式,后置摄像头_后置摄像头照片分辨率,后置摄像头_后置摄像头摄像分辨率,后置摄像头_后置摄像头拍摄功能,前置摄像头_前置摄像头像素,前置摄像头_前置摄像头照片分辨率,前置摄像头_前置摄像头摄像分辨率,前置摄像头_前置摄像头拍摄功能,数据连接_WLAN 频段,数据连接_WLAN 协议,数据连接_蓝牙,数据连接_数据线接口,数据连接_耳机接口,多媒体_音频,多媒体_视频,包装清单_外包装采用塑封，彩盒内标配：,屏幕_尺寸,屏幕_类型,存储_机身内存,充电_有线充电,数据连接_WLAN,数据连接_星闪,操作系统_HarmonyOS 6.0,屏幕_玻璃类型,存储_HUAWEI Mate X6,存储_HUAWEI Mate X6 典藏版,后置摄像头_后置摄像头对焦方式,后置摄像头_后置闪光灯,电池_HUAWEI Mate X6,电池_HUAWEI Mate X6 典藏版,充电_无线充电,数据连接_卫星通信,前置摄像头_前置摄像头视频拍摄,充电_有线快充,存储_运行内存（RAM）,后置摄像头_后置摄像头防抖模式,数据连接_超宽带（UWB）,存储_运行内存,前置摄像头_前置摄像头,屏幕_色彩,后置摄像头_后置摄像头,充电_有线充电：,充电_无线充电：,数据连接_查找功能,前置摄像头_前置摄像头变焦模式,操作系统_HarmonyOS 6.1,屏幕_屏幕像素密度,操作系统_HarmonyOS 4.3,存储_运行内存（RAM）+ 机身内存（ROM）,存储_扩展存储,后置摄像头_后置摄像头视频拍摄,存储_HUAWEI Pura X,存储_HUAWEI Pura X 典藏版,存储_HUAWEI Pura X Max,存储_HUAWEI Pura X Max 典藏版,屏幕_PPI,处理器_CPU 型号
畅享系列,华为畅享 70S,,https://consumer.huawei.com/cn/phones/changxiang-70s/specs/,168.3 mm,77.7 mm,8.93 mm,约 207 克（含电池）,6.75 英寸,1670 万色,LCD，支持 60 Hz / 90 Hz 刷新率,HD+ 1600 × 720 像素,八核，4 × Cortex-A73@2.4 GHz + 4 × Cortex-A53@1.9 GHz,Adreno 610 1100 MHz,128 GB / 256 GB,后置双摄：5000 万像素主摄摄像头（F1.8 光圈）+ 200 万像素微距摄像头（F2.4 光圈）,10 倍数字变焦,最大可支持 8192 × 6144 像素,最大可支持 1920 × 1080 像素,普通拍照/夜景模式/高像素/全景拍照/普通录像/微距等,前置单摄：800 万像素,最大可支持 3264 × 2448 像素,最大可支持 1920 × 1080 像素,美肤/声控拍照/定时拍照/笑脸抓拍/手势拍照等,2.4 GHz 和 5 GHz,802.11b/g/n/ac，VHT 80,Bluetooth 5.0，支持低功耗蓝牙，支持 SBC、AAC,USB Type-C,USB Type-C 接口,华为 Histen,*.3gp、*.mp4、*.webm、*.mkv,1、手机（内置电池）× 1,,,,,,,,,,,,,,,,,,,,,,,,,,,,,,,,,,,,,,,,,
畅享系列,华为畅享 70X,,https://consumer.huawei.com/cn/phones/changxiang-70x/specs/,164 mm,74.88 mm,湖光青、曜金黑、雪域白：7.98 mm 云杉黛、曜石黑：8.13 mm,湖光青、曜金黑、雪域白：约 189 g（含电池） 云杉黛、曜石黑：约 193 g（含电池）,,,,FHD+ 2700 × 1224 像素,,,,,,最大可支持 8192 × 6144 像素,最大可支持 3840 × 2160 像素,大光圈、夜景、人像、拍照、录像、专业模式、慢动作、全景、延时摄影、高像素、声控拍照、笑脸抓拍、定时拍摄,,最大可支持 3264 × 2448 像素,最大可支持 3840 × 2160 像素,夜景、人像、拍照、录像、延时摄影、笑脸抓拍、声控拍照、定时拍摄,,,Bluetooth 5.1，支持低功耗蓝牙，支持 SBC、AAC,USB Type-C，支持 USB 2.0,USB Type-C 接口,Huawei Histen,*.3gp、*.mp4,,6.78 英寸,AMOLED，最高支持 120 Hz 刷新率，300 Hz 触控采样率,128 GB / 256 GB / 512 GB ROM,支持最大超级快充 40 W Turbo（10V/4A），兼容 4.5V/5A 或 5V/4.5A 超级快充，兼容 9V/2A 快充。,2.4 GHz 和 5 GHz,,,,,,,,,,,,,,,,,,,,,,,,,,,,,,,,,,,,
畅享系列,华为畅享 70X 尊享版,1899,https://consumer.huawei.com/cn/phones/changxiang-70x-zunxiangban/specs/,164 mm,74.88 mm,7.98 mm,约 189 g（含电池）,,,,FHD+ 2700 × 1224 像素,,,,,,最大可支持 8192 × 6144 像素,最大可支持 3840 × 2160 像素,大光圈、夜景、人像、拍照、录像、专业模式、慢动作、全景、延时摄影、高像素、声控拍照、笑脸抓拍、定时拍摄,,最大可支持 3264 × 2448 像素,最大可支持 3840 × 2160 像素,夜景、人像、拍照、录像、延时摄影、笑脸抓拍、声控拍照、定时拍摄,,,Bluetooth 5.1，支持低功耗蓝牙，支持 SBC、AAC,"USB Type-C, 支持 USB 2.0",USB Type-C 接口,Huawei Histen,*.3gp、*.mp4,,6.78 英寸,AMOLED，最高支持 120 Hz 刷新率，2160 Hz 高频 PWM 调光，300 Hz 触控采样率,256 GB / 512 GB ROM,支持最大超级快充 40 W Turbo（10V/4A），兼容 4.5V/5A 或 5V/4.5A 超级快充，兼容 9V/2A 快充。,2.4 GHz 和 5 GHz,,,,,,,,,,,,,,,,,,,,,,,,,,,,,,,,,,,,
畅享系列,华为畅享 80,,https://consumer.huawei.com/cn/phones/changxiang-80/specs/,166.05 mm,76.58 mm,8.25 mm（天青蓝、天际白、曜金黑） 8.33 mm（原野绿）,203 g（天青蓝、天际白、曜金黑） 206 g（原野绿）,6.67 英寸,1670 万色,LCD，支持 60 Hz / 90 Hz 刷新率,HD+ 1604 × 720,,,128 GB / 256 GB / 512 GB,后置单摄：5000 万像素主摄摄像头（F1.8 光圈）,6 倍数字变焦,最大可支持 8192 × 6144 像素,最大可支持 1920 × 1080 像素,普通拍照/人像模式/专业模式/全景模式/慢动作模式/延时摄影/水印/高像素/夜景/定时拍摄/熄屏快拍/笑脸抓拍/声控拍照/连拍,前置单摄：800 万像素,最大可支持 3264 × 2448 像素,最大可支持 1920 × 1080 像素,普通拍照/人像模式/笑脸抓拍/自拍镜像/声控拍照/定时拍摄,2.4 GHz 和 5 GHz,802.11a/b/g/n/ac,Bluetooth 5.1，支持低功耗蓝牙，支持 SBC、AAC,USB Type-C,USB Type-C 接口,华为 Histen,*.3gp、*.mp4、*.webm、*.mkv,,,,,,,,,,,,,,,,,,,,,,,,,,,,,,,,,,,,,,,,,,
畅享系列,华为畅享 90,1299,https://consumer.huawei.com/cn/phones/changxiang-90/specs/,166.05 mm,76.58 mm,8.32 mm,约 212 g（含电池）,,,,HD+ 1604 × 720 像素,,,,,支持 10 倍数字变焦,最大可支持 8192 × 6144 像素,最大可支持 3840 × 2160 像素,夜景、人像、拍照、录像、专业模式、慢动作、全景、延时摄影、高像素、声控拍照、笑脸抓拍、定时拍摄,,最大可支持 3264 × 2448 像素,最大可支持 3840 × 2160 像素,夜景、人像、拍照、录像、延时摄影、笑脸抓拍、声控拍照、定时拍摄,,,Bluetooth 6.0，支持低功耗蓝牙，支持 SBC、AAC，支持 LDAC 和 L2HC,"USB Type-C, 支持 USB 2.0",USB Type-C 接口,Huawei Histen,*.mp4,,6.67 英寸,LCD，最高支持 120 Hz 刷新率,128 GB / 256 GB ROM,支持最大超级快充 40 W Turbo（10V/4A），兼容 4.5V/5A 或 5V/4.5A 超级快充，兼容 9V/2A 快充。,2.4 GHz 和 5 GHz,支持，星闪 E1.0,,,,,,,,,,,,,,,,,,,,,,,,,,,,,,,,,,,
畅享系列,华为畅享 90 Plus,1499,https://consumer.huawei.com/cn/phones/changxiang-90-plus/specs/,166.05 mm,76.58 mm,8.32 mm,约 212 g（含电池）,,,,HD+ 1604 × 720 像素,,,,,支持 10 倍数字变焦,最大可支持 8192 × 6144 像素,最大可支持 3840 × 2160 像素,夜景、人像、拍照、录像、专业模式、慢动作、全景、延时摄影、高像素、声控拍照、笑脸抓拍、定时拍摄,,最大可支持 3264 × 2448 像素,最大可支持 3840 × 2160 像素,夜景、人像、拍照、录像、延时摄影、笑脸抓拍、声控拍照、定时拍摄,,,Bluetooth 6.0，支持低功耗蓝牙，支持 SBC、AAC，支持 LDAC 和 L2HC,USB Type-C，支持 USB 2.0,USB Type-C 接口,Huawei Histen,*.mp4,,6.67 英寸,LCD，最高支持 120 Hz 刷新率,128 GB / 256 GB ROM,支持最大超级快充 40 W Turbo（10V/4A），兼容 4.5V/5A 或 5V/4.5A 超级快充，兼容 9V/2A 快充。,2.4 GHz 和 5 GHz,支持，星闪 E1.0,,,,,,,,,,,,,,,,,,,,,,,,,,,,,,,,,,,
畅享系列,华为畅享 90 Pro Max,1899,https://consumer.huawei.com/cn/phones/changxiang-90-pro-max/specs/,163.3 mm,78 mm,7.98 mm,约 232 g（含电池）,,,,FHD+ 2756 × 1272 像素,,,,,支持 10 倍数字变焦,最大可支持 8192 × 6144 像素,最大可支持 3840 × 2160 像素,夜景、人像、拍照、录像、专业模式、慢动作、全景、延时摄影、高像素、声控拍照、笑脸抓拍、定时拍摄,,最大可支持 3264 × 2448 像素,最大可支持 3840 × 2160 像素,夜景、人像、拍照、录像、延时摄影、笑脸抓拍、声控拍照、定时拍摄,,,Bluetooth 6.0，支持低功耗蓝牙，支持 SBC、AAC，支持 LDAC 和 L2HC 高清音频,USB Type-C，支持 USB 2.0,USB Type-C 接口,Huawei Histen、对称立体声,*.mp4,,6.84 英寸,OLED，最高支持 120 Hz 刷新率，2160 Hz 高频 PWM 调光，300 Hz 触控采样率,128 GB / 256 GB / 512 GB ROM,支持最大超级快充 40 W Turbo（10V/4A），兼容 4.5V/5A 或 5V/4.5A 超级快充，兼容 9V/2A 快充。,2.4 GHz 和 5 GHz,支持，星闪 E1.0,,,,,,,,,,,,,,,,,,,,,,,,,,,,,,,,,,,
畅享系列,华为畅享 90m Plus,,https://consumer.huawei.com/cn/phones/changxiang-90m-plus/specs/,166.05 mm,76.58 mm,8.32 mm,约 212 g（含电池）,,,,HD + 1604 × 720 像素,,,,,支持 10 倍数字变焦,最大可支持 8192 × 6144 像素,最大可支持 3840 × 2160 像素,夜景、人像、拍照、录像、专业模式、慢动作、全景、延时摄影、高像素、声控拍照、笑脸抓拍、定时拍摄,,最大可支持 3264 × 2448 像素,最大可支持 3840 × 2160 像素,夜景、人像、拍照、录像、延时摄影、笑脸抓拍、声控拍照、定时拍摄,,,Bluetooth 6.0，支持低功耗蓝牙，支持 SBC、AAC，支持 LDAC 和 L2HC,USB Type-C，支持 USB 2.0,USB Type-C 接口,Huawei Histen,*.mp4,手机（内置电池） × 1,6.67 英寸,LCD，最高支持 120 Hz 刷新率,128 GB / 256 GB ROM,,2.4 GHz 和 5 GHz,支持，星闪 E1.0,128 GB / 256 GB ROM,,,,,,,,,,,,,,,,,,,,,,,,,,,,,,,,,,
Mate 系列,HUAWEI Mate X6,12999,https://consumer.huawei.com/cn/phones/mate-x6/specs/,156.6 mm,折叠：73.78 mm,折叠：9.85 mm（锦纤版）/ 9.9 mm（素皮版）,约 239 克,内屏：7.93 英寸,内屏：10.7 亿色，P3 广色域,内屏：可折叠柔性 OLED，支持 1-120 Hz LTPO 自适应刷新率，1440 Hz 高频 PWM 调光，最高 240 Hz 触控采样率,内屏：2440 × 2240 像素,,,,5000 万像素超光变摄像头（F1.4-F4.0 十档物理可变光圈，RYYB，OIS）,支持 4 倍光学变焦（4 倍变焦为近似值，镜头焦段分别为 24 mm，13 mm，90 mm）,最大可支持 8192 × 6144 像素,最大可支持 3840 × 2160 像素,AI 动态照片、视频 HDR Vivid、风驰闪拍、高画质模式、智能可变光圈、物理光圈可调、夜景模式、超级微距、微距视频、微距画中画、长焦画中画、高像素模式、延时摄影、超大广角、大光圈虚化、人像模式、专业模式、慢动作、全景模式、流光快门、智能滤镜、水印、AI 摄影大师、笑脸抓拍、声控拍照、定时拍照、连拍、后置自拍,内屏前置：800 万像素摄像头（F2.2 光圈）,最大可支持 3264 × 2448 像素,最大可支持 3840 × 2160 像素,AI 动态照片、视频 HDR Vivid、人像模式、延时摄影、智能滤镜、笑脸抓拍、自拍镜像、声控拍照、定时拍摄,,,Bluetooth 5.2，支持低功耗蓝牙，支持 SBC、AAC，支持 LDAC 和 L2HC 高清音频,USB Type-C ，USB 3.1 GEN1,USB Type-C,Huawei Histen，支持立体声,*.mp4,,,,,支持最大超级快充 66 W（11V/6A），兼容 10V/4A 或 10V/2.25A 或 4.5V/5A 或 5V/4.5A 超级快充，兼容 9V/2A 快充，支持 5 W 有线反向充电。,2.4 GHz 和 5 GHz,支持,,HUAWEI Mate X6：第二代昆仑玻璃,12 GB RAM + 256 GB /512 GB ROM,16 GB RAM + 512 GB / 1 TB ROM,自动对焦,LED 闪光灯,电池容量：5110 mAh（典型值）,电池容量：5200 mAh（典型值）,最大支持 50 W 华为无线超级快充，支持 7.5 W 无线反向充电。,HUAWEI Mate X6：北斗卫星消息,,,,,,,,,,,,,,,,,,,,,,,,,
Mate 系列,HUAWEI Mate X7,12999,https://consumer.huawei.com/cn/phones/mate-x7/specs/,,,,,,,,,,,,,,,,,内屏：800 万像素摄像头（F2.2 光圈）,最大可支持 3264 × 2448 像素,,XMAGE 风格、AI 动态照片、视频 HDR Vivid、慢动作、人像模式、延时摄影、笑脸抓拍、自拍镜像、声控拍照、定时拍照,,,,,,Huawei Histen 音效，支持立体声,*.mp4,,,,,,,,,,,,,,,,支持 50 W 华为无线超级快充，支持无线反向充电,,最大可支持 4K（3840 × 2160）视频录制，支持 AIS 防抖,支持最大超级快充 66 W（11V/6A），兼容 20V/3.25A 或 10V/4A 或 10V/2.25A 或 4.5V/5A 或 5V/4.5A 超级快充，兼容 9V/2A 快充，支持 5 W 有线反向充电,,,,,,,,,,,,,,,,,,,,,,,
Mate 系列,HUAWEI Mate XT 非凡大师,,https://consumer.huawei.com/cn/phones/mate-xt-ultimate-design/specs/,156.7 mm,单屏态：73.5 mm,单屏态：12.8 mm,约 298 g,单屏态：6.4 英寸,10.7 亿色，P3 广色域,OLED，支持 LTPO 自适应刷新，1440 Hz 高频 PWM 调光，最高 240 Hz 触控采样率,单屏态：2232 × 1008 像素；双屏态：2232 × 2048 像素；三屏态：2232 × 3184 像素,,,256 GB / 512 GB / 1 TB ROM,5000 万像素超光变摄像头（F1.4~F4.0 光圈，OIS 光学防抖）+ 1200 万像素超广角摄像头（F2.2 光圈）+ 1200 万像素潜望式长焦摄像头（F3.4 光圈，OIS 光学防抖）,支持 5.5 倍光学变焦（5.5 倍变焦为近似值，镜头焦段分别等效为 24 mm，13 mm，125 mm）、50 倍数字变焦,最大可支持 8192 × 6144 像素,最大可支持 3840 × 2160 像素,智能可变光圈、物理光圈 10 档可调、镜像智拍、后置自拍、风驰闪拍、高画质模式、百宝箱、超级微距、微距视频、视频 HDR Vivid、微距画中画、长焦画中画、微电影、音频变焦、高像素模式、延时摄影、超大广角、大光圈虚化、双景录像、超级夜景、人像模式、专业模式、慢动作、全景模式、流光快门、智能滤镜、多机位、水印、文档矫正、AI 摄影大师、动态照片、4D 预测追焦、笑脸抓拍、声控拍照、定时拍照、连拍,800 万像素（F2.2 光圈）,最大可支持 3264 × 2448 像素,最大可支持 3840 × 2160 像素,视频 HDR Vivid、夜景模式、人像模式、全景模式、延时摄影、动态照片、智能滤镜、水印、笑脸抓拍、自拍镜像、声控拍照、定时拍摄,,,Bluetooth 5.2，支持低功耗蓝牙，支持 SBC、AAC，支持 LDAC 和 L2HC 高清音频,USB Type-C，USB 3.1 GEN1，支持 DP1.2,USB Type-C,Huawei Histen、立体声,*.3gp、*.mp4,,,,,,2.4 GHz 和 5 GHz,支持,,,,,支持自动对焦,LED 闪光灯,,,,天通卫星通信,,,16 GB RAM,光学防抖、电子防抖、AIS 防抖,支持,,,,,,,,,,,,,,,,,,,,
Mate 系列,HUAWEI Mate XTs 非凡大师,17999,https://consumer.huawei.com/cn/phones/mate-xts-ultimate-design/specs/,156.7mm,单屏态：73.5 mm,单屏态：12.8 mm,约 298 克,单屏态：6.4 英寸,10.7 亿色，P3 广色域,OLED，支持 LTPO 自适应刷新，1440 Hz 高频 PWM 调光，最高 240 Hz 触控采样率,单屏态：2232 × 1008 像素,,,,5000 万像素超光变摄像头（F1.4-F4.0 十档物理可变光圈，RYYB，OIS 光学防抖）,支持 5.5 倍光学变焦（5.5 倍变焦为近似值，镜头焦段分别等效为 24 mm，13 mm，125 mm）、50 倍数字变焦,最大可支持 8192 × 6144 像素,最大可支持 3840 × 2160 像素,个性色卡*、超清全景*、AI 辅助构图、 AI 超清增强、 AI 动态照片、智能可变光圈、物理光圈 10 档可调、 双屏同显*、后置自拍、闪拍、高画质模式、超级夜景、超级微距、微距视频、视频 HDR Vivid、微距画中画、长焦画中画、音频变焦、高像素模式、延时摄影、超大广角、大光圈虚化、人像模式、专业模式、慢动作、流光快门、水印、AI 摄影大师、笑脸抓拍、声控拍照、定时拍照、连拍。,,最大可支持 3264 × 2448 像素,最大可支持 3840 × 2160 像素,个性色卡*、后置自拍、AI 动态照片、视频 HDR Vivid、夜景模式、人像模式、延时摄影、笑脸抓拍、自拍镜像、声控拍照、定时拍摄,,,Bluetooth 5.2，支持低功耗蓝牙，支持 SBC、AAC，支持 LDAC 和 L2HC 高清音频,USB Type-C，USB 3.1 Gen 1，支持 DP1.2,USB Type-C 接口,Huawei Histen音效，支持立体声,*.mp4,,,,256 GB / 512 GB / 1 TB ROM,手机支持最大超级快充 66 W（11V/6A），兼容 10V/4A 或 10V/2.25A 或4.5V/5A 或 5V/4.5A 超级快充，兼容 9V/2A 快充，支持 5 W 有线反向充电。,2.4 GHz 和 5 GHz,支持,,,,,自动对焦,LED 闪光灯,,,最大支持 50 W 华为无线超级快充，支持 7.5 W 无线反向充电。,天通卫星通信,,,,,,16 GB RAM,800 万像素超广角摄像头（F2.2 光圈）,,,,,,,,,,,,,,,,,,
Mate 系列,HUAWEI Mate 70,,https://consumer.huawei.com/cn/phones/mate70/specs/,160.9 mm,75.9 mm,7.8 mm,约 203 g（含电池）,,,,FHD+ 2688 × 1216 像素,,,256 GB / 512 GB / 1 TB ROM,,支持 5.5 倍光学变焦（5.5 倍变焦为近似值，镜头焦段分别为 24 mm，13 mm，125 mm）、50 倍数字变焦,最大可支持 8192 × 6144 像素,最大支持 4K（3840 × 2160）视频录制,AI 动态照片、视频 HDR Vivid、风驰闪拍、高画质模式、智能可变光圈、物理光圈可调、夜景模式、超级微距、微距视频、微距画中画、长焦画中画、高像素模式、延时摄影、超大广角、大光圈虚化、人像模式、专业模式、慢动作、全景模式、流光快门、智能滤镜、水印、AI 摄影大师、笑脸抓拍、声控拍照、定时拍照、连拍,,最大可支持 4160 × 3120 像素,最大可支持 3840 × 2160 像素,AI 动态照片、视频 HDR Vivid、慢动作、人像模式、延时摄影、智能滤镜、笑脸抓拍、自拍镜像、声控拍照、定时拍照,,,Bluetooth 5.2，支持低功耗蓝牙，支持 SBC、AAC，支持 LDAC 和 L2HC 高清音频,USB Type-C，USB 3.1 Gen 1,USB Type-C 接口,Huawei Histen，支持立体声,*.mp4,,6.7 英寸,OLED，支持 1-120 Hz LTPO 自适应刷新率，1440 Hz 高频 PWM 调光，300 Hz 触控采样率,,,2.4 GHz 和 5 GHz,支持，星闪E1.0,,第二代昆仑玻璃,,,自动对焦,LED 闪光灯,,,,北斗卫星消息,,,12 GB RAM,,,,1300 万像素超广角摄像头（F2.4 光圈）,10.7 亿色，P3 广色域,5000 万像素超光变摄像头（F1.4-F4.0 光圈，OIS 光学防抖）,手机支持最大超级快充 11V/6A，兼容 10V/4A 或 10V/2.25A 或 4.5V/5A 或 5V/4.5A 超级快充，兼容 9V/2A 快充。,支持 50 W 华为无线超级快充，支持无线反向充电。,支持在线查找，离线查找,,,,,,,,,,,,,
Mate 系列,HUAWEI Mate 70 Air,4199,https://consumer.huawei.com/cn/phones/mate70-air/specs/,165.0 mm,81.5 mm,6.6 mm,208 g（含电池）,7 英寸,10.7 亿色，P3 广色域,OLED，2160 Hz 高频 PWM 调光，最高 300 Hz 触控采样率,FHD+ 2760 × 1320 像素,,,256 GB / 512 GB ROM,,支持 3 倍光学变焦（3 倍变焦为近似值，镜头焦段分别为 16 mm，24 mm，69 mm）、30 倍数字变焦,最大可支持 8192 × 6144 像素,最大支持 4K（3840 × 2160）视频录制，支持 AIS 防抖,个性色卡、AI 动态照片、视频 HDR Vivid、风驰闪拍、AI辅助构图、高画质模式、夜景模式、超级微距、微距视频、长焦画中画、高像素模式、延时摄影、超大广角、大光圈虚化、人像模式、专业模式、慢动作、全景模式、流光快门、水印、笑脸抓拍、声控拍照、定时拍照、连拍,,最大可支持 3776 × 2832 像素,最大可支持 3840 × 2160 像素,个性色卡、AI 动态照片、视频 HDR Vivid、慢动作、人像模式、夜景模式、延时摄影、笑脸抓拍、自拍镜像、声控拍照、定时拍照,,,Bluetooth 5.2，支持低功耗蓝牙，支持 SBC、AAC，支持 LDAC 和 L2HC 高清音频,USB Type-C，USB 2.0,USB Type-C 接口,Huawei Histen 音效，支持立体声,*.mp4,,,,,,2.4 GHz 和 5 GHz,支持，星闪E1.0,,,,,自动对焦,LED 闪光灯,,,,北斗卫星通信,,,12 GB / 16 GB RAM,,,,1070 万像素超广角摄像头（F2.2 光圈）,,"5000 万像素 1/1.3"" 超感光大底主摄（F1.8 光圈，OIS 光学防抖）",,,支持在线查找，离线查找，关机查找,,,,,,,,,,,,,
Mate 系列,HUAWEI Mate 70 Pro,6499,https://consumer.huawei.com/cn/phones/mate70-pro/specs/,164.6 mm,79.5 mm,8.2 mm,约 221 g（含电池）,,,,FHD+ 2832 × 1316 像素,,,256 GB / 512 GB / 1 TB ROM,,支持 4 倍光学变焦（4 倍变焦为近似值，镜头焦段分别为 24.5 mm，13 mm，92.5 mm）、100 倍数字变焦,最大可支持 8192 × 6144 像素,最大支持 4K（3840 × 2160）视频录制,AI 动态照片、视频 HDR Vivid、风驰闪拍、高画质模式、智能可变光圈、物理光圈可调、夜景模式、超级微距、微距视频、微距画中画、长焦画中画、高像素模式、延时摄影、超大广角、大光圈虚化、人像模式、专业模式、慢动作、全景模式、流光快门、智能滤镜、水印、AI 摄影大师、笑脸抓拍、声控拍照、定时拍照、连拍,,最大可支持 4160 × 3120 像素,最大可支持 3840 × 2160 像素,AI 动态照片、视频 HDR Vivid、慢动作、人像模式、延时摄影、智能滤镜、笑脸抓拍、自拍镜像、声控拍照、定时拍照,,,Bluetooth 5.2，支持低功耗蓝牙，支持 SBC、AAC，支持 LDAC 和 L2HC 高清音频,USB Type-C，USB 3.1 Gen 1,USB Type-C 接口,Huawei Histen，支持立体声,*.mp4,,6.9 英寸,OLED，支持 1-120 Hz LTPO 自适应刷新率，1440 Hz 高频 PWM 调光，300 Hz 触控采样率,,,2.4 GHz 和 5 GHz,支持，星闪E1.0,,第二代昆仑玻璃,,,自动对焦,LED 闪光灯,,,,北斗卫星消息,,,12 GB / 16 GB RAM,,,,1300 万像素超广角摄像头（F2.4 光圈）,10.7 亿色，P3 广色域,5000 万像素超聚光摄像头（F1.4-F4.0 光圈，OIS 光学防抖）,手机支持最大超级快充 100 W（20V/5A），兼容 20V/4.4A 或 11V/6A 或 10V/4A 或 10V/2.25A 或 4.5V/5A 或 5V/4.5A 超级快充，兼容 9V/2A 快充，支持 18 W 有线反向充电。,支持 80 W 华为无线超级快充，支持 20 W 无线反向充电。,支持在线查找，离线查找，关机查找,,,,,,,,,,,,,
Mate 系列,HUAWEI Mate 70 Pro+,8499,https://consumer.huawei.com/cn/phones/mate70-pro-plus/specs/,164.6 mm,79.5 mm,8.25 mm,约 226 g（含电池）,,,,FHD+ 2832 × 1316 像素,,,512 GB / 1 TB ROM,,支持 4 倍光学变焦（4 倍变焦为近似值，镜头焦段分别为 24 mm，13 mm，92.5 mm）、100 倍数字变焦,最大可支持 8192 × 6144 像素,最大支持 4K（3840 × 2160）视频录制,AI 动态照片、视频 HDR Vivid、风驰闪拍、高画质模式、智能可变光圈、物理光圈可调、夜景模式、超级微距、微距视频、微距画中画、长焦画中画、高像素模式、延时摄影、超大广角、大光圈虚化、人像模式、专业模式、慢动作、全景模式、流光快门、智能滤镜、水印、AI 摄影大师、笑脸抓拍、声控拍照、定时拍照、连拍,,最大可支持 4160 × 3120 像素,最大可支持 3840 × 2160 像素,AI 动态照片、视频 HDR Vivid、慢动作、人像模式、延时摄影、智能滤镜、笑脸抓拍、自拍镜像、声控拍照、定时拍照,,,Bluetooth 5.2，支持低功耗蓝牙，支持 SBC、AAC，支持 LDAC 和 L2HC 高清音频,USB Type-C，USB 3.1 Gen 1,USB Type-C 接口,Huawei Histen，支持立体声,*.mp4,,6.9 英寸,OLED，支持 1-120 Hz LTPO 自适应刷新率，1440 Hz 高频 PWM 调光，300 Hz 触控采样率,,,2.4 GHz 和 5 GHz,支持，星闪E1.0,,第二代昆仑玻璃,,,自动对焦,LED 闪光灯,,,,天通卫星通信、北斗卫星消息,,,16 GB RAM,,,,1300 万像素超广角摄像头（F2.4 光圈）,10.7 亿色，P3 广色域,5000 万像素超聚光摄像头（F1.4-F4.0 光圈，OIS 光学防抖，RYYB 传感器）,手机支持最大超级快充 100 W（20V/5A），兼容 20V/4.4A 或 11V/6A 或 10V/4A 或 10V/2.25A 或 4.5V/5A 或 5V/4.5A 超级快充，兼容 9V/2A 快充，支持 18 W 有线反向充电。,支持 80 W 华为无线超级快充，支持 20 W 无线反向充电。,支持在线查找，离线查找，关机查找,,,,,,,,,,,,,
Mate 系列,HUAWEI Mate 70 Pro 优享版,6199,https://consumer.huawei.com/cn/phones/mate70-pro-youxiangban/specs/,164.6 mm,79.5 mm,8.2 mm,约 221 g（含电池）,,,,FHD+ 2832 × 1316 像素,,,256 GB / 512 GB / 1 TB ROM,,支持 4 倍光学变焦（4 倍变焦为近似值，镜头焦段分别为 24.5 mm，13 mm，92.5 mm）、100 倍数字变焦,最大可支持 8192 × 6144 像素,最大支持 4K（3840 × 2160）视频录制,AI 动态照片、视频 HDR Vivid、风驰闪拍、高画质模式、智能可变光圈、物理光圈可调、夜景模式、超级微距、微距视频、微距画中画、长焦画中画、高像素模式、延时摄影、超大广角、大光圈虚化、人像模式、专业模式、慢动作、全景模式、流光快门、智能滤镜、水印、AI 摄影大师、笑脸抓拍、声控拍照、定时拍照、连拍,,最大可支持 4160 × 3120 像素,最大可支持 3840 × 2160 像素,AI 动态照片、视频 HDR Vivid、慢动作、人像模式、延时摄影、智能滤镜、笑脸抓拍、自拍镜像、声控拍照、定时拍照,,,Bluetooth 5.2，支持低功耗蓝牙，支持 SBC、AAC，支持 LDAC 和 L2HC 高清音频,USB Type-C，USB 3.1 Gen 1,USB Type-C 接口,Huawei Histen，支持立体声,*.mp4,,6.9 英寸,OLED，支持 1-120 Hz LTPO 自适应刷新率，1440 Hz 高频 PWM 调光，300 Hz 触控采样率,,,2.4 GHz 和 5 GHz,支持，星闪E1.0,,第二代昆仑玻璃,,,自动对焦,LED 闪光灯,,,,北斗卫星消息,,,12 GB RAM,,,,1300 万像素超广角摄像头（F2.4 光圈）,10.7 亿色，P3 广色域,5000 万像素超聚光摄像头（F1.4-F4.0 光圈，OIS 光学防抖）,手机支持最大超级快充 100 W（20V/5A），兼容 20V/4.4A 或 11V/6A 或 10V/4A 或 10V/2.25A 或 4.5V/5A 或 5V/4.5A 超级快充，兼容 9V/2A 快充，支持 18 W 有线反向充电。,支持 80 W 华为无线超级快充，支持 20 W 无线反向充电。,支持在线查找，离线查找，关机查找,,,,,,,,,,,,,
Mate 系列,HUAWEI Mate 70 RS 非凡大师,6499,https://consumer.huawei.com/cn/phones/mate70-rs-ultimate-design/specs/,164.6 mm,79.5 mm,8.25 mm,玄黑、皓白：约 251 g（含电池） 瑞红：约 256 g（含电池）,,,,FHD+ 2832 × 1316 像素,,,512 GB / 1 TB ROM,,支持 4 倍光学变焦（4 倍变焦为近似值，镜头焦段分别为 24 mm，13 mm，92.5 mm）、100 倍数字变焦,最大可支持 8192 × 6144 像素,最大支持 4K（3840 × 2160）视频录制,AI 动态照片、视频 HDR Vivid、风驰闪拍、高画质模式、智能可变光圈、物理光圈可调、夜景模式、超级微距、微距视频、微距画中画、长焦画中画、高像素模式、延时摄影、超大广角、大光圈虚化、人像模式、专业模式、慢动作、全景模式、流光快门、智能滤镜、水印、AI 摄影大师、笑脸抓拍、声控拍照、定时拍照、连拍,,最大可支持 4160 × 3120 像素,最大可支持 3840 × 2160 像素,AI 动态照片、视频 HDR Vivid、慢动作、人像模式、延时摄影、智能滤镜、笑脸抓拍、自拍镜像、声控拍照、定时拍照,,,Bluetooth 5.2，支持低功耗蓝牙，支持 SBC、AAC，支持 LDAC 和 L2HC 高清音频,USB Type-C，USB 3.1 Gen 1,USB Type-C 接口,Huawei Histen，支持立体声,*.mp4,,6.9 英寸,双层 OLED，支持 1-120 Hz LTPO 自适应刷新率，1440 Hz 高频 PWM 调光，300 Hz 触控采样率,,,2.4 GHz 和 5 GHz,支持，星闪E1.0,,玄武钢化昆仑玻璃,,,自动对焦,LED 闪光灯,,,,天通卫星通信、北斗卫星消息,,,16 GB RAM,,支持,,1300 万像素超广角摄像头（F2.4 光圈）,10.7 亿色，P3 广色域,5000 万像素超聚光摄像头（F1.4-F4.0 光圈，OIS 光学防抖，RYYB 传感器）,手机支持最大超级快充 100 W（20V/5A），兼容 20V/4.4A 或 11V/6A 或 10V/4A 或 10V/2.25A 或 4.5V/5A 或 5V/4.5A 超级快充，兼容 9V/2A 快充，支持 18 W 有线反向充电。,支持 80 W 华为无线超级快充，支持 20 W 无线反向充电。,支持在线查找，离线查找,,,,,,,,,,,,,
Mate 系列,HUAWEI Mate 80,5499,https://consumer.huawei.com/cn/phones/mate80/specs/,161.85 mm,76 mm,7.95 mm,约 217 g（含电池）,,,,FHD+ 2832 × 1280 像素,,,256 GB / 512 GB ROM,,支持 5.5 倍光学变焦（5.5 倍变焦为近似值，镜头焦段分别为 24 mm，13 mm，125 mm）、50 倍数字变焦,最大可支持 8192 × 6144 像素,最大支持 4K（3840 x 2160）视频录制,XMAGE 风格、AI 辅助构图、电影效果*、舞台模式、超清全景、AI 超清增强、超级夜景、寰宇追月、绚丽星空、星空人像、AI 动态照片、视频 HDR Vivid、视频 Log、拍照 RAW 格式、闪拍、运动防抖、高画质模式、超级微距、微距视频、微距画中画、长焦画中画、高像素模式、延时摄影、超大广角、大光圈虚化、人像模式、专业模式、慢动作、流光快门、水印、AI 摄影大师、笑脸抓拍、声控拍照、定时拍照、连拍,,最大可支持 4160 × 3120 像素,最大可支持 3840 × 2160 像素,XMAGE 风格、AI 动态照片、视频 HDR Vivid、慢动作、人像模式、延时摄影、笑脸抓拍、自拍镜像、声控拍照、定时拍照,,,Bluetooth 6.0，支持低功耗蓝牙，支持 SBC、AAC，支持 LDAC 和 L2HC 高清音频,USB Type-C，USB 3.1 Gen 1,USB Type-C 接口,Huawei Histen，支持立体声,*.mp4,,6.75 英寸,OLED，支持 1-120 Hz LTPO 自适应刷新率，1440 Hz 高频 PWM 调光，300 Hz 触控采样率,,手机支持最大超级快充 66 W（11V/6A），兼容 10V/4A 或 10V/2.25A 或 4.5V/5A 或 5V/4.5A 超级快充，兼容 9V/2A 快充，支持 5 W 有线反向充电。,2.4 GHz 和 5 GHz,支持，星闪 E2.0,,第二代昆仑玻璃,,,自动对焦,LED 闪光灯,,,支持 50 W 华为无线超级快充，支持无线反向充电。,北斗卫星消息,,,12 GB / 16 GB RAM,,,,1300 万像素超广角摄像头（F2.0 光圈，自动对焦）,10.7 亿色，P3 广色域,5000 万像素超光变摄像头（F1.4-F4.0 光圈，OIS 光学防抖，RYYB 传感器）,,,支持在线查找，离线查找，关机查找（关机响铃）,,,,,,,,,,,,,
Mate 系列,HUAWEI Mate 80 Pro,6999,https://consumer.huawei.com/cn/phones/mate80-pro/specs/,161.85 mm,76 mm,7.95 mm,约 219 g（含电池）,,,,FHD+ 2832 × 1280 像素,,,256 GB / 512 GB / 1 TB ROM,,支持 4 倍光学变焦（4 倍变焦为近似值，镜头焦段分别为 24 mm，13 mm，92.5 mm）、8 倍光学品质变焦、100 倍数字变焦,最大可支持 8192 × 6144 像素,最大支持 4K（3840 × 2160）视频录制,XMAGE 风格、AI 辅助构图、电影效果、舞台模式、超清全景、AI 超清增强、超级夜景、寰宇追月、绚丽星空、星空人像、AI 动态照片、视频 HDR Vivid、视频 Log、拍照 RAW 格式、闪拍、运动防抖、高画质模式、超级微距、微距视频、微距画中画、长焦画中画、高像素模式、延时摄影、超大广角、大光圈虚化、人像模式、专业模式、慢动作、流光快门、水印、AI 摄影大师、笑脸抓拍、声控拍照、定时拍照、连拍,,最大可支持 4160 × 3120 像素,最大可支持 3840 × 2160 像素,XMAGE 风格、AI 动态照片、视频 HDR Vivid、慢动作、人像模式、延时摄影、笑脸抓拍、自拍镜像、声控拍照、定时拍照,,,Bluetooth 6.0，支持低功耗蓝牙，支持 SBC、AAC，支持 LDAC 和 L2HC 高清音频,USB Type-C，USB 3.1 Gen 1,USB Type-C 接口,Huawei Histen，支持立体声,*.mp4,,6.75 英寸,OLED，支持 1-120 Hz LTPO 自适应刷新率，1440 Hz 高频 PWM 调光，300 Hz 触控采样率,,手机支持最大超级快充 100 W（20V/5A），兼容 20V/4.4A 或 11V/6A 或 10V/4A 或 10V/2.25A 或 4.5V/5A 或 5V/4.5A 超级快充，兼容 9V/2A 快充，支持 18 W 有线反向充电。,2.4 GHz 和 5 GHz,支持，星闪 E2.0,,第二代昆仑玻璃,,,自动对焦,LED 闪光灯,,,支持 80 W 华为无线超级快充，支持无线反向充电。,北斗卫星消息,,,12 GB / 16 GB RAM,,,,1300 万像素超广角摄像头（F2.0 光圈，自动对焦）,10.7 亿色，P3 广色域,5000 万像素超聚光摄像头（F1.4-F4.0 光圈，OIS 光学防抖，RYYB 传感器）,,,支持在线查找，离线查找，关机查找（关机响铃）,,,,,,,,,,,,,
Mate 系列,HUAWEI Mate 80 Pro Max,8999,https://consumer.huawei.com/cn/phones/mate80-pro-max/specs/,164.4 mm,79 mm,8.25 mm,约 239 g（含电池）,,,,FHD+ 2848 × 1320 像素,,,512 GB / 1 TB ROM,,支持 4 倍和 6.2 倍光学变焦（4 倍、6.2 倍变焦为近似值，镜头焦段分别为 24 mm，13 mm，90.5 mm，140 mm）、12.4 倍光学品质变焦、100 倍数字变焦,最大可支持 8192 × 6144 像素,最大支持 4K（3840 × 2160）视频录制,XMAGE 风格、AI 辅助构图、电影效果、舞台模式、超清全景、AI 超清增强、超级夜景、寰宇追月、绚丽星空、星空人像、AI 动态照片、视频 HDR Vivid、视频 Log、拍照 RAW 格式、闪拍、运动防抖、高画质模式、超级微距、微距视频、微距画中画、长焦画中画、高像素模式、延时摄影、超大广角、大光圈虚化、人像模式、专业模式、慢动作、流光快门、水印、AI 摄影大师、笑脸抓拍、声控拍照、定时拍照、连拍,,最大可支持 4160 × 3120 像素,最大可支持 3840 × 2160 像素,XMAGE 风格、AI 动态照片、视频 HDR Vivid、慢动作、人像模式、延时摄影、笑脸抓拍、自拍镜像、声控拍照、定时拍照,,,Bluetooth 6.0，支持低功耗蓝牙，支持 SBC、AAC，支持 LDAC 和 L2HC 高清音频,USB Type-C，USB 3.1 Gen 1,USB Type-C 接口,Huawei Histen，支持立体声,*.mp4,,6.9 英寸,双层 OLED，支持 1-120 Hz LTPO 自适应刷新率，1440 Hz 高频 PWM 调光，300 Hz 触控采样率,,手机支持最大超级快充 100 W（20V/5A），兼容 20V/4.4A 或 11V/6A 或 10V/4A 或 10V/2.25A 或 4.5V/5A 或 5V/4.5A 超级快充，兼容 9V/2A 快充，支持 18 W 有线反向充电。,2.4 GHz 和 5 GHz,支持，星闪 E2.0,,第二代昆仑玻璃,,,自动对焦,LED 闪光灯,,,支持 80 W 华为无线超级快充，支持无线反向充电。,天通卫星通信、北斗卫星消息,,,16 GB RAM,,,,1300 万像素超广角摄像头（F2.0 光圈，自动对焦）,10.7 亿色，P3 广色域,5000 万像素超高动态摄像头（F1.4-F4.0 光圈，OIS 光学防抖，RYYB 传感器）,,,支持在线查找，离线查找，关机查找（关机响铃）,,,,,,,,,,,,,
Mate 系列,HUAWEI Mate 80 Pro Max 风驰版,9499,https://consumer.huawei.com/cn/phones/mate80-pro-max-fengchiban/specs/,164.4 mm,79 mm,8.25 mm,约 239 g（含电池）,6.9 英寸,10.7 亿色，P3 广色域,双层 OLED，支持 1-120 Hz LTPO 自适应刷新率，1440 Hz 高频 PWM 调光，300 Hz 触控采样率,FHD+ 2848 × 1320 像素,,,512 GB / 1 TB ROM,,支持 4 倍光学变焦(4 倍变焦为近似值，镜头焦段分别为 24 mm，13 mm，90.5 mm）、100 倍数字变焦,最大可支持 8192 × 6144 像素,最大支持 4K（3840 × 2160）视频录制,XMAGE 风格、AI 辅助构图、电影效果、舞台模式、超清全景、AI 超清增强、超级夜景、寰宇追月、绚丽星空、星空人像、AI 动态照片、视频 HDR Vivid、视频 Log、拍照 RAW 格式、闪拍、运动防抖、高画质模式、超级微距、微距视频、微距画中画、长焦画中画、高像素模式、延时摄影、超大广角、大光圈虚化、人像模式、专业模式、慢动作、流光快门、水印、AI 摄影大师、笑脸抓拍、声控拍照、定时拍照、连拍,,最大可支持 4160 × 3120 像素,最大可支持 3840 × 2160 像素,XMAGE 风格、AI 动态照片、视频 HDR Vivid、慢动作、人像模式、延时摄影、笑脸抓拍、自拍镜像、声控拍照、定时拍照,,,Bluetooth 6.0，支持低功耗蓝牙，支持 SBC、AAC，支持 LDAC 和 L2HC 高清音频,USB Type-C，USB 3.1 Gen 1,USB Type-C 接口,Huawei Histen，支持立体声,*.mp4,,,,,手机支持最大超级快充 100 W (20V/5A)，兼容 20V/4.4A 或 11V/6A 或 10V/4A 或 10V/2.25A 或 4.5V/5A 或 5V/4.5A 超级快充，兼容 9V/2A 快充，支持 18 W 有线反向充电。,2.4 GHz 和 5 GHz,支持，星闪 E2.0,,第二代昆仑玻璃,,,自动对焦,LED 闪光灯,,,支持 80 W 华为无线超级快充，支持无线反向充电。,天通卫星通信、北斗卫星消息,,,16 GB RAM,,,,1300 万像素超广角摄像头（F2.0 光圈，自动对焦）,,5000 万像素超高动态摄像头（F1.4-F4.0 光圈，OIS 光学防抖，RYYB 传感器）,,,支持在线查找，离线查找，关机查找（关机响铃）,,,,,,,,,,,,,
Mate 系列,HUAWEI Mate 80 RS 非凡大师,11999,https://consumer.huawei.com/cn/phones/mate80-rs-ultimate-design/specs/,164.4 mm,79 mm,8.25 mm,约 249 g（含电池）,,,,FHD+ 2848 × 1320 像素,,,512 GB / 1 TB ROM,,支持 4 倍和 6.2 倍光学变焦（4 倍、6.2 倍变焦为近似值，镜头焦段分别为 24 mm，13 mm，90.5 mm，140 mm）、12.4 倍光学品质变焦、100 倍数字变焦,最大可支持 8192 × 6144 像素,最大支持 4K（3840 × 2160）视频录制,XMAGE 风格、AI 辅助构图、电影效果、舞台模式、超清全景、AI 超清增强、超级夜景、寰宇追月、绚丽星空、星空人像、AI 动态照片、视频 HDR Vivid、视频 Log、拍照 RAW 格式、闪拍、运动防抖、高画质模式、超级微距、微距视频、微距画中画、长焦画中画、高像素模式、延时摄影、超大广角、大光圈虚化、人像模式、专业模式、慢动作、流光快门、水印、AI 摄影大师、笑脸抓拍、声控拍照、定时拍照、连拍,,最大可支持 4160 × 3120 像素,最大可支持 3840 × 2160 像素,XMAGE 风格、AI 动态照片、视频 HDR Vivid、慢动作、人像模式、延时摄影、笑脸抓拍、自拍镜像、声控拍照、定时拍照,,,Bluetooth 6.0，支持低功耗蓝牙，支持 SBC、AAC，支持 LDAC 和 L2HC 高清音频,USB Type-C，USB 3.1 Gen 1,USB Type-C 接口,Huawei Histen，支持立体声,*.mp4,,6.9 英寸,双层 OLED，支持 1-120 Hz LTPO 自适应刷新率，1440 Hz 高频 PWM 调光，300 Hz 触控采样率,,手机支持最大超级快充 100 W（20V/5A），兼容 20V/4.4A 或 11V/6A 或 10V/4A 或 10V/2.25A 或 4.5V/5A 或 5V/4.5A 超级快充，兼容 9V/2A 快充，支持 18 W 有线反向充电。,2.4 GHz 和 5 GHz,支持，星闪 E2.0,,第三代玄武钢化昆仑玻璃,,,自动对焦,LED 闪光灯,,,支持 80 W 华为无线超级快充，支持无线反向充电。,天通卫星通信、北斗卫星消息,,,20 GB RAM,,,,1300 万像素超广角摄像头（F2.0 光圈，自动对焦）,10.7 亿色，BT.2020 超广色域,5000 万像素超高动态摄像头（F1.4-F4.0 光圈，OIS 光学防抖，RYYB 传感器）,,,支持在线查找，离线查找，关机查找（关机响铃）,,,,,,,,,,,,,
nova 系列,HUAWEI nova 14,,https://consumer.huawei.com/cn/phones/nova14/specs/,161.73 mm,75.48 mm,7.18 mm,约 192 克（含电池）,,,,FHD+ 2412 × 1084 像素,,,,5000 万像素 RYYB 超感知镜头（F1.9 光圈）,支持 3 倍光学变焦（3 倍变焦为近似值，镜头焦段分别为 16 mm，23 mm，69 mm）,最大可支持 8192 × 6144 像素,最大可支持 3840 × 2160 像素,大光圈、夜景、人像、拍照、录像、短视频、专业模式、慢动作、全景、延时摄影、超级微距、高像素、声控拍照、笑脸抓拍、定时拍摄、自动添加水印、动态照片、滤镜、扫码、人像追焦、人像留色、人像虚化,,最大可支持 8192 × 6144 像素,最大可支持 3840 × 2160 像素,夜景、人像、拍照、录像、短视频、延时摄影、全景、慢动作、高像素、自动添加水印、动态照片、自拍镜像、笑脸抓拍、声控拍照、定时拍摄、滤镜、美颜,,,Bluetooth 5.2，支持低功耗蓝牙，支持 SBC、AAC，支持 LDAC 和 L2HC 高清音频,USB Type-C，支持 USB 2.0,USB Type-C 接口,Huawei Histen、立体声,*.mp4,,6.7 英寸,OLED，支持 120 Hz 刷新率，2160 Hz 高频 PWM 调光，300 Hz 触控采样率,256 GB / 512 GB ROM,,2.4 GHz 和 5 GHz,,,,,,,,,,,,,,,,,,,10.7 亿色，P3 广色域,,,,,,,,,,,,,,,,,
nova 系列,HUAWEI nova 14 活力版,2399,https://consumer.huawei.com/cn/phones/nova14-huoliban/specs/,161.75 mm,75.49 mm,7.15 mm,约 191 克（含电池）,,,,FHD+ 2412 × 1084 像素,,,,5000 万像素 RYYB 超感知镜头（F1.9 光圈）,支持 10 倍数字变焦,最大可支持 8192 × 6144 像素,最大可支持 3840 × 2160 像素,大光圈、夜景、人像、拍照、录像、短视频、专业模式、慢动作、全景、延时摄影、超级微距、高像素、声控拍照、笑脸抓拍、定时拍摄、自动添加水印、动态照片、滤镜、扫码、人像追焦、人像留色、人像虚化,,最大可支持 8192 × 6144 像素,最大可支持 3840 × 2160 像素,夜景、人像、拍照、录像、短视频、延时摄影、全景、慢动作、高像素、自动添加水印、动态照片、自拍镜像、笑脸抓拍、声控拍照、定时拍摄、滤镜、美颜,,,Bluetooth 5.2，支持低功耗蓝牙，支持 SBC、AAC，支持 LDAC 和 L2HC 高清音频,USB Type-C，支持 USB 2.0,USB Type-C 接口,Huawei Histen、立体声,*.mp4,,6.7 英寸,OLED，支持 120 Hz 刷新率，2160 Hz 高频 PWM 调光，300 Hz 触控采样率,256 GB / 512 GB ROM,,2.4 GHz 和 5 GHz,,,,,,,,,,,,,,,,,,,10.7 亿色，P3 广色域,,,,,不支持,,,,,,,,,,,,
nova 系列,HUAWEI nova 14 Pro,,https://consumer.huawei.com/cn/phones/nova14-pro/specs/,163.4 mm,75.0 mm,7.68 mm,普通版：约 207 克（含电池） 昆仑版：约 204 克（含电池）,,,,FHD+ 2776 × 1224 像素,,,,5000 万像素 RYYB 可变光圈防抖镜头（F1.4-F4.0 光圈，OIS 光学防抖，RYYB 传感器）,支持 3 倍光学变焦（3 倍变焦为近似值，镜头焦段分别为 16 mm，24 mm，69 mm）,最大可支持 8192 × 6144 像素,最大可支持 3840 × 2160 像素,AI 动态照片、视频 HDR Vivid、风驰闪拍、智能可变光圈、物理光圈可调、夜景模式、超级微距、微距视频、微距画中画、长焦画中画、高像素模式、延时摄影、超大广角、大光圈虚化、人像模式、专业模式、慢动作、全景模式、滤镜、AI 摄影大师、笑脸抓拍、声控拍照、连拍、定时拍摄、自动添加水印、短视频、人像追焦、人像留色、人像虚化、风噪抑制,,最大可支持 8192 × 6144 像素,最大可支持 3840 × 2160 像素,AI 动态照片、视频 HDR Vivid、风驰闪拍、慢动作、人像模式、原生、质感、妆感、延时摄影、滤镜、笑脸抓拍、自拍镜像、声控拍照、夜景模式、延时摄影、高像素、自动添加水印、定时拍摄、短视频、近物对焦、风噪抑制,,,Bluetooth 5.2，支持低功耗蓝牙，支持 SBC、AAC，支持 LDAC 和 L2HC 高清音频,USB Type-C，支持 USB 2.0,USB Type-C 接口,Huawei Histen、立体声,*.mp4,,6.78 英寸,OLED，支持 1-120 Hz LTPO 自适应刷新率，2160 Hz 高频 PWM 调光，300 Hz 触控采样率,256 GB / 512 GB / 1 TB ROM,,2.4 GHz 和 5 GHz,,,,,,,,,,,,,,,,,,,10.7 亿色，P3 广色域,,,,,2 倍光学变焦,,,,,,,,,,,,
nova 系列,HUAWEI nova 14 Ultra,4199,https://consumer.huawei.com/cn/phones/nova14-ultra/specs/,163.4 mm,75.6 mm,7.78 mm,约 204 克（含电池）,,,,FHD+ 2860 × 1272 像素,,,,5000 万像素 RYYB 可变光圈防抖镜头（F1.4-F4.0 光圈，OIS 光学防抖，RYYB 传感器）,后置摄像头：支持 3.7 倍光学变焦（3.7 倍变焦为近似值，镜头焦段分别为 13 mm，24 mm，88 mm）,最大可支持 8192 × 6144 像素,最大可支持 3840 × 2160 像素,AI 动态照片、视频 HDR Vivid、风驰闪拍、智能可变光圈、物理光圈可调、夜景模式、超级微距、微距视频、微距画中画、长焦画中画、高像素模式、延时摄影、超大广角、大光圈虚化、人像模式、专业模式、慢动作、全景模式、滤镜、AI 摄影大师、笑脸抓拍、声控拍照、连拍、定时拍摄、自动添加水印、短视频、人像追焦、人像留色、人像虚化、风噪抑制,,最大可支持 8192 × 6144 像素,最大可支持 3840 × 2160 像素,AI动态照片、视频 HDR Vivid、风驰闪拍、慢动作、人像模式、原生、质感、妆感、延时摄影、滤镜、笑脸抓拍、自拍镜像、声控拍照、夜景模式、延时摄影、高像素、自动添加水印、定时拍摄、短视频、近物对焦、风噪抑制,,,Bluetooth 5.2，支持低功耗蓝牙，支持 SBC、AAC，支持 LDAC 和 L2HC 高清音频,USB Type-C，支持 USB 2.0,USB Type-C 接口,Huawei Histen、立体声,*.mp4,,6.81 英寸,OLED，支持 1-120 Hz LTPO 三分区自适应局部刷新率，2160 Hz 高频 PWM 调光，300 Hz 触控采样率,256 GB / 512 GB / 1 TB ROM,,2.4 GHz 和 5 GHz,,,,,,,,,,,,,,,,,,,10.7 亿色，P3 广色域,,,,,2 倍光学变焦,,,,,,,,,,,,
nova 系列,HUAWEI nova 15,2999,https://consumer.huawei.com/cn/phones/nova15/specs/,161.87 mm,75.5 mm,7.2 mm,约 196 克（含电池）,,,,FHD+ 2412 × 1084 像素,麒麟8020,,,5000 万像素超高清镜头（F1.9 光圈）,支持 3 倍光学变焦（3 倍变焦为近似值，镜头焦段分别为 23 mm，69 mm）,最大可支持 8192 × 6144 像素,最大可支持 3840 × 2160 像素,个性色卡、AI 辅助构图、舞台模式、AI 云增强、AI 动态照片、视频 HDR Vivid、风驰闪拍、夜景模式、长焦画中画、高像素模式、延时摄影、人像模式、专业模式、慢动作、全景模式、AI 摄影大师、笑脸抓拍、声控拍照、连拍、定时拍摄、自动添加水印、短视频、人像追焦、人像留色、人像虚化、风噪抑制,,最大可支持 8192 × 6144 像素,最大可支持 4K（3840 × 2160）视频录制，支持 AIS 防抖,个性色卡、AI 云增强、AI 动态照片、视频 HDR Vivid、慢动作、人像模式、原生、质感、妆感、延时摄影、笑脸抓拍、自拍镜像、声控拍照、夜景模式、高像素、自动添加水印、定时拍摄、风噪抑制,,,Bluetooth 6.0，支持低功耗蓝牙，支持 SBC、AAC，支持 LDAC 和 L2HC 高清音频,USB Type-C，支持 USB 2.0,USB Type-C 接口,Huawei Histen、立体声,*.mp4,,6.7 英寸,OLED，支持 120 Hz 刷新率，2160 Hz 高频 PWM 调光，300 Hz 触控采样率,256 GB / 512 GB ROM,手机支持最大超级快充 100 W（20V/5A），兼容 11V/6A 或 10V/4A 或 10V/2.25A 或 4.5V/5A 或 5V/4.5A 超级快充，兼容 9V/2A 快充,2.4 GHz 和 5 GHz,支持，星闪 E1.0,,铝硅玻璃,,,自动对焦,LED 闪光灯,,,,,,,,,,,,10.7 亿色，P3 广色域,,,,,,,,,,,,,,,,,
nova 系列,HUAWEI nova 15 Pro,3799,https://consumer.huawei.com/cn/phones/nova15-pro/specs/,163 mm,78 mm,6.9 mm,约 202 克（含电池）,,,,FHD+ 2856 × 1320 像素,麒麟9010S,,,5000 万像素 RYYB 超感知防抖镜头（F1.8 光圈，OIS 光学防抖，RYYB 传感器）,支持 3 倍光学变焦（3 倍变焦为近似值，镜头焦段分别为 13 mm，24 mm，69 mm）,最大可支持 8192 × 6144 像素,最大可支持 3840 × 2160 像素,个性色卡、AI 辅助构图、舞台模式、AI 云增强、AI 动态照片、视频 HDR Vivid、风驰闪拍、夜景模式、超级微距、微距视频、微距画中画、长焦画中画、高像素模式、延时摄影、超大广角、大光圈虚化、人像模式、专业模式、慢动作、全景模式、AI 摄影大师、笑脸抓拍、声控拍照、连拍、定时拍摄、自动添加水印、短视频、人像追焦、人像留色、人像虚化、风噪抑制,,最大可支持 8192 × 6144 像素,最大可支持 4K（3840 × 2160）视频录制，支持 AIS 防抖,个性色卡、AI 云增强、AI 动态照片、视频 HDR Vivid、风驰闪拍、慢动作、人像模式、原生、质感、妆感、延时摄影、笑脸抓拍、自拍镜像、声控拍照、夜景模式、高像素、自动添加水印、定时拍摄、短视频、近物对焦、风噪抑制,,,Bluetooth 6.0，支持低功耗蓝牙，支持 SBC、AAC，支持 LDAC 和 L2HC 高清音频,USB Type-C，支持 USB 2.0,USB Type-C 接口,Huawei Histen、立体声,*.mp4,,6.84 英寸,OLED，支持 1-120 Hz LTPO 自适应刷新率，2160 Hz 高频 PWM 调光，300 Hz 触控采样率,256 GB / 512 GB ROM,手机支持最大超级快充 100 W（20V/5A），兼容 11V/6A 或 10V/4A 或 10V/2.25A 或 4.5V/5A 或 5V/4.5A 超级快充，兼容 9V/2A 快充,2.4 GHz 和 5 GHz,支持，星闪 E2.0,,昆仑玻璃,,,自动对焦,LED 闪光灯,,,,,,,,,,,,10.7 亿色，P3 广色域,,,,,,,,,,,,,,,,,
nova 系列,HUAWEI nova 15 Ultra,4499,https://consumer.huawei.com/cn/phones/nova15-ultra/specs/,163 mm,78 mm,6.8 mm,约 209 克（含电池）,,,,FHD+ 2856 × 1320 像素,麒麟9010S,,,5000 万像素 RYYB 可变光圈防抖镜头（F1.4-F4.0 光圈，OIS 光学防抖，RYYB 传感器）,支持 3.7 倍光学变焦（3.7 倍变焦为近似值，镜头焦段分别为 13 mm，24 mm，88 mm）,最大可支持 8192 × 6144 像素,最大支持 4K（3840 × 2160）视频录制，支持 AIS 防抖,个性色卡、AI 辅助构图、舞台模式、AI 云增强、AI 动态照片、视频 HDR Vivid、风驰闪拍、智能可变光圈、物理光圈可调、夜景模式、超级微距、微距视频、微距画中画、长焦画中画、高像素模式、延时摄影、超大广角、大光圈虚化、人像模式、专业模式、慢动作、全景模式、AI 摄影大师、笑脸抓拍、声控拍照、连拍、定时拍摄、自动添加水印、短视频、人像追焦、人像留色、人像虚化、风噪抑制,,最大可支持 8192 × 6144 像素,最大可支持 4K（3840 × 2160）视频录制，支持 AIS 防抖,个性色卡、AI 云增强、AI 动态照片、视频 HDR Vivid、风驰闪拍、慢动作、人像模式、原生、质感、妆感、延时摄影、笑脸抓拍、自拍镜像、声控拍照、夜景模式、高像素、自动添加水印、定时拍摄、短视频、近物对焦、风噪抑制,,,Bluetooth 6.0，支持低功耗蓝牙，支持 SBC、AAC，支持 LDAC 和 L2HC 高清音频,USB Type-C，支持 USB 2.0,USB Type-C 接口,Huawei Histen、立体声,*.mp4,,6.84 英寸,OLED，支持 1-120 Hz LTPO 自适应刷新率，2160 Hz 高频 PWM 调光，300 Hz 触控采样率,256 GB / 512 GB / 1 TB ROM,手机支持最大超级快充 100 W（20V/5A），兼容 11V/6A 或 10V/4A 或 10V/2.25A 或 4.5V/5A 或 5V/4.5A 超级快充，兼容 9V/2A 快充,2.4 GHz 和 5 GHz,支持，星闪 E2.0,,昆仑玻璃（256 GB 和 512 GB ROM 版本） 玄武钢化昆仑玻璃（1 TB ROM 版本）,,,自动对焦,双 LED 闪光灯,,,支持 50 W 华为无线超级快充，支持 7.5 W 无线反向充电,,,,,,,,,10.7 亿色，P3 广色域,,,,,,,,,,,,,,,,,
nova 系列,HUAWEI nova 16,2999,https://consumer.huawei.com/cn/phones/nova16/specs/,159.6 mm,75.5 mm,7.3 mm,约 199 克（含电池）,,,,FHD+ 2800 × 1280像素,麒麟9010S,,,5000 万像素超高清镜头（F1.9 光圈）,支持 3.3 倍光学变焦（3.3 倍变焦为近似值，镜头焦段分别为 23 mm，88 mm）,最大可支持 8192 × 6144 像素,最大可支持 3840 × 2160 像素,寰宇追月、录中闪拍、人像模式(原生、质感、妆感)、端侧 AI 长焦增强*、个性色卡、AI 辅助构图、舞台模式、AI 云增强、AI 动态照片、视频 HDR Vivid、风驰闪拍、夜景模式、长焦画中画、高像素模式、延时摄影、专业模式、慢动作、全景模式、AI 摄影大师、笑脸抓拍、声控拍照、连拍、定时拍摄、自动添加水印、短视频、人像追焦、人像留色、人像虚化、风噪抑制,5000 万像素超清人像镜头（F2.4 光圈）,最大可支持 8192 × 6144 像素,最大可支持 3840 × 2160 像素,录中闪拍、个性色卡、AI 云增强、AI 动态照片、视频 HDR Vivid、慢动作、人像模式(原生、质感、妆感)、延时摄影、笑脸抓拍、自拍镜像、声控拍照、夜景模式、高像素、自动添加水印、定时拍摄、风噪抑制,,,蓝牙 6.0，支持低功耗蓝牙，支持 SBC、AAC，支持 LDAC 和 L2HC 高清音频,USB Type-C，支持 USB 2.0,USB Type-C 接口,Huawei Histen,*.mp4,,6.68 英寸,OLED，支持 120 Hz 刷新率，2160 Hz 高频 PWM 调光，300 Hz 触控采样率,256 GB / 512 GB,支持最大超级快充 100 W（20V/5A），兼容 11V/6A 或 10V/4A 或 10V/2.25A 或 4.5V/5A 或 5V/4.5A 超级快充，兼容 9V/2A 快充。,2.4 GHz 和 5 GHz,支持，星闪 E2.0,,铝硅玻璃,,,自动对焦,LED 闪光灯,,,不支持,,,,,,,,,10.7 亿色，P3 广色域,,,,支持在线查找，离线查找，关机查找,,,,,,,,,,,,,
nova 系列,HUAWEI nova 16 Pro,3899,https://consumer.huawei.com/cn/phones/nova16-pro/specs/,163 mm,78 mm,7.1 mm,约 218 g（含电池）,,,,FHD+ 2856 × 1320 像素,麒麟9010S,,,2 亿像素 RYYB 超高清大底防抖镜头（F1.8 光圈，OIS 光学防抖）,支持 3.7 倍光学变焦（3.7 倍变焦为近似值，镜头焦段分别为 23 mm，13 mm，88 mm）,最大可支持 16384 × 12288 像素,最大可支持 3840 × 2160 像素,寰宇追月、录中闪拍、人像模式(原生、质感、妆感)、端侧 AI 长焦增强*、个性色卡、AI 辅助构图、舞台模式、AI 云增强、AI 动态照片、视频 HDR Vivid、风驰闪拍、夜景模式、超级微距、微距视频、微距画中画、长焦画中画、高像素模式、延时摄影、超大广角、大光圈虚化、专业模式、慢动作、全景模式、AI 摄影大师、笑脸抓拍、声控拍照、连拍、定时拍摄、自动添加水印、短视频、人像追焦、人像留色、人像虚化、风噪抑制,5000 万像素超清人像镜头（F2.4 光圈）,最大可支持 8192 × 6144 像素,最大可支持 3840 × 2160 像素,录中闪拍、个性色卡、AI 云增强、AI 动态照片、视频 HDR Vivid、慢动作、人像模式(原生、质感、妆感)、延时摄影、笑脸抓拍、自拍镜像、声控拍照、夜景模式、高像素、自动添加水印、定时拍摄、短视频、风噪抑制,,,蓝牙 6.0，支持低功耗蓝牙，支持 SBC、AAC，支持 LDAC 和 L2HC 高清音频,USB Type-C，支持 USB 2.0,USB Type-C 接口,Huawei Histen,*.mp4,,6.84 英寸,OLED，支持 1-120 Hz LTPO 自适应刷新率，2160 Hz 高频 PWM 调光，300 Hz 触控采样率,256 GB / 512 GB / 1 TB,支持最大超级快充 100 W（20V/5A），兼容 11V/6A 或 10V/4A 或 10V/2.25A 或 4.5V/5A 或 5V/4.5A 超级快充，兼容 9V/2A 快充。,2.4 GHz 和 5 GHz,支持，星闪 E2.0,,昆仑玻璃,,,自动对焦,LED 闪光灯,,,不支持,,,,,,,,,10.7 亿色，P3 广色域,,,,支持在线查找，离线查找，关机查找,,,,,,,,,,,,,
nova 系列,HUAWEI nova 16 SE,2499,https://consumer.huawei.com/cn/phones/nova16-se/specs/,163.3 mm,78 mm,7.98 mm,约 229 g（含电池）,,,,FHD+ 2756 × 1272,,,,5000 万像素超感知摄像头（F1.9 光圈，RYYB 传感器）,支持 10 倍数字变焦,最大可支持 8192 × 6144 像素,最大可支持 3840 × 2160 像素,夜景、人像、拍照、录像、专业模式、慢动作、全景、延时摄影、高像素、声控拍照、笑脸抓拍、定时拍摄、短视频,3200 万像素（F2.2 光圈）,最大可支持 6528 × 4896 像素,最大可支持 3840 × 2160 像素,夜景、人像、拍照、录像、延时摄影、笑脸抓拍、声控拍照、定时拍摄、短视频、高像素、慢动作,,,Bluetooth 6.0，支持低功耗蓝牙，支持 SBC、AAC，支持 LDAC 和 L2HC 高清音频,USB Type-C，支持 USB 2.0,USB Type-C 接口,Huawei Histen、对称立体声,*.mp4,,6.84 英寸,OLED，最高支持 120 Hz 刷新率，2160 Hz 高频 PWM 调光，300 Hz 触控采样率,128G / 256 GB / 512 GB,,2.4 GHz 和 5 GHz,支持，星闪 E2.0,,,,,自动对焦,LED 闪光灯,,,,,,,,,,,,10.7 亿色，P3 广色域,,,,支持在线查找，离线查找，关机查找,,128G / 256 GB / 512 GB,,,,,,,,,,,
nova 系列,HUAWEI nova 16 Ultra,4699,https://consumer.huawei.com/cn/phones/nova16-ultra/specs/,163 mm,78 mm,7.1 mm,约 220 g（含电池）,,,,FHD+ 2856 × 1320 像素,麒麟9010S,,,2 亿像素 RYYB 超高清大底防抖镜头（F1.8 光圈，OIS 光学防抖）,支持 3.7 倍光学变焦（3.7 倍变焦为近似值，镜头焦段分别为 23 mm，13 mm，88 mm）,最大可支持 16384 × 12288 像素,最大可支持 3840 × 2160 像素,寰宇追月、录中闪拍、人像模式(原生、质感、妆感)、端侧 AI 长焦增强*、个性色卡、AI 辅助构图、舞台模式、AI 云增强、AI 动态照片、视频 HDR Vivid、风驰闪拍、夜景模式、超级微距、微距视频、微距画中画、长焦画中画、高像素模式、延时摄影、超大广角、大光圈虚化、专业模式、慢动作、全景模式、AI 摄影大师、笑脸抓拍、声控拍照、连拍、定时拍摄、自动添加水印、短视频、人像追焦、人像留色、人像虚化、风噪抑制,5000 万像素超聚光人像镜头（F2.0 光圈）,最大可支持 8192 × 6144 像素,最大可支持 3840 × 2160 像素,录中闪拍、个性色卡、AI 云增强、AI 动态照片、视频 HDR Vivid、风驰闪拍、慢动作、人像模式(原生、质感、妆感)、延时摄影、笑脸抓拍、自拍镜像、声控拍照、夜景模式、高像素、自动添加水印、定时拍摄、短视频、近物对焦、风噪抑制,,,蓝牙 6.0，支持低功耗蓝牙，支持 SBC、AAC，支持 LDAC 和 L2HC 高清音频,USB Type-C，支持 USB 2.0,USB Type-C 接口,Huawei Histen,*.mp4,,6.84 英寸,OLED，支持 1-120 Hz LTPO 自适应刷新率，2160 Hz 高频 PWM 调光，300 Hz 触控采样率,256 GB / 512 GB / 1 TB,支持最大超级快充 100 W（20V/5A），兼容 11V/6A 或 10V/4A 或 10V/2.25A 或 4.5V/5A 或 5V/4.5A 超级快充，兼容 9V/2A 快充。,2.4 GHz 和 5 GHz,支持，星闪 E2.0,,昆仑玻璃,,,自动对焦,LED 闪光灯,,,支持 50 W 华为无线超级快充，支持 7.5 W 无线反向充电。,,,,,,,,,10.7 亿色，P3 广色域,,,,支持在线查找，离线查找，关机查找,,,,,,,,,,,,,
nova 系列,HUAWEI nova 16z,2699,https://consumer.huawei.com/cn/phones/nova16-z/specs/,161.79 mm,75.47 mm,7.19 mm,约 196.5 g（含电池）,,,,FHD+ 2412 × 1084像素,麒麟8020,,,5000 万像素超高清镜头（F1.9 光圈）,支持 3 倍光学变焦（3 倍变焦为近似值，镜头焦段分别为 23 mm，69 mm）,最大可支持 8192 × 6144 像素,最大可支持 3840 × 2160 像素,录中闪拍*、人像模式(原生、质感、妆感)*、个性色卡、AI 辅助构图、舞台模式、AI 云增强、AI 动态照片、视频 HDR Vivid、风驰闪拍、夜景模式、长焦画中画、高像素模式、延时摄影、专业模式、慢动作、全景模式、AI 摄影大师、笑脸抓拍、声控拍照、连拍、定时拍摄、自动添加水印、短视频、人像追焦、人像留色、人像虚化、风噪抑制,5000 万像素超清人像镜⁠头（F2.4 光圈）,最大可支持 8192 × 6144像素,最大可支持 3840 × 2160 像素,录中闪拍、个性色卡、AI 云增强、AI 动态照片、视频 HDR Vivid、慢动作、人像模式(原生、质感、妆感)、延时摄影、笑脸抓拍、自拍镜像、声控拍照、夜景模式、高像素、自动添加水印、定时拍摄、风噪抑制,,,蓝牙 6.0，支持低功耗蓝牙，支持 SBC、AAC，支持 LDAC 和 L2HC 高清音频,USB Type-C，支持 USB 2.0,USB Type-C 接口,Huawei Histen,*.mp4,,6.7 英寸,OLED，支持 120 Hz 刷新率，2160 Hz 高频 PWM 调光，300 Hz 触控采样率,256 GB / 512 GB,支持最大超级快充 100 W（20V/5A），兼容 11V/6A 或 10V/4A 或 10V/2.25A 或 4.5V/5A 或 5V/4.5A 超级快充，兼容 9V/2A 快充。,2.4 GHz 和 5 GHz,支持，星闪 E2.0,,铝硅玻璃,,,自动对焦,LED 闪光灯,,,不支持,,,,,,,,,10.7 亿色，P3 广色域,,,,,,,,,,,,,,,,,
Pocket 系列,HUAWEI Pocket 2 优享版,,https://consumer.huawei.com/cn/phones/pocket-2-youxiangban/specs/,展开态：170 mm,75.5 mm,玻璃版：,素皮版：约 199 克（含电池）,,,,内屏：FHD+，2690 × 1136 像素,,,,,支持 3 倍光学变焦（3 倍变焦为近似值，镜头焦段分别为 13 mm，23 mm，80 mm）、30 倍数字变焦,最大可支持 8192 × 6144 像素,,荧光摄影、镜像智拍、百宝箱、微距视频、视频 HDR Vivid、微距画中画、长焦画中画、微电影、高像素模式、延时摄影、超大广角、大光圈虚化、双景录像、超级夜景、超级微距、人像模式、专业模式、慢动作、全景模式、智能滤镜、水印、文档矫正、AI 摄影大师、动态照片、4D 预测追焦、笑脸抓拍、声控拍照、定时拍照、连拍、快拍、流光快门、多机位,,最大可支持 3776 × 2832 像素,最大支持 3840 × 2160 像素,视频 HDR Vivid、慢动作、智能广角切换、夜景模式、人像模式、全景模式、延时摄影、动态照片、智能滤镜、水印、笑脸抓拍、自拍镜像、声控拍照、定时拍照,,,Bluetooth 5.2，支持低功耗蓝牙，支持 SBC、AAC，支持 LDAC 和 L2HC 高清音频,USB Type-C，USB 2.0,USB Type-C,华为 Histen，支持立体声,*.3gp、*.mp4,手机（内置电池）× 1,内屏：6.94 英寸,内屏：OLED，支持 1-120 Hz LTPO 自适应刷新率，1440 Hz 高频 PWM 调光，300Hz 触控采样率,,,802.11 a/b/g/n/ac/ax，2 × 2 MIMO，HE160，1024 QAM，8 Spatial-stream Sounding MU-MIMO,,,,,,自动对焦,LED 闪光灯,,,,,,,,,,,1070 万像素超广角摄像头（F2.2 光圈）,10.7 亿色，P3 广色域,5000 万像素超感知摄像头（F1.6 光圈，OIS）,,,,,,内屏：420 ppi,12 GB RAM + 256 GB / 512 GB ROM,12 GB RAM + 256 GB / 512 GB ROM,NM 存储卡，最大支持 512 GB,最大支持 4K（3840 × 2160）视频录制，支持 OIS 和 AIS 防抖；,,,,,,
Pura 系列,HUAWEI Pura X,7499,https://consumer.huawei.com/cn/phones/pura-x/specs/,展开态：143.2 mm 折叠态：91.7 mm,展开态：91.7 mm 折叠态：74.3 mm,展开态：7.15 mm 折叠态：15.1 mm,素皮版：约 193.7 g（含电池） 玻璃版：约 195.9 g（含电池）,内屏：6.3 英寸,内屏：10.7 亿色，P3 广色域,内屏：可折叠柔性 OLED，支持 1-120 Hz LTPO 2.0 自适应刷新率，1440 Hz 高频 PWM 调光，最高 300 Hz 触控采样率,内屏：2120 × 1320 像素,,,,,支持 3.5 倍光学变焦（3.5 倍变焦为近似值，镜头焦段分别为 23 mm，13 mm，80 mm）、30 倍数字变焦,最大可支持 8192 × 6144 像素,最大可支持 3840 × 2160 像素,AI 动态照片、双屏同显、视频 HDR Vivid、风驰闪拍、高画质模式、夜景模式、超级微距、微距视频、微距画中画、长焦画中画、高像素模式、延时摄影、超大广角、大光圈虚化、人像模式、专业模式、慢动作、全景模式、流光快门、智能滤镜、水印、AI 摄影大师、笑脸抓拍、声控拍照、定时拍照、连拍,,最大可支持 3776 × 2832 像素,最大可支持 3840 × 2160 像素,AI 动态照片、视频 HDR Vivid、慢动作、人像模式、夜景模式、延时摄影、智能滤镜、笑脸抓拍、自拍镜像、声控拍照、定时拍照,,,蓝牙 5.2，支持低功耗蓝牙，支持 SBC、AAC，支持 LDAC 和 L2HC 高清音频,USB Type-C，USB 3.1 Gen 1,USB Type-C,Huawei Histen 音效，支持立体声,*.mp4,,,,,手机支持最大超级快充 66 W（11V/6A），兼容 10V/4A 或 10V/2.25A 或 4.5V/5A 或 5V/4.5A 超级快充，兼容 9V/2A 快充，支持 5 W 有线反向充电。,2.4 GHz 和 5 GHz,支持，星闪E1.0,,,,,自动对焦,LED 闪光灯,,,支持 40 W 华为无线超级快充，支持 7.5 W 无线反向充电。,HUAWEI Pura X：不支持,,,,,,,1070 万像素超广角摄像头（F2.2 光圈）,,5000 万像素超感知摄像头（F1.6 光圈，OIS 光学防抖，RYYB 传感器）,,,支持在线查找，离线查找，关机查找,,,,,,,,12 GB RAM + 256 GB / 512 GB ROM,16 GB RAM + 512 GB / 1 TB ROM,,,,
Pura 系列,HUAWEI Pura X Max,10999,https://consumer.huawei.com/cn/phones/pura-x-max/specs/,120 mm,折叠态：85 mm 展开态：166.5 mm,折叠态：11.2 mm 展开态：5.2 mm,约 229 g（含电池）,外屏：5.4 英寸,外屏：10.7 亿色，P3 广色域,外屏：OLED，支持 1-120 Hz LTPO 2.0 自适应刷新率，1440 Hz 高频 PWM 调光，最高 300 Hz 触控采样率,外屏：1848 × 1264 像素,,,,,支持 3.5 倍光学变焦（3.5 倍变焦为近似值，镜头焦段分别为 24 mm，13 mm，81 mm）,最大可支持 8192 × 6144 像素,最大可支持 3840 × 2160 像素,AI 姿势推荐*、XMAGE 智拍*、XMAGE 风格、AI 辅助构图、电影效果、舞台模式、长焦增距模式、超清全景、AI 超清增强、超级夜景、寰宇追月、绚丽星空、星空人像、AI 动态照片、视频 HDR Vivid、视频 Log、拍照 RAW 格式、闪拍、运动防抖、高画质模式、超级微距、微距视频、微距画中画、长焦画中画、高像素模式、延时摄影、超大广角、大光圈虚化、人像模式、专业模式、慢动作、流光快门、水印、AI 摄影大师、笑脸抓拍、声控拍照、定时拍照、连拍、后置自拍、双屏同显,,最大可支持 3840 × 2160 像素,最大可支持 3264 × 2448 像素,AI 姿势推荐*、XMAGE 风格、AI 动态照片、视频 HDR Vivid、人像模式、延时摄影、笑脸抓拍、自拍镜像、声控拍照、定时拍照,,,蓝牙 6.0，支持低功耗蓝牙，支持 SBC、AAC，支持 LDAC 和 L2HC 高清音频,USB Type-C，USB 3.1 Gen 1,USB Type-C,Huawei Histen 音效，支持立体声,*.mp4,,,,,手机支持最大超级快充 66 W（11V/6A），兼容 20V/3.25A 或 10V/4A 或 10V/2.25A 或 4.5V/5A 或 5V/4.5A 超级快充，兼容 9V/2A 快充,2.4 GHz 和 5 GHz,支持，星闪 E2.0,,外屏：第二代昆仑玻璃,,,自动对焦,LED 闪光灯,,,支持 50 W 华为无线超级快充，支持无线反向充电。,HUAWEI Pura X Max：不支持,,,,,,,外屏：800 万像素摄像头（F2.4 光圈）,,5000 万像素超光变摄像头（F1.4-F4.0 十档物理可变光圈，RYYB，OIS 光学防抖）,,,支持在线查找，离线查找，关机查找（关机响铃）,,,,,,,,,,12 GB RAM + 256 GB / 512 GB ROM,16 GB RAM + 512 GB / 1 TB ROM,,
Pura 系列,HUAWEI Pura 80,4699,https://consumer.huawei.com/cn/phones/pura80/specs/,157.7 mm,74.4 mm,8.2 mm,约 211 克（含电池）,,,,FHD+ 2760 × 1256 像素,,,,,支持 5.5 倍光学变焦（5.5 倍变焦为近似值，镜头焦段分别为 13 mm，24 mm，125 mm）、50 倍数字变焦,最大可支持 8192 × 6144 像素,最大支持 4K（3840 × 2160）视频录制，支持 AIS 防抖；支持 1080p@480fps 超级慢动作视频,个性色卡、AI 动态照片、视频 HDR Vivid、闪拍、高画质模式、夜景模式、超级微距、微距视频、微距画中画、长焦画中画、高像素模式、延时摄影、超大广角、大光圈虚化、人像模式、专业模式、慢动作、全景模式、流光快门、智能滤镜、水印、AI 摄影大师、笑脸抓拍、声控拍照、定时拍照、连拍,,最大可支持 4160 × 3120 像素,最大可支持 3840 x 2160 像素，支持 1080p@240 fps 超级慢动作视频,个性色卡、AI 动态照片、视频 HDR Vivid、慢动作、人像模式、延时摄影、笑脸抓拍、自拍镜像、声控拍照、定时拍照,,,Bluetooth 5.2，支持低功耗蓝牙，支持 SBC、AAC，支持 LDAC 和 L2HC 高清音频,USB Type-C，USB 2.0,USB Type-C 接口,Huawei Histen 音效，支持立体声,*.mp4,,6.6 英寸,OLED，支持 1-120 Hz LTPO 自适应刷新率，1440 Hz 高频 PWM 调光，300 Hz 触控采样率,256 GB / 512 GB / 1 TB ROM,,2.4 GHz 和 5 GHz,支持 ，星闪E2.0*,,第二代昆仑玻璃,,,自动对焦,LED 闪光灯,,,,北斗卫星消息,,,,,,12 GB RAM,1300 万像素超广角摄像头（F2.0 光圈，自动对焦）,10.7 亿色，P3 广色域,5000 万像素超聚光摄像头（F1.4-F4.0 光圈，OIS 光学防抖）,,,支持在线查找，离线查找，关机查找,,,,,,不支持存储卡扩展,,,,,,460 ppi,
Pura 系列,HUAWEI Pura 80 Pro,6499,https://consumer.huawei.com/cn/phones/pura80-pro/specs/,163 mm,76.1 mm,8.3 mm,约 219 克（含电池）,,,,FHD+ 2848 × 1276 像素,,,,,支持 4 倍光学变焦（4 倍变焦为近似值，镜头焦段分别为 13 mm，22.5 mm，92.5 mm）、100 倍数字变焦,最大可支持 8192 × 6144 像素,最大支持 4K（3840 × 2160）视频录制，支持 AIS 防抖；支持 1080p@960fps 超级慢动作视频,个性色卡、AI 辅助构图、超清全景、AI 超清增强、超级夜景、寰宇追月、绚丽星空、星空人像、AI 动态照片、视频 HDR Vivid、视频 Log、拍照 RAW 格式、闪拍、运动防抖、高画质模式、超级微距、微距视频、微距画中画、长焦画中画、高像素模式、延时摄影、超大广角、大光圈虚化、人像模式、专业模式、慢动作、流光快门、水印、AI 摄影大师、笑脸抓拍、声控拍照、定时拍照、连拍,,最大可支持 4160 × 3120 像素,最大可支持 3840 x 2160 像素，支持 1080p@240 fps 超级慢动作视频,个性色卡、AI 动态照片、视频 HDR Vivid、慢动作、人像模式、延时摄影、笑脸抓拍、自拍镜像、声控拍照、定时拍照,,,Bluetooth 5.2，支持低功耗蓝牙，支持 SBC、AAC，支持 LDAC 和 L2HC 高清音频,USB Type-C，USB 3.1 Gen 1,USB Type-C 接口,Huawei Histen 音效，支持立体声,*.mp4,,6.8 英寸,OLED，支持 1-120 Hz LTPO 自适应刷新率，1440 Hz 高频 PWM 调光，300 Hz 触控采样率,256 GB / 512 GB / 1 TB ROM,,2.4 GHz 和 5 GHz,支持 ，星闪E2.0*,,第二代昆仑玻璃,,,自动对焦,LED 闪光灯,,,,北斗卫星消息,,,,,,12 GB RAM,1300 万像素超广角摄像头（F2.0 光圈，自动对焦）,10.7 亿色，P3 广色域,5000 万像素一英寸摄像头（F1.6-F4.0 光圈，OIS 光学防抖）,,,支持在线查找，离线查找，关机查找,,,,,,不支持存储卡扩展,,,,,,460 ppi,
Pura 系列,HUAWEI Pura 80 Pro+,7999,https://consumer.huawei.com/cn/phones/pura80-pro-plus/specs/,163 mm,76.1 mm,8.3 mm,约 219 克（含电池）,,,,FHD+ 2848 × 1276 像素,,,,,支持 4 倍光学变焦（4 倍变焦为近似值，镜头焦段分别为 13 mm，22.5 mm，92.5 mm）、100 倍数字变焦,最大可支持 8192 × 6144 像素,最大支持 4K（3840 × 2160）视频录制，支持 AIS 防抖；支持 1080p@960fps 超级慢动作视频,个性色卡、AI 辅助构图、超清全景、AI 超清增强、超级夜景、寰宇追月、绚丽星空、星空人像、AI 动态照片、视频 HDR Vivid、视频 Log、拍照 RAW 格式、闪拍、运动防抖、高画质模式、超级微距、微距视频、微距画中画、长焦画中画、高像素模式、延时摄影、超大广角、大光圈虚化、人像模式、专业模式、慢动作、流光快门、水印、AI 摄影大师、笑脸抓拍、声控拍照、定时拍照、连拍,,最大可支持 4160 × 3120 像素,最大可支持 3840 x 2160 像素，支持 1080p@240 fps 超级慢动作视频,个性色卡、AI 动态照片、视频 HDR Vivid、慢动作、人像模式、延时摄影、笑脸抓拍、自拍镜像、声控拍照、定时拍照,,,Bluetooth 5.2，支持低功耗蓝牙，支持 SBC、AAC，支持 LDAC 和 L2HC 高清音频,USB Type-C，USB 3.1 Gen 1,USB Type-C 接口,Huawei Histen 音效，支持立体声,*.mp4,,6.8 英寸,OLED，支持 1-120 Hz LTPO 自适应刷新率，1440 Hz 高频 PWM 调光，300 Hz 触控采样率,512 GB / 1 TB ROM,,2.4 GHz 和 5 GHz,支持 ，星闪E2.0*,,第二代玄武钢化昆仑玻璃,,,自动对焦,LED 闪光灯,,,,天通卫星通信、北斗卫星消息,,,,,,16 GB RAM,1300 万像素超广角摄像头（F2.0 光圈，自动对焦）,10.7 亿色，P3 广色域,5000 万像素一英寸高动态摄像头（F1.6-F4.0 光圈，OIS 光学防抖）,,,支持在线查找，离线查找，关机查找,,,,,,不支持存储卡扩展,,,,,,460 ppi,
Pura 系列,HUAWEI Pura 80 Ultra,9999,https://consumer.huawei.com/cn/phones/pura80-ultra/specs/,163 mm,76.1 mm,8.3 mm,约 233.5 克（含电池）,,,,FHD+ 2848 × 1276 像素,,,,,支持 3.7 倍和 9.4 倍光学变焦（3.7 倍、9.4 倍变焦为近似值，镜头焦段分别为 13 mm，22.5 mm，83 mm，212 mm）、100 倍数字变焦,最大可支持 8192 × 6144 像素,最大支持 4K（3840 × 2160）视频录制，支持 AIS 防抖；支持 1080p@960fps 超级慢动作视频,个性色卡、AI 辅助构图、超清全景、AI 超清增强、超级夜景、寰宇追月、绚丽星空、星空人像、AI 动态照片、视频 HDR Vivid、视频 Log、拍照 RAW 格式、闪拍、运动防抖、高画质模式、超级微距、微距视频、微距画中画、长焦画中画、高像素模式、延时摄影、超大广角、大光圈虚化、人像模式、专业模式、慢动作、流光快门、水印、AI 摄影大师、笑脸抓拍、声控拍照、定时拍照、连拍,,最大可支持 4160 × 3120 像素,最大可支持 3840 x 2160 像素，支持 1080p@240 fps 超级慢动作视频,个性色卡、AI 动态照片、视频 HDR Vivid、慢动作、人像模式、延时摄影、笑脸抓拍、自拍镜像、声控拍照、定时拍照,,,Bluetooth 5.2，支持低功耗蓝牙，支持 SBC、AAC，支持 LDAC 和 L2HC 高清音频,USB Type-C，USB 3.1 Gen 1,USB Type-C 接口,Huawei Histen 音效，支持立体声,*.mp4,,6.8 英寸,OLED，支持 1-120 Hz LTPO 自适应刷新率，1440 Hz 高频 PWM 调光，300 Hz 触控采样率,512 GB / 1 TB ROM,,2.4 GHz 和 5 GHz,支持 ，星闪E2.0*,,第二代玄武钢化昆仑玻璃,,,自动对焦,LED 闪光灯,,,,天通卫星通信、北斗卫星消息,,,,,,16 GB RAM,1300 万像素超广角摄像头（F2.0 光圈，自动对焦）,10.7 亿色，P3 广色域,5000 万像素一英寸超高动态摄像头（F1.6-F4.0 光圈，OIS 光学防抖）,,,支持在线查找，离线查找，关机查找,,,,,,不支持存储卡扩展,,,,,,460 ppi,
Pura 系列,HUAWEI Pura 90,4699,https://consumer.huawei.com/cn/phones/pura90/specs/,163.1 mm,78.1 mm,7.0 mm,约 210 g（含电池）,,,,FHD+ 2856 × 1320 像素,,,,,支持 3.7 倍光学变焦（3.7 倍变焦为近似值，镜头焦段分别为 24 mm，13 mm，88 mm）,最大可支持 8192 × 6144 像素,最大可支持 4K（3840 × 2160）视频录制，支持 AIS 防抖；,AI 智拍*、AI 姿势推荐*、个性色卡*、AI 辅助构图*、AI 动态照片、视频 HDR Vivid、闪拍、高画质模式、夜景模式、超级微距、微距视频、微距画中画、长焦画中画、高像素模式、延时摄影、超大广角、大光圈虚化、人像模式、专业模式、慢动作、全景模式、流光快门、水印、AI 摄影大师、笑脸抓拍、声控拍照、定时拍照、连拍,,最大可支持 8192 × 6144 像素,最大可支持 4K（3840 × 2160）视频录制，支持 AIS 防抖；,AI 姿势推荐*、个性色卡*、AI 动态照片、视频 HDR Vivid、慢动作、人像模式、延时摄影、笑脸抓拍、自拍镜像、声控拍照、定时拍照,,,Bluetooth 6.0，支持低功耗蓝牙，支持 SBC、AAC，支持 LDAC 和 L2HC 高清音频,USB Type-C,USB Type-C 接口,Huawei Histen 音效，支持立体声,*.mp4,,6.8 英寸,OLED，支持 1-120 Hz LTPO 自适应刷新率，300 Hz 触控采样率,256 GB / 512 GB ROM,手机支持最大超级快充 100 W（20V/5A），兼容 20V/4.4A 或 11V/6A 或 10V/4A 或 10V/2.25A 或 4.5V/5A 或 5V/4.5A 超级快充，兼容 9V/2A 快充，支持 5 W 有线反向充电。,2.4 GHz 和 5 GHz,支持，星闪 E2.0,,昆仑玻璃,,,自动对焦,LED 闪光灯,,,支持 50 W 华为无线超级快充，支持无线反向充电。,北斗卫星消息,,,,,,12 GB / 16 GB RAM,5000 万像素超聚光人像摄像头（F2.0 光圈，自动对焦）,10.7 亿色，P3 广色域,5000 万像素超聚光摄像头（F1.8 光圈，OIS 光学防抖）,,,支持在线查找，离线查找，关机查找,,,,,,不支持存储卡扩展,,,,,,460 ppi,麒麟9010S
Pura 系列,HUAWEI Pura 90 Pro,5499,https://consumer.huawei.com/cn/phones/pura90-pro/specs/,157.8 mm,74.5 mm,8.2 mm,约 213.5 g（含电池）,,,,FHD+ 2760 × 1256 像素,,,,,支持 4 倍光学变焦（4 倍变焦为近似值，镜头焦段分别为 24 mm，13 mm，90.5 mm）、100 倍数字变焦,最大可支持 8192 × 6144 像素,最大支持 4K（3840 × 2160）视频录制，支持 AIS 防抖；支持 1080p@960fps 超级慢动作视频,XMAGE 智拍、AI 姿势推荐、XMAGE 风格、AI 辅助构图、电影效果、舞台模式、超清全景、AI 超清增强、超级夜景、寰宇追月、绚丽星空、星空人像、AI 动态照片、视频 HDR Vivid、视频 Log、拍照 RAW 格式、闪拍、运动防抖、高画质模式、超级微距、微距视频、微距画中画、长焦画中画、高像素模式、延时摄影、超大广角、大光圈虚化、人像模式、专业模式、慢动作、流光快门、水印、AI 摄影大师、笑脸抓拍、声控拍照、定时拍照、连拍,,最大可支持 4160 × 3120 像素,最大支持 4K（3840 × 2160）视频录制，支持 AIS 防抖；支持 1080p@240fps 超级慢动作视频,AI 姿势推荐、XMAGE 风格、AI 动态照片、视频 HDR Vivid、慢动作、人像模式、延时摄影、笑脸抓拍、自拍镜像、声控拍照、定时拍照,,,Bluetooth 6.0，支持低功耗蓝牙，支持 SBC、AAC，支持 LDAC 和 L2HC 高清音频,USB Type-C,USB Type-C 接口,Huawei Histen 音效，支持立体声,*.mp4,,6.6 英寸,OLED，支持 1-120 Hz LTPO 自适应刷新率，300 Hz 触控采样率,256 GB / 512 GB / 1 TB ROM,手机支持最大超级快充 66 W（11V/6A），兼容 20V/3.25A 或 10V/4A 或 10V/2.25A 或 4.5V/5A 或 5V/4.5A 超级快充，兼容 9V/2A 快充，支持 5 W 有线反向充电。,2.4 GHz 和 5 GHz,支持，星闪 E2.0,,第二代昆仑玻璃,,,自动对焦,LED 闪光灯,,,支持 50 W 华为无线超级快充，支持无线反向充电。,北斗卫星消息,,,,,,12 GB / 16 GB RAM,1300 万像素超广角摄像头（F2.0 光圈，自动对焦）,10.7 亿色，P3 广色域,5000 万像素超聚光摄像头（F1.4-F4.0 光圈，OIS 光学防抖）,,,支持在线查找，离线查找，关机查找（关机响铃）,,,,,,不支持存储卡扩展,,,,,,460 ppi,麒麟9030S
Pura 系列,HUAWEI Pura 90 Pro Max,6499,https://consumer.huawei.com/cn/phones/pura90-pro-max/specs/,164 mm,77.1 mm,8.1 mm,约 230.5 g（含电池）,,,,FHD+，2880 × 1308像素,,,,,支持 4 倍光学变焦（4 倍变焦为近似值，镜头焦段分别为 24 mm，13 mm，89 mm）、100 倍数字变焦,最大可支持 8192 × 6144 像素,最大支持 4K（3840 × 2160）视频录制，支持 AIS 防抖；支持 1080p@960fps 超级慢动作视频,XMAGE 智拍、AI 姿势推荐、XMAGE 风格、AI 辅助构图、电影效果、舞台模式、超清全景、AI 超清增强、超级夜景、寰宇追月、绚丽星空、星空人像、AI 动态照片、视频 HDR Vivid、视频 Log、拍照 RAW 格式、闪拍、运动防抖、高画质模式、超级微距、微距视频、微距画中画、长焦画中画、高像素模式、延时摄影、超大广角、大光圈虚化、人像模式、专业模式、慢动作、流光快门、水印、AI 摄影大师、笑脸抓拍、声控拍照、定时拍照、连拍,,最大可支持 4160 × 3120 像素,最大支持 4K（3840 × 2160）视频录制，支持 AIS 防抖；支持 1080p@240fps 超级慢动作视频,AI 姿势推荐、XMAGE 风格、AI 动态照片、视频 HDR Vivid、慢动作、人像模式、延时摄影、笑脸抓拍、自拍镜像、声控拍照、定时拍照,,,Bluetooth 6.0，支持低功耗蓝牙，支持 SBC、AAC，支持 LDAC 和 L2HC 高清音频,USB Type-C,USB Type-C 接口,Huawei Histen 音效，支持立体声,*.mp4,,6.9 英寸,OLED，支持 1-120 Hz LTPO 自适应刷新率，300 Hz 触控采样率,256 GB / 512 GB / 1 TB ROM,手机支持最大超级快充 100 W（20V/5A），兼容 20V/4.4A 或 11V/6A 或 10V/4A 或 10V/2.25A 或 4.5V/5A 或 5V/4.5A 超级快充，兼容 9V/2A 快充，支持 18 W 有线反向充电。,2.4 GHz 和 5 GHz,支持，星闪 E2.0,,抗反光耐刮昆仑玻璃,,,自动对焦,LED 闪光灯,,,支持 80 W 华为无线超级快充，支持无线反向充电。,北斗卫星消息,,,,,,12 GB / 16 GB RAM,1300 万像素超广角摄像头（F2.0 光圈，自动对焦）,10.7 亿色，P3 广色域,5000 万像素超高动态摄像头（F1.4-F4.0 光圈，OIS 光学防抖）,,,支持在线查找，离线查找，关机查找（关机响铃）,,,,,,不支持存储卡扩展,,,,,,460 ppi,麒麟9030S
