name,price,product_id,url,外观尺寸_长度,外观尺寸_宽度,外观尺寸_厚度,外观尺寸_重量,屏幕显示_尺寸,屏幕显示_类型,屏幕显示_分辨率,屏幕显示_显示帧率,屏幕显示_触控采样率,屏幕显示_瞬时触控采样率,屏幕显示_最低亮度,屏幕显示_多场景峰值亮度,视频滤镜_1080P 视频拍摄,视频滤镜_720P 视频拍摄,视频滤镜_慢动作视频拍摄,影像系统_5G,影像系统_4G,影像系统_TDD-LTE,影像系统_3G,影像系统_2G,影像系统_注①,影像系统_注②,影像系统_注③,影像系统_注④,网络频段_WLAN 协议,网络频段_WLAN 频率,网络频段_蓝牙,网络频段_支持,数据连接_北斗,数据连接_GLONASS,传感器_交通卡,传感器_Mi Pay,传感器_门卡,传感器_车钥匙,16GB+1TB 最高可选_运行内存,16GB+1TB 最高可选_机身存储,骁龙8至尊版移动平台_SoC 工艺,骁龙8至尊版移动平台_CPU 主频,骁龙8至尊版移动平台_GPU,GPU 图形处理器_AI,"屏幕显示_对比度 8,000,000",屏幕显示_玻璃盖板,徕卡超纯光学四摄_徕卡1英寸主摄,徕卡超纯光学四摄_徕卡超级长焦,徕卡超纯光学四摄_徕卡浮动长焦,徕卡超纯光学四摄_徕卡超广角,徕卡超纯光学四摄_8K 视频拍摄,徕卡超纯光学四摄_4K 视频拍摄,徕卡超纯光学四摄_1080P 视频拍摄,徕卡超纯光学四摄_720P 视频拍摄,徕卡超纯光学四摄_慢动作视频拍摄,前置视频拍摄帧率_4K 视频拍摄,前置视频拍摄帧率_1080P 视频拍摄,前置视频拍摄帧率_720P 视频拍摄,支持频段_5G,支持频段_4G,支持频段_TDD-LTE,支持频段_3G,支持频段_2G,支持频段_注①,使用；_注②,使用；_注③,使用；_注④,地网络和业务部署。_注⑤,数据连接_WLAN 协议,数据连接_WLAN 频率,数据连接_蓝牙,多功能NFC_交通卡,多功能NFC_Mi Pay,多功能NFC_门卡,多功能NFC_车钥匙,多功能NFC_进一步了解请参阅（https,导航定位_北斗,导航定位_GLONASS,6.9 英寸电竞高刷屏_类型,6.9 英寸电竞高刷屏_分辨率,6.9 英寸电竞高刷屏_显示帧率,6.9 英寸电竞高刷屏_触控采样率,6.9 英寸电竞高刷屏_瞬时触控采样率,6.9 英寸电竞高刷屏_多场景峰值亮度,6.9 英寸电竞高刷屏_最低亮度,前置 32MP 高清相机_720P 视频拍摄,前置 32MP 高清相机_1080P 视频拍摄,前置 32MP 高清相机_4K 视频拍摄,前置 32MP 高清相机_720P 慢动作视频拍摄,后置视频拍摄_8K 视频拍摄,后置视频拍摄_4K 视频拍摄,后置视频拍摄_1080P 视频拍摄,后置视频拍摄_720P 视频拍摄,后置视频拍摄_慢动作视频拍摄,则无法使用；_注②,则无法使用；_注③,则无法使用；_注④,商当地网络和业务部署。_4G,商当地网络和业务部署。_TDD-LTE,商当地网络和业务部署。_3G,商当地网络和业务部署。_2G,数据连接_支持,导航定位_Galileo,门卡、车钥匙功能。_交通卡,政府及运营企业发布为准。）_Mi Pay,政府及运营企业发布为准。）_门卡,银行、公交等功能）_车钥匙,银行、公交等功能）_进一步了解请参阅（https,基本信息_(2）水流量,基本信息_90°；(3)测试时间,基本信息_4842025820500，IP68报告编号,视频音频_耳机接口,支持频段_注②,支持频段_注③,支持频段_注④,影像系统_徕卡1英寸光影大师,影像系统_徕卡2亿像素光学变焦,影像系统_徕卡超广角,后置视频拍摄帧率_8K 视频拍摄,后置视频拍摄帧率_4K 视频拍摄,后置视频拍摄帧率_1080P 视频拍摄,后置视频拍摄帧率_720P 视频拍摄,后置视频拍摄帧率_慢动作视频拍摄,超级像素_类型,超级像素_分辨率,超级像素_显示帧率,超级像素_触控采样率,超级像素_色域,超级像素_最低亮度,超级像素_多场景峰值亮度,全亮度DC调光_玻璃盖板,全亮度DC调光_显示认证,第五代骁龙8至尊版移动平台_SoC 工艺,第五代骁龙8至尊版移动平台_CPU,第五代骁龙8至尊版移动平台_GPU,外观尺寸_高度,台积电 6nm 工艺制程_CPU,屏幕显示_峰值亮度,屏幕显示_对比度,屏幕显示_刷新率,标配 45W 充电器_充电接口,1600 万像素前置镜头_1080p 视频拍摄,1600 万像素前置镜头_720p 视频拍摄,1600 万像素前置镜头_720p 慢动作视频拍摄,网络频段_双卡双待,支持频段_SA,支持频段_NSA,支持频段_GSM,支持频段_CDMA 1X,支持频段_WCDMA,支持频段_FDD-LTE,内存容量_运行内存,内存容量_机身存储,8s移动平台_SoC 工艺,8s移动平台_CPU 主频,8s移动平台_GPU,8s移动平台_AI,屏幕显示_色域,屏下指纹｜湿手触控_玻璃盖板,数据连接_交通卡,及运营企业发布为准。）_Mi Pay,及运营企业发布为准。）_注“天星金融钱包”官方微信公众号，或参阅（https,徕卡专业光学镜头_光影猎人900 高动态主摄,徕卡专业光学镜头_120mm 徕卡潜望长焦,徕卡专业光学镜头_115° 徕卡超广角,自定义水印｜声控拍照_8K 视频拍摄,自定义水印｜声控拍照_4K 视频拍摄,自定义水印｜声控拍照_1080P 视频拍摄,自定义水印｜声控拍照_720P 视频拍摄,自定义水印｜声控拍照_慢动作视频拍摄,天玑 7300-Ultra_工艺制程,天玑 7300-Ultra_CPU,天玑 7300-Ultra_GPU,全新 1.5K 高光护眼屏_尺寸,全新 1.5K 高光护眼屏_分辨率,全新 1.5K 高光护眼屏_对比度,全新 1.5K 高光护眼屏_局部峰值亮度,全新 1.5K 高光护眼屏_屏幕刷新率,全新 1.5K 高光护眼屏_触控采样率,全新 1.5K 高光护眼屏_瞬时触控采样率,2000万像素高清人像前摄_4K 视频拍摄,2000万像素高清人像前摄_1080p 视频拍摄,2000万像素高清人像前摄_1080p 慢动作视频拍摄,2000万像素高清人像前摄_720p 视频拍摄,2000万像素高清人像前摄_720p 慢动作视频拍摄,语音业务则无法使用；_注②,语音业务则无法使用；_注③,语音业务则无法使用；_注④,等功能。_交通卡,地政府及运营企业发布为准。）_Mi Pay,地政府及运营企业发布为准。）_门卡,地政府及运营企业发布为准。）_车钥匙,地政府及运营企业发布为准。）_进一步了解请参阅（https,屏幕与指纹_尺寸,屏幕与指纹_分辨率,屏幕与指纹_对比度,屏幕与指纹_全局激发亮度,屏幕与指纹_峰值亮度,屏幕与指纹_显示帧率,屏幕与指纹_触控采样率,屏幕与指纹_瞬时触控采样率,全程 DC 调光*_玻璃盖板,光影猎人 800 高动态主摄_主摄,3200万像素 超广角镜头_Xiaomi AISP,3200万像素 超广角镜头_8K 视频拍摄,3200万像素 超广角镜头_4K 视频拍摄,3200万像素 超广角镜头_1080p 视频拍摄,3200万像素 超广角镜头_720p 视频拍摄,3200万像素 超广角镜头_1080p 慢动作视频拍摄,3200万像素 超广角镜头_720p 慢动作视频拍摄,支持双卡双通，双卡高清语音④_3G,支持双卡双通，双卡高清语音④_2G,支持双卡双通，双卡高清语音④_注①,支持双卡双通，双卡高清语音④_注②,支持双卡双通，双卡高清语音④_注③,支持双卡双通，双卡高清语音④_注④,网络与制式_WLAN 协议,网络与制式_WLAN 频率,网络与制式_蓝牙,网络与制式_支持,传感器_（https,50W 无线快充*_720P 视频拍摄,50W 无线快充*_1080P 视频拍摄,50W 无线快充*_4K 视频拍摄,50W 无线快充*_720P 慢动作视频拍摄,前置 32MP 高清相机_慢动作视频拍摄,数据连接_Galileo,屏幕_尺寸,屏幕_分辨率,屏幕_刷新率,屏幕_全局亮度,屏幕_触控采样率,影像系统_FDD-LTE,影像系统_WCDMA,影像系统_GSM,影像系统_注 ①,影像系统_注 ②,影像系统_注 ③,网络与制式_WLAN协议,网络与制式_WLAN频率,传感器_支持H.263包括,6.9″低功耗超级阳光屏_类型,6.9″低功耗超级阳光屏_分辨率,6.9″低功耗超级阳光屏_显示帧率,6.9″低功耗超级阳光屏_触控采样率,6.9″低功耗超级阳光屏_色域,6.9″低功耗超级阳光屏_最低亮度,6.9″低功耗超级阳光屏_多场景峰值亮度,全亮度DC调光*_玻璃盖板,全亮度DC调光*_正屏显示认证,2.9″低功耗超级阳光屏_类型,2.9″低功耗超级阳光屏_分辨率,2.9″低功耗超级阳光屏_显示帧率,2.9″低功耗超级阳光屏_触控采样率,2.9″低功耗超级阳光屏_色域,2.9″低功耗超级阳光屏_最低亮度,2.9″低功耗超级阳光屏_多场景峰值亮度,影像系统_徕卡超高动态主摄,影像系统_徕卡超聚光潜望长焦,OIS 光学防抖_徕卡超广角,支持频段_(B28上行,8GB+256GB 最高可选_内存,8GB+256GB 最高可选_存储,第四代骁龙®4移动平台_工艺制程,第四代骁龙®4移动平台_CPU,第四代骁龙®4移动平台_GPU,7″ OLED 护眼屏_类型,7″ OLED 护眼屏_分辨率,7″ OLED 护眼屏_对比度,7″ OLED 护眼屏_显示帧率,7″ OLED 护眼屏_触控采样率,7″ OLED 护眼屏_瞬时触控采样率,7″ OLED 护眼屏_多场景峰值亮度,提词器｜人像｜视频美颜_1080p 视频拍摄,提词器｜人像｜视频美颜_720p 视频拍摄,提词器｜人像｜视频美颜_720p 慢动作视频拍摄,提词器｜人像｜视频美颜_1080P 视频拍摄,提词器｜人像｜视频美颜_720P 视频拍摄,支持频段_NR TDD,无法使用；_注②,无法使用；_注③,(5G非独立组网);_注④,当地网络和业务部署。_4G,当地网络和业务部署。_TDD-LTE,当地网络和业务部署。_3G,当地网络和业务部署。_2G,移动平台_SoC 工艺,移动平台_CPU,移动平台_GPU,屏幕显示_显示认证,充电续航_有线充电,充电续航_无线充电,徕卡专业光学镜头_5000万 光影猎人 950 高动态主摄,ALD镀膜｜MgF_5000万 徕卡浮动长焦,多功能NFC_（https,天玑 8400-Ultra_工艺制程,天玑 8400-Ultra_CPU,天玑 8400-Ultra_GPU,天玑 8400-Ultra_AI 引擎,内存容量_内存,内存容量_存储,旗舰 1.5K 高光护眼屏_尺寸,旗舰 1.5K 高光护眼屏_分辨率,旗舰 1.5K 高光护眼屏_对比度,旗舰 1.5K 高光护眼屏_局部峰值亮度,旗舰 1.5K 高光护眼屏_屏幕刷新率,旗舰 1.5K 高光护眼屏_触控采样率,旗舰 1.5K 高光护眼屏_瞬时触控采样率,支持双卡双通，双卡高清语音④_4G,支持双卡双通，双卡高清语音④_TDD-LTE,车钥匙等功能。_交通卡,支持Nano SIM卡*2_支持移动,支持Nano SIM卡*2_支持联通,支持Nano SIM卡*2_支持电信,支持Nano SIM卡*2_支持广电,后置视频_8K 视频拍摄,后置视频_4K 视频拍摄,后置视频_1080P 视频拍摄,后置视频_720P 视频拍摄,慢动作后置_720P 视频拍摄,慢动作后置_1080P 视频拍摄,慢动作后置_4K 视频拍摄,前置视频_4K 视频拍摄,前置视频_1080P 视频拍摄,前置视频_720P 视频拍摄,续航与充电_有线充电,续航与充电_无线充电,英寸_类型,英寸_分辨率,英寸_显示帧率,英寸_触控报点率,英寸_多场景峰值亮度,天玑 9500 旗舰移动平台_SoC 工艺,天玑 9500 旗舰移动平台_CPU 主频,天玑 9500 旗舰移动平台_GPU,天玑 9500 旗舰移动平台_AI,麦克风_长度,麦克风_宽度,麦克风_厚度,麦克风_重量,16GB+512GB最高可选_运行内存,16GB+512GB最高可选_机身存储,第四代骁龙 8s 移动平台_Soc制程,第四代骁龙 8s 移动平台_CPU主频,第四代骁龙 8s 移动平台_GPU,第四代骁龙 8s 移动平台_AI 引擎,67W有线秒充_支持,全焦段徕卡专业三摄_徕卡高动态主摄,全焦段徕卡专业三摄_徕卡浮动长焦,后置视频拍摄帧率_4K视频拍摄,后置视频拍摄帧率_1080P视频拍摄,后置视频拍摄帧率_720P视频拍摄,前置视频拍摄帧率_4K视频拍摄,前置视频拍摄帧率_1080P视频拍摄,前置视频拍摄帧率_720P视频拍摄,支持频段_支持,组网)；_注④,数据连接_WLAN协议,触屏拍照｜参考线_4K 视频拍摄,触屏拍照｜参考线_1080P 视频拍摄,触屏拍照｜参考线_720P 视频拍摄,触屏拍照｜参考线_慢动作视频拍摄,触屏拍照｜参考线_720P 慢动作视频拍摄,蓝牙_支持,16GB+1TB 最高可选_运行内存,16GB+1TB 最高可选_机身存储,8移动平台_SoC 工艺,8移动平台_CPU 主频,8移动平台_GPU,GPU 图形处理器_AI,徕卡光学全焦段四摄_一英寸可变光圈主摄,徕卡光学全焦段四摄_徕卡浮动长焦,徕卡光学全焦段四摄_徕卡特写长焦,徕卡光学全焦段四摄_徕卡超低畸变广角,徕卡光学全焦段四摄_8K 视频拍摄,徕卡光学全焦段四摄_4K 视频拍摄,徕卡光学全焦段四摄_1080P 视频拍摄,徕卡光学全焦段四摄_720P 视频拍摄,徕卡光学全焦段四摄_4K 延时摄影,徕卡光学全焦段四摄_1080P 延时摄影,徕卡光学全焦段四摄_720P 延时摄影,一英寸可变光圈主摄_1080P 慢动作视频拍摄,一英寸可变光圈主摄_720P 慢动作视频拍摄,前置视频拍摄帧率_4K 视频拍摄,前置视频拍摄帧率_1080P 视频拍摄,前置视频拍摄帧率_720P 视频拍摄,支持天通卫星通信_注①,无法使用；_注④,营商当地网络和业务部署；_注⑤,数据连接_WLAN 协议,数据连接_WLAN 频率,多功能NFC_Mi Pay,通互联互通卡无感通行。_Mi Pay,通互联互通卡无感通行。_门卡,通互联互通卡无感通行。_车钥匙,通互联互通卡无感通行。_进一步了解请参阅（https,声控拍照丨人脸检测丨HDR_8K 视频拍摄,声控拍照丨人脸检测丨HDR_4K 视频拍摄,声控拍照丨人脸检测丨HDR_1080P 视频拍摄,声控拍照丨人脸检测丨HDR_720P 视频拍摄,声控拍照丨人脸检测丨HDR_慢动作视频拍摄,声控拍照丨人脸检测丨HDR_全焦段 4K 夜景视频,前置视频拍摄帧率_4K夜景视频,英寸_触控采样率,"英寸_对比度 8,000,000",英寸_玻璃盖板,O1 3nm 旗舰处理器_SoC 工艺,O1 3nm 旗舰处理器_CPU 主频,O1 3nm 旗舰处理器_GPU,O1 3nm 旗舰处理器_ISP,O1 3nm 旗舰处理器_NPU,徕卡专业光学镜头_5000万 光影猎人900 高动态主摄,/1.62 大光圈｜_5000万 徕卡浮动长焦,"6.59"" 超级阳光护眼屏_类型","6.59"" 超级阳光护眼屏_分辨率","6.59"" 超级阳光护眼屏_显示帧率","6.59"" 超级阳光护眼屏_触控采样率","6.59"" 超级阳光护眼屏_瞬时触控采样率","6.59"" 超级阳光护眼屏_多场景峰值亮度",前置摄像头拍摄帧率_720P 视频拍摄,前置摄像头拍摄帧率_1080P 视频拍摄,前置摄像头拍摄帧率_720P 慢动作视频拍摄,前置摄像头拍摄帧率_4K 视频拍摄,前置摄像头拍摄帧率_1080P 视频拍摄,前置摄像头拍摄帧率_720P 视频拍摄,前置摄像头拍摄帧率_慢动作视频拍摄,法使用；_注②,法使用；_注③,具备银行、公交等功能）_车钥匙,具备银行、公交等功能）_进一步了解请参阅（https,第四代骁龙 8s_工艺制程,第四代骁龙 8s_CPU,第四代骁龙 8s_GPU,第四代骁龙 8s_AI 引擎,旗舰 1.5K 高光护眼屏_玻璃盖板,旗舰 1.5K 高光护眼屏_典型值亮度,旗舰 1.5K 高光护眼屏_全局激发亮度,旗舰 1.5K 高光护眼屏_多场景峰值亮度,2000 万像素高清人像前摄_4K 视频拍摄,2000 万像素高清人像前摄_1080p 视频拍摄,2000 万像素高清人像前摄_1080p 慢动作视频拍摄,2000 万像素高清人像前摄_720p 视频拍摄,2000 万像素高清人像前摄_720p 慢动作视频拍摄,制式 (5G非独立组网);_注④,车钥匙等功能。_Mi Pay,车钥匙等功能。_门卡,车钥匙等功能。_车钥匙,车钥匙等功能。_进一步了解请参阅（https,屏幕显示_全局亮度,1300 万像素高清主摄_1080P 视频拍摄,1300 万像素高清主摄_720P 视频拍摄,500 万像素前置相机_1080P 视频拍摄,500 万像素前置相机_720P 视频拍摄,支持双卡VoLTE高清语音_注 ①,支持双卡VoLTE高清语音_注 ②,支持双卡VoLTE高清语音_注 ③,屏幕显示_触控报点率,触屏拍照｜参考线_8K 视频拍摄,触屏拍照｜参考线_720P 慢动作,黑色｜流金白_长度,黑色｜流金白_宽度,黑色｜流金白_厚度,黑色｜流金白_重量,黑色｜流金白_丹宁色,全亮度 DC 调光*_玻璃盖板,长曝光 | 超级月亮_8K 视频拍摄,长曝光 | 超级月亮_4K 视频拍摄,长曝光 | 超级月亮_1080P 视频拍摄,长曝光 | 超级月亮_720P 视频拍摄,长曝光 | 超级月亮_720P慢动作,长曝光 | 超级月亮_1080P慢动作,前置_4K 视频拍摄,前置_1080P 视频拍摄,前置_720P 视频拍摄,前置_720P 慢动作,支持双卡双通，双卡高清语音_3G,支持双卡双通，双卡高清语音_2G,支持双卡双通，双卡高清语音_注①,支持双卡双通，双卡高清语音_注②,支持双卡双通，双卡高清语音_注③,支持双卡双通，双卡高清语音_注④,支持频段_LTE TDD,支持双卡双待，双卡高清语音④_注 ①,支持双卡双待，双卡高清语音④_注 ②,支持双卡双待，双卡高清语音④_注 ③,支持双卡双待，双卡高清语音④_注 ④,影像系统_CDMA 1X,第三代骁龙®6_工艺制程,第三代骁龙®6_CPU,第三代骁龙®6_GPU,12GB+256GB最高可选_内存,12GB+256GB最高可选_存储,"6.77"" 新一代高光护眼屏_尺寸","6.77"" 新一代高光护眼屏_分辨率","6.77"" 新一代高光护眼屏_对比度","6.77"" 新一代高光护眼屏_峰值亮度","6.77"" 新一代高光护眼屏_显示帧率","6.77"" 新一代高光护眼屏_触控采样率","6.77"" 新一代高光护眼屏_瞬时触控采样率",人像｜触屏拍照｜超清50MP_4K 视频拍摄,人像｜触屏拍照｜超清50MP_1080p 视频拍摄,人像｜触屏拍照｜超清50MP_720p 视频拍摄,人像｜触屏拍照｜超清50MP_720p 慢动作视频拍摄,则无法使用；_4G,则无法使用；_TDD-LTE,则无法使用；_3G,则无法使用；_2G,数据连接_WiFi2.4GHz协议,导航定位_GPS,6nm 制程工艺_CPU,6nm 制程工艺_GPU,屏幕显示_HBM 亮度,屏幕显示_调光级数,屏幕显示_采样率,18W 有线反充_充电接口,影像系统_LTE FDD,影像系统_LTE TDD,影像系统_TDSCDMA,影像系统_CDMA 1x/EVDO,影像系统_SA,支持频段_WLAN 协议,支持频段_WLAN 频率,网络频段_北斗,网络频段_Galileo,双卡高清语音_WCDMA,双卡高清语音_GSM850/GSM900/GSM1800；CDMA 1x,双卡高清语音_注 ①,双卡高清语音_注 ②,双卡高清语音_注 ③,双卡高清语音_注 ④,数据连接_B1I｜GPS,3D 超声波指纹｜ 湿手触控_玻璃盖板,800万像素 超广角镜头_Xiaomi AISP,800万像素 超广角镜头_8K 视频拍摄,800万像素 超广角镜头_4K 视频拍摄,800万像素 超广角镜头_1080p 视频拍摄,800万像素 超广角镜头_720p 视频拍摄,800万像素 超广角镜头_1080p 慢动作视频拍摄,800万像素 超广角镜头_720p 慢动作视频拍摄,支持 33W 快充_充电接口,影像系统_CDMA 1x
REDMI Note 17 Pro,1699,1230808329,https://www.mi.com/prod/redmi-note-17-pro/specs,163.45mm,78.27mm,8.46mm,226g,6.83 英寸,AMOLED 直屏,2772 x 1280,最高 120Hz,最高 240Hz,最高 3200Hz*,1nit,3500nits,30FPS,30FPS,720P 120FPS,n1/n5/n8/n28A/n38/n40/n41/n48/n77/n78,FDD-LTE：B1/B3/B5/B8/B19/B28A,B34/B38/B39/B40/B41/B42/B48,WCDMA：B1/B5/B8,GSM：B3/B5/B8,是否支持 5G 取决于当地运营商网络；当使用电信卡作为非上网卡时，需要开通高清语音业务，未开通或者当地网络不支持高清语音业务则无法使用；,广电不支持 2G 和 3G 网络；广电不支持彩信业务；,不支持 TD-SCDMA 制式（移动 3G）；不支持 CDMA 2000 EVDO 制式（电信 3G）；不支持 CDMA 1X 制式（电信2G）；不支持 NSA 制式 (5G非独立组网);,双卡双通仅支持 SA 模式下 5G+5G 的部分频段组合，支持移动 / 联通 / 电信 / 广电的高清语音业务，实际使用情况取决于运营商当地网络和业务部署。,Wi-Fi 5、Wi-Fi 4 以及 802.11a / b / g,2.4G Wi-Fi | 5G Wi-Fi,Bluetooth 5.1,AAC / LDAC,B1I+B1C | GPS：L1 | Galileo：E1,G1 | QZSS：L1 | A-GNSS,支持 300+ 座城市，支持 40+ 张公交卡免费从旧手机迁移至新手机。（交通卡支持城市由于技术条件、城市等有所差异，以实际情况为准；刷卡终端可用范围及乘车优惠以当地政府及运营企业发布为准。）,支持线上 App 支付，线下刷卡、二维码支付、银联标签碰一碰支付。二维码支付支持银联标准二维码的主扫及被扫支付，支付宝、微信等标准的收款二维码主扫支付。,实体门卡、智能门锁、社区门卡、自定义空白卡。（仅能模拟频段为 13.56MHz 的门卡，有门卡功能的银行卡和带有储值消费、公交消费等功能的门卡即使模拟成功，这些卡片也不具备银行、公交等功能）,支持手机 NFC 解闭锁、启动引擎等功能。,,,,,,,,,,,,,,,,,,,,,,,,,,,,,,,,,,,,,,,,,,,,,,,,,,,,,,,,,,,,,,,,,,,,,,,,,,,,,,,,,,,,,,,,,,,,,,,,,,,,,,,,,,,,,,,,,,,,,,,,,,,,,,,,,,,,,,,,,,,,,,,,,,,,,,,,,,,,,,,,,,,,,,,,,,,,,,,,,,,,,,,,,,,,,,,,,,,,,,,,,,,,,,,,,,,,,,,,,,,,,,,,,,,,,,,,,,,,,,,,,,,,,,,,,,,,,,,,,,,,,,,,,,,,,,,,,,,,,,,,,,,,,,,,,,,,,,,,,,,,,,,,,,,,,,,,,,,,,,,,,,,,,,,,,,,,,,,,,,,,,,,,,,,,,,,,,,,,,,,,,,,,,,,,,,,,,,,,,,,,,,,,,,,,,,,,,,,,,,,,,,,,,,,,,,,,,,,,,,,,,,,,,,,,,,,,,,,,,,,,,,,,,,,,,,,,,,,,,,,,,,,,,,,,,,,,,,,,,,,,,,,,,,,,,,,,,,,,,,,,,,,
Xiaomi 15 Ultra,4999,1230803526,https://www.mi.com/prod/xiaomi-15-ultra/specs,,,,,,AMOLED (全等深微曲屏),3200 x 1440,最高 120Hz,最高 300Hz,,,3200nits,,,,,,,,,,,,,,,,,,,,,,,12GB / 16GB LPDDR5X 高速内存,256GB / 512GB / 1TB UFS 4.1 高速存储,台积电第二代 3nm 工艺制程,八核处理器，最高主频可达：4.32GHz,Adreno,高通 AI 引擎,1丨HDR10+丨HDR Vivid｜Dolby Vision,小米龙晶玻璃 2.0,50MP｜Sony's LYT-900 影像传感器｜超大感光元件｜f/1.63光圈｜等效 23mm 焦距｜,200MP｜三星 HP9｜f/2.6 光圈｜等效 100mm 焦距｜支持16合1 2.24μm 大像素输出｜,50MP｜Sony's IMX858｜f/1.8 光圈｜等效 70mm 焦距｜UIS 超级光学防抖｜10cm 微距,50MP｜f/2.2 大光圈｜等效14mm焦距｜115° 超广视角｜5cm 超级微距｜AF 自动对焦,30fps,30 / 60/ 120fps,30 / 60fps,30fps,720P 120fps / 240fps / 480fps / 960fps / 1920fps,30 / 60fps,30 / 60fps,30fps,n1 / n2 / n3 / n5 / n7 / n8 / n12 / n20 / n26 / n28 / n38 / n40 / n41 / n48 / n66 / n77 /,FDD-LTE：B1 / B2 / B3 / B4 / B5 / B7 / B8 / B12 / B17 / B18 / B19 / B20 / B26 / B28 / B66,B34 / B38 / B39 / B40 / B41 / B42 / B48,WCDMA：B1 / B2 / B4 / B5 / B6 / B8 / B19,GSM：B2 / B3 / B5 / B8,是否支持 5G 取决于当地运营商网络 ；当使用电信卡作为非上网卡时，需要开通高清语音业务，未开通或者当地网络不支持高清语音业务则无法,广电不支持2G和3G网络；广电不支持彩信业务；,不支持 TD-SCDMA 制式（移动 3G）；不支持CDMA 2000 EVDO制式（电信 3G）；不支持CDMA 1X制式（电信2G）；,双卡双通仅支持 SA 模式下 5G+5G 和 5G+4G 的部分频段组合，支持移动 / 联通 / 电信 / 广电的高清语音业务，实际使用情况取决于运营商当,*小米15 Ultra 支持天通卫星通信；小米15 Ultra双卫星版支持天通、北斗双卫星通信。以上功能需开通卫星运营商相关业务使用，实际使用情况取,Wi-Fi 7，Wi-Fi 6 增强版，Wi-Fi 5，Wi-Fi 4 以及 802.11a / b / g,2.4G Wi-Fi | 5G Wi-Fi,Bluetooth 5.4，Dual-Bluetooth,支持 300+座城市，支持 40+张公交卡免费从旧手机迁移至新手机（交通卡支持城市由于技术条件、城,支持线上应用内支付、线下刷卡、银联二维码支付、银联标签碰一碰支付。,支持实体门卡、智能门锁、社区门卡、自定义空白卡（仅能模拟频段为13.56MHz的门卡，有门卡功能的银,支持手机NFC解闭锁、启动引擎功能。,//www.mipay.com）,B1I + B1C+ B2a｜GPS: L1 + L5｜Galileo: E1 + E5a,G1｜QZSS: L1 + L5｜NavIC: L5,,,,,,,,,,,,,,,,,,,,,,,,,,,,,,,,,,,,,,,,,,,,,,,,,,,,,,,,,,,,,,,,,,,,,,,,,,,,,,,,,,,,,,,,,,,,,,,,,,,,,,,,,,,,,,,,,,,,,,,,,,,,,,,,,,,,,,,,,,,,,,,,,,,,,,,,,,,,,,,,,,,,,,,,,,,,,,,,,,,,,,,,,,,,,,,,,,,,,,,,,,,,,,,,,,,,,,,,,,,,,,,,,,,,,,,,,,,,,,,,,,,,,,,,,,,,,,,,,,,,,,,,,,,,,,,,,,,,,,,,,,,,,,,,,,,,,,,,,,,,,,,,,,,,,,,,,,,,,,,,,,,,,,,,,,,,,,,,,,,,,,,,,,,,,,,,,,,,,,,,,,,,,,,,,,,,,,,,,,,,,,,,,,,,,,,,,,,,,,,,,,,,,,,,,,,,,,,,,,,,,,,,,,,,,,,,,,,,,,,,,,,,,,,,,,,,,,,,,,,,,,,
REDMI K100 Pro Max,4499,1230808645,https://www.mi.com/prod/redmi-k100-pro-max/specs,163.49mm,77.94mm,8.45mm,238g,,,,,,,,,,,,,,,,,,,,,,,,,,,,,,,,,,,,,,,,,,,,,,,,,,,n1/n3/n5/n7/n8/n18/n26/n28/n66/n38/n40/n41/n48/n77/n78,,,,,是否支持 5G 取决于当地运营商网络；当使用电信卡作为非上网卡时，需要开通高清语音业务，未开通或者当地网络不支持高清语音业务,,,,,Wi-Fi 7、Wi-Fi 6、Wi-Fi 5、Wi-Fi 4 以及 802.11a / b / g,2.4G Wi-Fi | 5G Wi-Fi,,,,,,,B1I+B1C+B2a｜GPS：L1+L5,,AMOLED 直屏,2608 x 1200 新一代超级像素,最高 185Hz*,最高 480Hz,最高 4800Hz*,4500nits,1nit,30fps,30/60fps,30fps,120fps,30fps,30 / 60fps,30 / 60fps,30fps,720P 120fps / 240fps / 480fps / 960fps / 1920fps,广电不支持 2G 和 3G 网络；广电不支持彩信业务；,不支持 TD-SCDMA 制式（移动 3G）；不支持 CDMA 2000 EVDO 制式（电信 3G）；不支持 CDMA 1X 制式（电信2G）；,双卡双通仅支持 SA 模式下 5G+5G 和 5G+4G 的部分频段组合，支持移动 / 联通 / 电信 / 广电的高清语音业务，实际使用情况取决于运营,FDD-LTE：B1/B3/B4/B5/B7/B8/B18/B19/B26/B28/B66,B34/B38/B39/B40/B41/B42/B43/B48,WCDMA：B1/B4/B5/B6/B8/B19,GSM：B3/B5/B8,AAC / LDAC / LHDC 5.0 / LC3 / ASHA / Auracast / MIHC,E1+E5a | GLONASS：G1｜QZSS：L1+L5｜NavIC,支持 300+ 座城市，支持 40+ 张公交卡免费从旧手机迁移至新手机。（交通卡支持,支持线上 App 支付，线下刷卡、二维码支付、银联标签碰一碰支付。二维码支付支持,实体门卡、智能门锁、社区门卡、自定义空白卡。（仅能模拟频段为 13.56MHz 的门卡，,支持手机 NFC 解闭锁、启动引擎等功能。,//www.mipay.com）,,,,,,,,,,,,,,,,,,,,,,,,,,,,,,,,,,,,,,,,,,,,,,,,,,,,,,,,,,,,,,,,,,,,,,,,,,,,,,,,,,,,,,,,,,,,,,,,,,,,,,,,,,,,,,,,,,,,,,,,,,,,,,,,,,,,,,,,,,,,,,,,,,,,,,,,,,,,,,,,,,,,,,,,,,,,,,,,,,,,,,,,,,,,,,,,,,,,,,,,,,,,,,,,,,,,,,,,,,,,,,,,,,,,,,,,,,,,,,,,,,,,,,,,,,,,,,,,,,,,,,,,,,,,,,,,,,,,,,,,,,,,,,,,,,,,,,,,,,,,,,,,,,,,,,,,,,,,,,,,,,,,,,,,,,,,,,,,,,,,,,,,,,,,,,,,,,,,,,,,,,,,,,,,,,,,,,,,,,,,,,,,,,,,,,,,,,,,,,,,,,,,,,,,,,,,,,,,,,,,,,,,,,,,,,,,,
Xiaomi 17 Ultra,6999,1230805810,https://www.mi.com/prod/xiaomi-17-ultra/specs,162.9mm,77.6mm,8.29mm,223.4g（黑色、白色、冷烟紫）；224g（星空绿）,,,,,,,,,,,,,,,,,,,,,,,,,,,,,,,12GB / 16GB LPDDR5X 高速内存,512GB / 1TB UFS 4.1 高速存储,,,,高通 AI 引擎,,,,,,,,,,,,30 / 60fps,30 / 60fps,30fps,n1 / n2 / n3 / n5 / n7 / n8 / n12 / n13 / n18 / n20 / n25 / n26 / n28 / n38 / n40 / n41 / n48 /,FDD-LTE：B1 / B2 / B3 / B4 / B5 / B7 / B8 / B12 / B13 / B17 / B18 / B19 / B20 / B25 / B26 / B28 / B66,B34 / B38 / B39 / B40 / B41 / B42 / B48,WCDMA：B1 / B2 / B4 / B5 / B6 / B8 / B19,GSM：B2 / B3 / B5 / B8,是否支持 5G 取决于当地运营商网络 ；当使用电信卡作为非上网卡时，需要开通高清语音业务，,,,,,Wi-Fi 7，Wi-Fi 6 增强版，Wi-Fi 5，Wi-Fi 4 以及 802.11a / b / g,2.4G Wi-Fi | 5G Wi-Fi,Bluetooth 5.4，Dual-Bluetooth,支持 300+ 座城市，支持 40+ 张公交卡免费从旧手机迁移至新手机。（交通卡支持城市由于技术,支持线上 App 支付，线下刷卡、二维码支付、银联标签碰一碰支付。二维码支付支持银联标准,实体门卡、智能门锁、社区门卡、自定义空白卡。（仅能模拟频段为 13.56MHz 的门卡，有门卡功能的,支持手机 NFC 解闭锁、启动引擎等功能。,//www.mipay.com）,B1I + B1C + B2a｜GPS: L1 + L5｜Galileo: E1 + E5a,G1｜QZSS: L1 + L5｜NavIC: L5,,,,,,,,,,,,,,,,,,,,,,,,,,,,,,,100 L/min；(3)测试时间：3min； (4)喷嘴到外壳表面距离: 2.5m~3m】、IP68级别【防水条件为（1)无流动清水，水深6米;,30s/位置； (4)水流量：(15±1) L/min;(5) 水温：80摄氏度】。本产品非专业防水手机，防溅、防水功能并非永久有效，,4842025753800，IP69报告编号：4842025770200）。,USB Type-C （仅支持 Type-C 数字耳机）,广电不支持2G和3G网络；广电不支持彩信业务；,不支持 TD-SCDMA 制式（移动 3G）；不支持CDMA 2000 EVDO制式（电信 3G）；不支持CDMA 1X制式（电信2G）；,双卡双通仅支持 SA 模式下 5G+5G 和 5G+4G 的部分频段组合，支持移动 / 联通 / 电信 / 广电的高清语音业务，,50MP｜光影猎人1050L影像传感器｜,200MP｜1/1.4″ 超大底传感器｜,50MP｜,30fps,30 / 60 / 120fps,30 / 60fps,30fps,720P 120fps / 240fps / 480fps / 960fps / 1920fps,AMOLED,2608 x 1200 超级像素,最高 120Hz,最高 300Hz,支持 P3 广色域,1nit,3500nits,小米龙晶玻璃3.0,HDR10+丨HDR Vivid｜Dolby Vision,台积电第三代 3nm 工艺制程,高通第三代Oryon架构处理器，最高主频4.60GHz,Adreno,,,,,,,,,,,,,,,,,,,,,,,,,,,,,,,,,,,,,,,,,,,,,,,,,,,,,,,,,,,,,,,,,,,,,,,,,,,,,,,,,,,,,,,,,,,,,,,,,,,,,,,,,,,,,,,,,,,,,,,,,,,,,,,,,,,,,,,,,,,,,,,,,,,,,,,,,,,,,,,,,,,,,,,,,,,,,,,,,,,,,,,,,,,,,,,,,,,,,,,,,,,,,,,,,,,,,,,,,,,,,,,,,,,,,,,,,,,,,,,,,,,,,,,,,,,,,,,,,,,,,,,,,,,,,,,,,,,,,,,,,,,,,,,,,,,,,,,,,,,,,,,,,,,,,,,,,,,,,,,,,,,,,,,,,,,,,,,,,,,,,,,,,,,,,,,,,,,,,,,,,,,,,,,,,,,,,,,,,,,,,,,,,,,,,,,,,,,,,,,,,,,,,,
Redmi Note 14 5G,1499,1230802686,https://www.mi.com/prod/redmi-note-14-5g/specs,,75.7mm,7.99mm,190g,6.67 英寸,,2400 × 1080,,240Hz,2160Hz,,,,,,,,,,,,,,,,,,,,,,,,,,,,,,,,,,,,,,,,,,,,,,,B34｜B38｜B39｜B40｜B41,,,,,,,,Wi-Fi 5、Wi-Fi 4 以及 802.11a/b/g,2.4G Wi-Fi｜5G Wi-Fi,,,,,,,B1I ｜GPS：L1｜Galileo：E1 | GLONASS：G1,,,,,,,,,,,,,,,,,,,,,,,,,AAC / LDAC  / ASHA,,,,,,,,,,,,,,,,,,,,,,,,,,,,,,,,,,162.4mm,八核处理器，最高主频 2.5 GHz,2100nits,"5,000,000:1",最高支持 120Hz,Type-C 充电接口,30FPS,30FPS,120FPS,5G+5G,n1｜n5｜n8｜n28A｜n41｜n78,n41｜n78,B3｜B5｜B8,BC0,B1｜B5｜B8,B1｜ B3｜B5｜B8,,,,,,,,,,,,,,,,,,,,,,,,,,,,,,,,,,,,,,,,,,,,,,,,,,,,,,,,,,,,,,,,,,,,,,,,,,,,,,,,,,,,,,,,,,,,,,,,,,,,,,,,,,,,,,,,,,,,,,,,,,,,,,,,,,,,,,,,,,,,,,,,,,,,,,,,,,,,,,,,,,,,,,,,,,,,,,,,,,,,,,,,,,,,,,,,,,,,,,,,,,,,,,,,,,,,,,,,,,,,,,,,,,,,,,,,,,,,,,,,,,,,,,,,,,,,,,,,,,,,,,,,,,,,,,,,,,,,,,,,,,,,,,,,,,,,,,,,,,,,,,,,,,,,,,,,,,,,,,,,,,,,,,,,,,,,,,,,,,,,,,,,,,,,,,,,,,,,,,,,,,,,,,,,,,,,,,,,,,,,,,,,,,,,,,
Xiaomi Civi 4 Pro,2299,1230801727,https://www.mi.com/prod/xiaomi-civi-4-pro/specs,157.2mm,72.77mm,柔雾粉、微风蓝、星空黑7.45mm；春野绿7.75mm；限量定制色7.75mm,柔雾粉、微风蓝、星空黑179.3g；春野绿177.6g；限量定制色180.9g,6.55″,AMOLED全等深微曲屏,2750 x 1236,最高120Hz,最高240Hz,,,,,,,,,,,,,,,,,,,,,,,,,,,,,,,,,,,,,,,,,,,,,,"n1/n3/n5/n8/n28a（上行:703MHz-733MHz,下行:758MHz-788MHz）/n38/n40/n41/n48/n66/n77/n78",FDD-LTE:B1/B3/B4/B5/B8/B18/B19/B26/B28a/B66,B34/B38/B39/B40/B41/B42/B48,WCDMA: B1/B4/B5/B6/B8/B19,GSM: B3/B5/B8；CDMA1X: BC0,,,,,,WiFi 6，WiFi 5，WiFi 4 以及 802.11a / b / g,2.4G WiFi | 5G WiFi,Bluetooth 5.4,,,,,,B1I + B1C｜GPS: L1｜Galileo: E1,G1｜QZSS: L1,,,,,,,,,,,,,,,,,,,,,,,,,,,,,,,,,,,广电不支持2G和3G网络 ; 广电不支持彩信业务；,不支持 TD-SCDMA 制式（移动 3G）; 不支持CDMA 2000 EVDO 制式（电信 3G）;,双卡双通仅支持 SA 模式下 5G+5G 和 5G+4G 的部分频段组合，支持移动 / 联通 / 电信 / 广电的 高清语音业务， 实际使用情况取决于运营商当地,,,,,,,,,,,,,,,,,,,,,,,3000nit,,,,,,,,,,,,,,LPDDR5X 高速内存,256GB / 512GB UFS 4.0高速存储,台积电 4nm 工艺制程,八核处理器，最高主频可达：3.0GHz,Adreno GPU,Hexagon Tensor Processor,DCI-P3色域,康宁,支持 300+ 座城市，支持 40+ 种公交卡*移卡，支持免费旧卡移新机以及卡内余额同步迁移。（交,支持线上APP支付，线下刷卡、银联二维码支付、银联标签碰一碰支付。 门卡：支持模拟实体门卡、,//www.mipay.com/#/）,,,,,,,,,,,,,,,,,,,,,,,,,,,,,,,,,,,,,,,,,,,,,,,,,,,,,,,,,,,,,,,,,,,,,,,,,,,,,,,,,,,,,,,,,,,,,,,,,,,,,,,,,,,,,,,,,,,,,,,,,,,,,,,,,,,,,,,,,,,,,,,,,,,,,,,,,,,,,,,,,,,,,,,,,,,,,,,,,,,,,,,,,,,,,,,,,,,,,,,,,,,,,,,,,,,,,,,,,,,,,,,,,,,,,,,,,,,,,,,,,,,,,,,,,,,,,,,,,,,,,,,,,,,,,,,,,,,,,,,,,,,,,,,,,,,,,,,,,,,,,,,,,,,,,,,,,,,,,,,,,,,,,,,,,,,,,,,,,,,,,,,,,,,,,,,,,,,,,,,,,,,,,,,,,,,,,,,,,,,
Xiaomi 15 Pro,4999,1230802937,https://www.mi.com/prod/xiaomi-15-pro/specs,,,,,,AMOLED (全等深微曲屏),3200 x 1440,最高 120Hz,最高 300Hz,,,3200nits,,,,,,,,,,,,,,,,,,,,,,,12GB / 16GB LPDDR5X 高速内存,256GB / 512GB / 1TB UFS 4.0 高速存储,台积电第二代 3nm 工艺制程,八核处理器，最高主频可达：4.32GHz,Adreno,高通 AI 引擎,1丨HDR10+丨HDR Vivid｜Dolby Vision,小米龙晶玻璃 2.0,,,,,,,,,,30 / 60fps,30 / 60fps,30fps,n1 / n2 / n3 / n5 / n7 / n8 / n12 / n20 / n26 / n28 / n38 / n40 / n41 / n48 / n66 / n77 /,FDD-LTE：B1 / B2 / B3 / B4 / B5 / B7 / B8 / B12 / B17 / B18 / B19 / B20 / B26 / B28 / B66,B34 / B38 / B39 / B40 / B41 / B42 / B48,WCDMA：B1 / B2 / B4 / B5 / B6 / B8 / B19,GSM：B2 / B3 / B5 / B8,是否支持 5G 取决于当地运营商网络 ；当使用电信卡作为非上网卡时，需要开通高清语音业务，未开通或者当地网络不支持高清语音业务,,,,,Wi-Fi 7，Wi-Fi 6 增强版，Wi-Fi 5，Wi-Fi 4 以及 802.11a / b / g,2.4G Wi-Fi | 5G Wi-Fi,Bluetooth 5.4，Dual-Bluetooth,支持 300+座城市，支持 40+张公交卡免费从旧手机迁移至新手机（交通卡支持城市由于技术条件、城,支持线上应用内支付、线下刷卡、银联二维码支付、银联标签碰一碰支付。,支持实体门卡、智能门锁、社区门卡、自定义空白卡（仅能模拟频段为13.56MHz的门卡，有门卡功能的银,支持手机NFC解闭锁、启动引擎功能。,//www.mipay.com）,B1I + B1C+ B2a｜GPS: L1 + L5｜Galileo: E1 + E5a,G1｜QZSS: L1 + L5,,,,,,,,,,,,,,,,,广电不支持2G和3G网络；广电不支持彩信业务；,不支持 TD-SCDMA 制式（移动 3G）；不支持CDMA 2000 EVDO制式（电信 3G）；不支持CDMA 1X制式（电信2G）；,双卡双通仅支持 SA 模式下 5G+5G 和 5G+4G 的部分频段组合，支持移动 / 联通 / 电信 / 广电的高清语音业务，实际使用情况取决于运,,,,,,,,,,,,,,,,,,,,,,,,,,,,,,,,,,,,,,,,,,,,,,,,,,,,,,,,,,,,,,,,,,50MP｜f/1.44 大光圈｜等效 23mm 焦距｜支持四合一 2.4μm 大像素输出｜,50MP｜f/2.5 大光圈｜等效 120mm 焦距｜30cm 长焦微距｜支持 OIS 光学防抖,50MP｜f/2.2 大光圈｜等效14mm焦距｜115° 超广视角｜5cm 超级微距｜AF 自动对焦,24 / 30fps,24 / 30 / 60fps,30 / 60fps,30fps,720P 120fps / 240fps / 480fps / 960fps / 1920fps,,,,,,,,,,,,,,,,,,,,,,,,,,,,,,,,,,,,,,,,,,,,,,,,,,,,,,,,,,,,,,,,,,,,,,,,,,,,,,,,,,,,,,,,,,,,,,,,,,,,,,,,,,,,,,,,,,,,,,,,,,,,,,,,,,,,,,,,,,,,,,,,,,,,,,,,,,,,,,,,,,,,,,,,,,,,,,,,,,,,,,,,,,,,,,,,,,,,,,,,,,,,,,,,,,,,,,,,,,,,,,,,,,,,,,,,,,,,,,,,,,,,,,,,,,,,,,,,,,,,,,,,,,,,,,,,,,,,,,,,,,,,,,,,,,,,,,,,,,,,,,,,,,,,,,,,,,,,,,,,,,,,,,,,,,,,,,,,,,,,,,,,,,,,,,,,,,,,,,,,,,,,,,,,,,,
Redmi Note 13 Pro,1699,1230800929,https://www.mi.com/prod/redmi-note-13-pro/specs,,,,,,,,,,,,,,,,,,,,,,,,,,,,,,,,,,,,,,,,,,,,,,,,,,,,,,,,,,,,,,,,,,,,,,,,,,,,,,,,,,,,,,,,,,,,,,,,,,,,,,,,,,,,,,,,,,,,,,,,,,,,,,,,,,,,,,,,,,,,,,,,,,,,,,,,,,,,,,,,,,,,,,,,,,,,,,,,,,,,,,,,,,,,,,,,,,,,,,,,,,,,,,,,,,,,,,,,,,,,,,,,,,,,,,,,,,,,,,,,,,,,,,,,,,,,,,,,,,,,,,,,,,,,,,,,,,,,,,,,,,,,,,,,,,,,,,,,,,,,,,,,,,,,,,,,,,,,,,,,,,,,,,,,,,,,,,,,,,,,,,,,,,,,,,,,,,,,,,,,,,,,,,,,,,,,,,,,,,,,,,,,,,,,,,,,,,,,,,,,,,,,,,,,,,,,,,,,,,,,,,,,,,,,,,,,,,,,,,,,,,,,,,,,,,,,,,,,,,,,,,,,,,,,,,,,,,,,,,,,,,,,,,,,,,,,,,,,,,,,,,,,,,,,,,,,,,,,,,,,,,,,,,,,,,,,,,,,,
Redmi K70 至尊版,2249,1230802290,https://www.mi.com/prod/redmi-k70-ultimate/specs,,,,,,,,,,,,,,,,,,,,,,,,,,,,,,,,,,,,,,,,,,,,,,,,,,,,,,,,,,,,,,,,,,,,,,,,,,,,,,,,,,,,,,,,,,,,,,,,,,,,,,,,,,,,,,,,,,,,,,,,,,,,,,,,,,,,,,,,,,,,,,,,,,,,,,,,,,,,,,,,,,,,,,,,,,,,,,,,,,,,,,,,,,,,,,,,,,,,,,,,,,,,,,,,,,,,,,,,,,,,,,,,,,,,,,,,,,,,,,,,,,,,,,,,,,,,,,,,,,,,,,,,,,,,,,,,,,,,,,,,,,,,,,,,,,,,,,,,,,,,,,,,,,,,,,,,,,,,,,,,,,,,,,,,,,,,,,,,,,,,,,,,,,,,,,,,,,,,,,,,,,,,,,,,,,,,,,,,,,,,,,,,,,,,,,,,,,,,,,,,,,,,,,,,,,,,,,,,,,,,,,,,,,,,,,,,,,,,,,,,,,,,,,,,,,,,,,,,,,,,,,,,,,,,,,,,,,,,,,,,,,,,,,,,,,,,,,,,,,,,,,,,,,,,,,,,,,,,,,,,,,,,,,,,,,,,,,,,,
Redmi Note 14 Pro,1399,1230802679,https://www.mi.com/prod/redmi-note-14-pro/specs,162.33mm,74.42mm,8.24mm（PU 8.46mm）,190g,,,,,,,,,,,,,,,,,,,,,,,,,,,,,,,,,,,,,,,,,,,,,,,,,,,n1/n3/n5/n8/n28a/n38/n41/n77/n78,FDD-LTE：B1/B3/B5/B8/B19,B34/B38/B39/B40/B41,WCDMA：B1/B5/B6/B8/B19,GSM：B3/B5/B8；CDMA 1X：BC0,是否支持 5G 取决于当地运营商网络；当使用两张电信卡时，非上网卡需要开通高清语音业务，未开通或者当地网络不支持高清,,,,,Wi-Fi 6、Wi-Fi 5、Wi-Fi 4 以及 802.11a/b/g,2.4G Wi-Fi｜5G Wi-Fi,,,,,,,B1I｜GPS：L1｜Galileo：E1,G1｜QZSS：L1｜A-GPS,,,,,,,,,,,,,,,,,,,,,,,,AAC / LDAC / LHDC 5.0 / ASHA,,,,,,,,,,,,,,,,,,,,,,,,,,,,,,,,,,,,,,,,,,,,,,,,,,8GB / 12GB,128GB / 256GB / 512GB,,,,,,,,,,,,,,,,,,台积电 4nm 工艺制程,八核处理器，最高主频 2.5 GHz,Mali-G615 MC2,6.67 英寸,2712 x 1220,"5,000,000:1",3000nits,最高 120Hz,最高 480Hz,2560Hz,24 / 30FPS,30 / 60FPS,120FPS,30FPS,120 / 240FPS,广电不支持 2G 和 3G 网络；广电不支持彩信业务；,不支持 TD-SCDMA 制式（移动 3G）；不支持 CDMA 2000  EVDO  制式 (电信3G)；,双卡双通仅支持 5G+4G 的部分频段组合，支持移动 / 联通 / 电信 / 广电的高清语音业务， 实际使用情况取决于运营商,支持 300+ 座城市，支持 40+ 张公交卡免费从旧手机迁移至新手机。（交通卡支持,支持线上 App 支付，线下刷卡、二维码支付、银联标签碰一碰支付。二维码支付,实体门卡、智能门锁、社区门卡、自定义空白卡。（仅能模拟频段为 13.56MHz 的,支持。,//www.mipay.com）,,,,,,,,,,,,,,,,,,,,,,,,,,,,,,,,,,,,,,,,,,,,,,,,,,,,,,,,,,,,,,,,,,,,,,,,,,,,,,,,,,,,,,,,,,,,,,,,,,,,,,,,,,,,,,,,,,,,,,,,,,,,,,,,,,,,,,,,,,,,,,,,,,,,,,,,,,,,,,,,,,,,,,,,,,,,,,,,,,,,,,,,,,,,,,,,,,,,,,,,,,,,,,,,,,,,,,,,,,,,,,,,,,,,,,,,,,,,,,,,,,,,,,,,,,,,,,,,,,,,,,,,,,,,,,,,,,,,,,,,,,,,,,,,,,,,,,,,,,,,,,,,,,,,,,,,,,,,,,,,,,,,,,,,,,,,,,,,,,,,,,,,,,,,
REDMI K80 Pro,3399,1230803209,https://www.mi.com/prod/redmi-k80-pro/specs,,74.95mm,8.39mm,212g,,,,,,,,,,,,n1/n3/n5/n7/n8/n26/n28/n38/n40/n41/n48/n66/,FDD-LTE：B1/B3/B4/B5/B7/B8/B18/B19/B26/B28/B66,B34/B38/B39/B40/B41/B42/B48,,,,,,,,,,,B1I + B1C+ B2a｜GPS: L1 + L5｜Galileo: E1 + E5a,,支持 300+ 座城市，支持 40+ 张公交卡免费从旧手机迁移至新手机。（交通卡支持城市由于技术条件、城市等有所差异，,支持线上 App 支付，线下刷卡、二维码支付、银联标签碰一碰支付。二维码支付支持银联标准二维码的主扫及被扫,实体门卡、智能门锁、社区门卡、自定义空白卡。（仅能模拟频段为 13.56MHz 的门卡，有门卡功能的银行卡和带有储,支持手机 NFC 解闭锁、启动引擎等功能。,,,,,,,,,,,,,,,,,,,,,,,,,,,,,,,,,,,,,,,,,,,,,,,,,,,,,,,,,,,,,,,,,,,,,,,,,,,,,,,,,,,,,,,,,,,,,,,,,,160.26mm,,,,,,,,,,,,,,,,,,,,,,,,,,,,,,,,,,,,,,,,,,,,,,,,,,,,,,,,,,6.67 英寸,3200*1440,"5,000,000:1",1800nit,3200nit,最高 120Hz,最高 480Hz,最高 2560Hz*,小米龙晶玻璃 2.0,50MP 传感器｜高动态DXG｜OIS 光学防抖 ｜1/1.55″感光元件｜4in1 2.0μm 融合像素｜6P 镜头｜f/1.6 光圈,AI大模型计算摄影平台,24fps,24/30/60fps,30/60fps,30fps,120/240/960fps,120/240/480/960/1920fps,WCDMA：B1/B4/B5/B6/B8/B19,GSM：B3/B5/B8 ;,是否支持 5G 取决于当地运营商网络；当使用电信卡作为非上网卡时，需要开通高清语音业务，未开通或者当地网络不支持高清语音业务则无法使用；,广电不支持2G和3G网络; 广电不支持彩信业务；,不支持 TD-SCDMA 制式 (移动 3G); 不支持 CDMA 2000  EVDO 制式 (电信3G)；不支持 CDMA 1X 制式 (电信2G)；,双卡双通仅支持5G+5G和5G+4G的部分频段组合，支持移动 / 联通 / 电信 / 广电的高清语音业务，实际使用情况取决于运营商当地网络和业务部署;,Wi-Fi 7，Wi-Fi 6 增强版，Wi-Fi 5，Wi-Fi 4 以及 802.11a / b / g,2.4G Wi-Fi | 5G Wi-Fi,Bluetooth 5.4，Dual-Bluetooth,SBC/AAC/AptX/AptX HD/AptX Adaptive/LDAC/LHDC 5.0/LC3/ASHA/Auracast,//www.mipay.com）,,,,,,,,,,,,,,,,,,,,,,,,,,,,,,,,,,,,,,,,,,,,,,,,,,,,,,,,,,,,,,,,,,,,,,,,,,,,,,,,,,,,,,,,,,,,,,,,,,,,,,,,,,,,,,,,,,,,,,,,,,,,,,,,,,,,,,,,,,,,,,,,,,,,,,,,,,,,,,,,,,,,,,,,,,,,,,,,,,,,,,,,,,,,,,,,,,,,,,,,,,,,,,,,,,,,,,,,,,,,,,,,,,,,,,,,,,,,,,,,,,,,,,,,,,,,,,,,,,,,,,,,,,,,,,,,,,,,,,,,,,,,,,,,,,,,,,,,,,,,,,,,,,,,,,,,,,,,,,,,
REDMI K100 Pro,3999,1230808639,https://www.mi.com/prod/redmi-k100-pro/specs,157.49mm,75.25mm,8.55mm,218g,,AMOLED 直屏,2510 x 1156 新一代超级像素,最高 185Hz*,最高 480Hz,最高 4800Hz*,1nit,4500nits,,,,n1/n3/n5/n7/n8/n18/n26/n28/n66/n38/n40/n41/n48/n77/n78,FDD-LTE：B1/B3/B4/B5/B7/B8/B18/B19/B26/B28/B66,B34/B38/B39/B40/B41/B42/B43/B48,WCDMA：B1/B4/B5/B6/B8/B19,GSM：B3/B5/B8,是否支持 5G 取决于当地运营商网络；当使用电信卡作为非上网卡时，需要开通高清语音业务，未开通或者当地网络不支持高清语音业务则无法使用；,广电不支持 2G 和 3G 网络；广电不支持彩信业务；,不支持 TD-SCDMA 制式（移动 3G）；不支持 CDMA 2000 EVDO 制式（电信 3G）；不支持 CDMA 1X 制式（电信2G）；,双卡双通仅支持 SA 模式下 5G+5G 和 5G+4G 的部分频段组合，支持移动 / 联通 / 电信 / 广电的高清语音业务，实际使用情况取决于运营商当地网络和业务部署。,Wi-Fi 7、Wi-Fi 6、Wi-Fi 5、Wi-Fi 4 以及 802.11a / b / g,2.4G Wi-Fi | 5G Wi-Fi,,AAC / LDAC / LHDC 5.0 / LC3 / ASHA / Auracast / MIHC,B1I+B1C+B2a｜GPS：L1+L5,,支持 300+ 座城市，支持 40+ 张公交卡免费从旧手机迁移至新手机。（交通卡支持城市由于技术条件、城市等有所差异，以实际情况为准；刷卡终端可用范围及乘车优惠以当地政府及运营企业发布为准。）,支持线上 App 支付，线下刷卡、二维码支付、银联标签碰一碰支付。二维码支付支持银联标准二维码的主扫及被扫支付，支付宝、微信等标准的收款二维码主扫支付。,实体门卡、智能门锁、社区门卡、自定义空白卡。（仅能模拟频段为 13.56MHz 的门卡，有门卡功能的银行卡和带有储值消费、公交消费等功能的门卡即使模拟成功，这些卡片也不具备银行、公交等功能）,支持手机 NFC 解闭锁、启动引擎等功能。,,,,,,,,,,,,,,,,,,,,,,,,,,,,,,,,,,,,,,,,,,,,,,,,30fps,30 / 60fps,30 / 60fps,,,,,,,,,,,,,,,,,,,,,,,,,,,,,,,,,,,,,,,,,,,,,,,,,,,,,,,,,,,,,,,,,,,,,,,,,,,,,,,,,,,,,,,,,,,,,,,,,,,,,,,,,,,,,,,,,,,,,,,,,,,,,,,,,,,,,,30fps,30/60fps,30fps,120fps,720P 120fps / 240fps / 480fps / 960fps / 1920fps,E1+E5a | GLONASS：G1｜QZSS：L1+L5｜NavIC,,,,,,,,,,,,,,,,,,,,,,,,,,,,,,,,,,,,,,,,,,,,,,,,,,,,,,,,,,,,,,,,,,,,,,,,,,,,,,,,,,,,,,,,,,,,,,,,,,,,,,,,,,,,,,,,,,,,,,,,,,,,,,,,,,,,,,,,,,,,,,,,,,,,,,,,,,,,,,,,,,,,,,,,,,,,,,,,,,,,,,,,,,,,,,,,,,,,,,,,,,,,,,,,,,,,,,,,,,,,,,,,,,,,,,,,,,,,,,,,,,,,,,,,,,,,,,,,,,,,,,,,,,,,,,,,,,,,,,,,,,,,,,,,,,,,,,,,,,,,,,,,,,,,,,,,,,
Redmi Note 14 Pro+,1999,1230802683,https://www.mi.com/prod/redmi-note-14-pro-plus/specs,,,,,,,,,,,,,,,,,,,,,,,,,,,,,,,,,,,,,,,,,,,,,,,,,,,,,,,,,,,,,,,,,,,,,,,,,,,,,,,,,,,,,,,,,,,,,,,,,,,,,,,,,,,,,,,,,,,,,,,,,,,,,,,,,,,,,,,,,,,,,,,,,,,,,,,,,,,,,,,,,,,,,,,,,,,,,,,,,,,,,,,,,,,,,,,,,,,,,,,,,,,,,,,,,,,,,,,,,,,,,,,,,,,,,,,,,,,,,,,,,,,,,,,,,,,,,,,,,,,,,,,,,,,,,,,,,,,,,,,,,,,,,,,,,,,,,,,,,,,,,,,,,,,,,,,,,,,,,,,,,,,,,,,,,,,,,,,,,,,,,,,,,,,,,,,,,,,,,,,,,,,,,,,,,,,,,,,,,,,,,,,,,,,,,,,,,,,,,,,,,,,,,,,,,,,,,,,,,,,,,,,,,,,,,,,,,,,,,,,,,,,,,,,,,,,,,,,,,,,,,,,,,,,,,,,,,,,,,,,,,,,,,,,,,,,,,,,,,,,,,,,,,,,,,,,,,,,,,,,,,,,,,,,,,,,,,,,,,
Redmi 14C,799,1230803367,https://www.mi.com/prod/redmi-14c/specs,,77.8mm,8.22mm,204g （板材电池盖）,,,,,,,,,,,,,,B34 / B38 / B39 / B40 / B41(120MHz),,,,,,,,,,,,,,,,,,,,,,,,,,,,,,,,,,,,,,,,,,,,,,,,,,,,,,,,,,,,,,,,,,,,,,,,,,,,,,,,,,,,,,,,,,,,,,,,,,,,,,,,,,,,,,,,,,171.88mm,,,,,,,,,,,,,,,,,,,,,,,,,,,,,,,,,,,,,,,,,,,,,,,,,,,,,,,,,,,,,,,,,,,,,,,,,,,,,,,,,,,Bluetooth5.4,,,,,,,,,6.88英寸,1640*720,最高120Hz,600nit,最高240Hz,B1 / B3 / B5 / B8,B1 / B5 / B8,B3 / B5 / B8; CDMA 1X:BC0,广电不支持2G 和3G 网络；广电不支持彩信业务；,不支持 TD-SCDMA 制式（移动 3G）；不支持CDMA 2000 EVDO 制式（电信 3G）;,支持移动 / 联通 / 电信 / 广电的 VoLTE 业务， 实际使用情况取决于运营商当地网络和业务部署;,Wi-Fi 5 802.11a/n/ac and Wi-Fi 4 802.11b/g/n,2.4G WiFi  5G WiFi,128x96、176x144、352x288、,,,,,,,,,,,,,,,,,,,,,,,,,,,,,,,,,,,,,,,,,,,,,,,,,,,,,,,,,,,,,,,,,,,,,,,,,,,,,,,,,,,,,,,,,,,,,,,,,,,,,,,,,,,,,,,,,,,,,,,,,,,,,,,,,,,,,,,,,,,,,,,,,,,,,,,,,,,,,,,,,,,,,,,,,,,,,,,,,,,,,,,,,,,,,,,,,,,,,,,,,,,,,,,,,,,,,,,,,,,,,,,,,,,,,,,,,,,,,,,,,,,,,,,,,,,,,,,,,,,,,,,,,,,,,,,,,,,,,,,,,,,,,,,,,,,,,,,,,,,,
Xiaomi 17 Ultra 徕卡版,7999,1230805813,https://www.mi.com/prod/xiaomi-17-ultra/specs,162.9mm,77.6mm,8.29mm,223.4g（黑色、白色、冷烟紫）；224g（星空绿）,,,,,,,,,,,,,,,,,,,,,,,,,,,,,,,12GB / 16GB LPDDR5X 高速内存,512GB / 1TB UFS 4.1 高速存储,,,,高通 AI 引擎,,,,,,,,,,,,30 / 60fps,30 / 60fps,30fps,n1 / n2 / n3 / n5 / n7 / n8 / n12 / n13 / n18 / n20 / n25 / n26 / n28 / n38 / n40 / n41 / n48 /,FDD-LTE：B1 / B2 / B3 / B4 / B5 / B7 / B8 / B12 / B13 / B17 / B18 / B19 / B20 / B25 / B26 / B28 / B66,B34 / B38 / B39 / B40 / B41 / B42 / B48,WCDMA：B1 / B2 / B4 / B5 / B6 / B8 / B19,GSM：B2 / B3 / B5 / B8,是否支持 5G 取决于当地运营商网络 ；当使用电信卡作为非上网卡时，需要开通高清语音业务，,,,,,Wi-Fi 7，Wi-Fi 6 增强版，Wi-Fi 5，Wi-Fi 4 以及 802.11a / b / g,2.4G Wi-Fi | 5G Wi-Fi,Bluetooth 5.4，Dual-Bluetooth,支持 300+ 座城市，支持 40+ 张公交卡免费从旧手机迁移至新手机。（交通卡支持城市由于技术,支持线上 App 支付，线下刷卡、二维码支付、银联标签碰一碰支付。二维码支付支持银联标准,实体门卡、智能门锁、社区门卡、自定义空白卡。（仅能模拟频段为 13.56MHz 的门卡，有门卡功能的,支持手机 NFC 解闭锁、启动引擎等功能。,//www.mipay.com）,B1I + B1C + B2a｜GPS: L1 + L5｜Galileo: E1 + E5a,G1｜QZSS: L1 + L5｜NavIC: L5,,,,,,,,,,,,,,,,,,,,,,,,,,,,,,,100 L/min；(3)测试时间：3min； (4)喷嘴到外壳表面距离: 2.5m~3m】、IP68级别【防水条件为（1)无流动清水，水深6米;,30s/位置； (4)水流量：(15±1) L/min;(5) 水温：80摄氏度】。本产品非专业防水手机，防溅、防水功能并非永久有效，,4842025753800，IP69报告编号：4842025770200）。,USB Type-C （仅支持 Type-C 数字耳机）,广电不支持2G和3G网络；广电不支持彩信业务；,不支持 TD-SCDMA 制式（移动 3G）；不支持CDMA 2000 EVDO制式（电信 3G）；不支持CDMA 1X制式（电信2G）；,双卡双通仅支持 SA 模式下 5G+5G 和 5G+4G 的部分频段组合，支持移动 / 联通 / 电信 / 广电的高清语音业务，,50MP｜光影猎人1050L影像传感器｜,200MP｜1/1.4″ 超大底传感器｜,50MP｜,30fps,30 / 60 / 120fps,30 / 60fps,30fps,720P 120fps / 240fps / 480fps / 960fps / 1920fps,AMOLED,2608 x 1200 超级像素,最高 120Hz,最高 300Hz,支持 P3 广色域,1nit,3500nits,小米龙晶玻璃3.0,HDR10+丨HDR Vivid｜Dolby Vision,台积电第三代 3nm 工艺制程,高通第三代Oryon架构处理器，最高主频4.60GHz,Adreno,,,,,,,,,,,,,,,,,,,,,,,,,,,,,,,,,,,,,,,,,,,,,,,,,,,,,,,,,,,,,,,,,,,,,,,,,,,,,,,,,,,,,,,,,,,,,,,,,,,,,,,,,,,,,,,,,,,,,,,,,,,,,,,,,,,,,,,,,,,,,,,,,,,,,,,,,,,,,,,,,,,,,,,,,,,,,,,,,,,,,,,,,,,,,,,,,,,,,,,,,,,,,,,,,,,,,,,,,,,,,,,,,,,,,,,,,,,,,,,,,,,,,,,,,,,,,,,,,,,,,,,,,,,,,,,,,,,,,,,,,,,,,,,,,,,,,,,,,,,,,,,,,,,,,,,,,,,,,,,,,,,,,,,,,,,,,,,,,,,,,,,,,,,,,,,,,,,,,,,,,,,,,,,,,,,,,,,,,,,,,,,,,,,,,,,,,,,,,,,,,,,,,,
Xiaomi 17 Pro Max,6999,1230804977,https://www.mi.com/prod/xiaomi-17-pro-max/specs,162.9mm,77.6mm,8.0mm,219g,,,,,,,,,,,,,,,,,,,,,,,,,,,,,,,12GB / 16GB LPDDR5X 高速内存,512GB / 1TB UFS 4.1 高速存储,,,,高通 AI 引擎,,,,,,,,,,,,30 / 60fps,30 / 60fps,30fps,n1 / n2 / n3 / n5 / n7 / n8 / n12 / n13 / n18 / n20 / n25 / n26 / n28 / n38 / n40 / n41 / n48 /,FDD-LTE：B1 / B2 / B3 / B4 / B5 / B7 / B8 / B12 / B13 / B17 / B18 / B19 / B20 / B25 / B26 /,B34 / B38 / B39 / B40 / B41 / B42 / B48,WCDMA：B1 / B2 / B4 / B5 / B6 / B8 / B19,GSM：B2 / B3 / B5 / B8,是否支持 5G 取决于当地运营商网络；当使用电信卡作为非上网卡时，需要开通高清语音业务，未开通或者当地网络不支持高清语音业务则无法使用；,,,,,Wi-Fi 7，Wi-Fi 6 增强版，Wi-Fi 5，Wi-Fi 4 以及 802.11a / b / g,2.4G Wi-Fi | 5G Wi-Fi,Bluetooth 5.4，Dual-Bluetooth,支持 300+ 座城市，支持 40+ 张公交卡免费从旧手机迁移至新手机。（交通卡支持城市由于技术条件、城市等有所差异，以实际情况为准；,支持线上 App 支付，线下刷卡、二维码支付、银联标签碰一碰支付。二维码支付支持银联标准二维码的主扫及被扫支付，支付宝、微信等标准的收款二维码主扫支付。,实体门卡、智能门锁、社区门卡、自定义空白卡。（仅能模拟频段为 13.56MHz 的门卡，有门卡功能的银行卡和带有储值消费、公交消费等功能的门卡即使模拟成功，,支持手机 NFC 解闭锁、启动引擎等功能。,,B1I + B1C + B2a｜GPS: L1 + L5｜Galileo: E1 + E5a,G1｜QZSS: L1 + L5｜NavIC: L5,,,,,,,,,,,,,,,,,,,,,,,,,,,,,,,,,,USB Type-C （仅支持 Type-C 数字耳机）,广电不支持2G和3G网络；广电不支持彩信业务；,不支持 TD-SCDMA 制式（移动 3G）；不支持CDMA 2000 EVDO制式（电信 3G）；不支持CDMA 1X制式（电信2G）；,双卡双通仅支持 SA 模式下 5G+5G 和 5G+4G 的部分频段组合，支持移动 / 联通 / 电信 / 广电的高清语音业务，实际使用情况取决于运营商当地网,,,,30fps,30 / 60 / 120fps,30 / 60fps,30fps,720P 120fps / 240fps / 480fps / 960fps / 1920fps,,,,,,,,,,台积电第三代 3nm 工艺制程,第三代高通Oryon CPU，最高主频4.60GHz,Adreno,,,,,,,,,,,,,,,,,,,,,,,,,,,,,,,,,,,,,,,,,,,,,,,,,,,,,,,,,,,,,,,,,,,,,,,,,,,,,,,,,,,,,,,,,,,,,,,,,,,,,,,,,,,AMOLED,2608 x 1200 超级像素,最高 120Hz,最高 300Hz,支持 P3 广色域,1nit,3500nits,小米龙晶玻璃3.0,HDR10+丨HDR Vivid｜Dolby Vision,AMOLED,976 x 596,最高 120Hz,最高 120Hz,支持 P3 广色域,1nit,3500nits,50MP｜光影猎人950L影像传感器｜,50MP｜1/2″超大底传感器｜,50MP｜,"703MHz-748MHz, 下行: 758MHz-803MHz)",,,,,,,,,,,,,,,,,,,,,,,,,,,,,,,,,,,,,,,,,,,,,,,,,,,,,,,,,,,,,,,,,,,,,,,,,,,,,,,,,,,,,,,,,,,,,,,,,,,,,,,,,,,,,,,,,,,,,,,,,,,,,,,,,,,,,,,,,,,,,,,,,,,,,,,,,,,,,,,,,,,,,,,,,,,,,,,,,,,,,,,,,,,,,,,,,,,,,,,,,,,,,,,,,,,,,,,,,,,,,,,,,,,,,,,,,,,,,,,,,,,,,,,,,,,,,,,,,,,,,,,,,,,,,,,,,,,,,,,,
Xiaomi 14,3999,1230801079,https://www.mi.com/prod/xiaomi-14/specs,,,,,,,,,,,,,,,,,,,,,,,,,,,,,,,,,,,,,,,,,,,,,,,,,,,,,,,,,,,,,,,,,,,,,,,,,,,,,,,,,,,,,,,,,,,,,,,,,,,,,,,,,,,,,,,,,,,,,,,,,,,,,,,,,,,,,,,,,,,,,,,,,,,,,,,,,,,,,,,,,,,,,,,,,,,,,,,,,,,,,,,,,,,,,,,,,,,,,,,,,,,,,,,,,,,,,,,,,,,,,,,,,,,,,,,,,,,,,,,,,,,,,,,,,,,,,,,,,,,,,,,,,,,,,,,,,,,,,,,,,,,,,,,,,,,,,,,,,,,,,,,,,,,,,,,,,,,,,,,,,,,,,,,,,,,,,,,,,,,,,,,,,,,,,,,,,,,,,,,,,,,,,,,,,,,,,,,,,,,,,,,,,,,,,,,,,,,,,,,,,,,,,,,,,,,,,,,,,,,,,,,,,,,,,,,,,,,,,,,,,,,,,,,,,,,,,,,,,,,,,,,,,,,,,,,,,,,,,,,,,,,,,,,,,,,,,,,,,,,,,,,,,,,,,,,,,,,,,,,,,,,,,,,,,,,,,,,,,
REDMI Note 17,1399,1230808324,https://www.mi.com/prod/redmi-note-17/specs,,79.14mm,8.26mm,225g,,,,,,,,,,,,,,,,,,,,,,,,,,,,,,,,,,,,,,,,,,,,,,,,,,,NR FDD：n1/3/5/8/28A,,,,,是否支持 5G 取决于当地运营商网络；当使用电信卡作为非上网卡时，需要开通高清语音业务，未开通或者当地网络不支持高清语音业务则,,,,,802.11 a/b/g/n/ac,2.4G Wi-Fi | 5G Wi-Fi,,,,,,,,,,,,,,,,,,,,,,,,,,,,,,,,,,支持 300+ 座城市，支持 40+ 张公交卡免费从旧手机迁移至新手机。（交通卡支持,支持线上 App 支付，线下刷卡、二维码支付、银联标签碰一碰支付。二维码支付,实体门卡、智能门锁、社区门卡、自定义空白卡。（仅能模拟频段为 13.56MHz 的门卡，,支持手机 NFC 解闭锁、启动引擎等功能。,//www.mipay.com）,,,,,,,,,,,,,,,,,,,,,,,,,,,,169.70mm,,,,,,,,,,,,,,,,,,,,,,,,,,,,,,,,,,,,,,,,,,,,,,,,,,,,,,,,,,,,,,,,,,,,,,,,,,,,,,,,,,,,,,,,,,,,,,,,,,,,,,,,,,,,,,,,,,,,,,,,,,,,,,6GB/8GB,128GB/256GB,4nm 工艺制程,八核处理器，最高主频 2.3GHz,Adreno GPU,OLED 直屏,2396 × 1080,"5,000,000:1",最高 120Hz,最高 240Hz,最高 2160Hz*,1800nits,30FPS,30FPS,120FPS,30FPS,30FPS,n38/40/41/48/77/78,广电不支持2G和3G网络；广电不支持彩信业务；,不支持 TD-SCDMA 制式（移动 3G）；不支持CDMA 2000 EVDO制式（电信 3G）；不支持CDMA 1X制式（电信2G）；不支持 NSA 制式,双卡双通仅支持 SA 模式下 5G+5G 和 5G+4G 的部分频段组合，支持移动 / 联通 / 电信 / 广电的高清语音业务，实际使用情况取决于运营商,FDD-LTE：1/3/5/8/28A,34/38/39/40/41/42/48,WCDMA：1/5/8,GSM850/GSM900/GSM1800,,,,,,,,,,,,,,,,,,,,,,,,,,,,,,,,,,,,,,,,,,,,,,,,,,,,,,,,,,,,,,,,,,,,,,,,,,,,,,,,,,,,,,,,,,,,,,,,,,,,,,,,,,,,,,,,,,,,,,,,,,,,,,,,,,,,,,,,,,,,,,,,,,,,,,,,,,,,,,,,,,,,,,,,,,,,,,,,,,,,,,,,,,,,,,,,,,,,,,,,,,,,,,,,,,,,,,,,,,,,,,,,,,,,,,,,,,,,,,,,,,,,,,,,,,,,,,,
Xiaomi 17,5099,1230804969,https://www.mi.com/prod/xiaomi-17/specs,151.1mm,71.8mm,8.06mm,191g,,OLED柔性直屏,2656 x 1220,最高 120Hz,最高 300Hz,,,3500nits,,,,,,,,,,,,,,,,,,,,,,,12GB / 16GB LPDDR5X 高速内存,256GB / 512GB / 1TB UFS 4.1 高速存储,,,,高通 AI 引擎,,,,,,,,,,,,30 / 60fps,30 / 60fps,30fps,n1 / n2 / n3 / n5 / n7/ n8 / n12 / n18 / n20 / n25 / n26 / n28 / n38 / n40 / n41 / n48 / n66 /,FDD-LTE：B1 / B2 /B3 / B4 / B5 / B7 / B8 /  B12 / B17 / B18 / B19 / B20 / B25/ B26 / B28 / B66,B34 / B38 / B39 / B40 / B41 / B42 / B48,WCDMA：B1 / B2 / B4 / B5 / B6 / B8 / B19,GSM:B2 / B3 / B5 / B8,是否支持 5G 取决于当地运营商网络 ；当使用电信卡作为非上网卡时，需要开通高清语音业务，未开通或者当地网络不支持高清语音业务则无法使用；,,,,,Wi-Fi 7，Wi-Fi 6 增强版，Wi-Fi 5，Wi-Fi 4 以及 802.11a / b / g,2.4G Wi-Fi | 5G Wi-Fi,Bluetooth 5.4，Dual-Bluetooth,支持 300+ 座城市，支持 40+ 张公交卡免费从旧手机迁移至新手机（交通卡支持城市由于技术条件、,支持线上应用内支付、线下刷卡、银联二维码支付、银联标签碰一碰支付。,支持实体门卡、智能门锁、社区门卡、自定义空白卡（仅能模拟频段为 13.56MHz 的门卡，有门卡功能的,支持手机NFC解闭锁、启动引擎功能。,,B1I + B1C+ B2a｜GPS: L1 + L5｜Galileo: E1 + E5a,G1｜QZSS: L1 + L5｜NaVIC L5,,,,,,,,,,,,,,,,,,,,,,,,,,,,,,,,,,USB Type-C (仅支持 Type-C 数字耳机),广电不支持2G和3G网络；广电不支持彩信业务；,不支持 TD-SCDMA 制式（移动 3G）；不支持CDMA 2000 EVDO 制式（电信 3G）；不支持CDMA 1X制式（电信2G）；,双卡双通仅支持 SA 模式下 5G+5G 和 5G+4G 的部分频段组合，支持移动 / 联通 / 电信 / 广电的高清语音业务， 实际使用情况取决于运营商当地网,,,,30fps,30 / 60fps,30 / 60fps,30fps,720P 120fps / 240fps / 480fps / 960fps / 1920fps,,,,,,,,,,,,,,,,,,,,,,,,,,,,,,,,,,,,,,,,,,,,,,,,,,,,,,,,,,,,,,,,,,,,,,,,,,,,,,,,,,,,,,,,,,,,,,,,,,,,,,,,,,,,,,,,,,,,,,,,,,,,,,,,,,,,,,,,,,,,,,,,,,,,,,,,,,,,,,,,,,,,第三代 3nm 工艺制程,八核处理器，最高主频可达：4.6GHz,Adreno,HDR10+ l HDR Vivid l Dolby Vision,100W 小米澎湃有线秒充 / PPS 协议 100W 快充 / 22.5W 有线反向快充；,50W 小米澎湃无线秒充 / 22.5W 无线反向快充；,光影猎人 950 定制影像传感器｜超大感光元件｜,ƒ,//www.mipay.com）。,,,,,,,,,,,,,,,,,,,,,,,,,,,,,,,,,,,,,,,,,,,,,,,,,,,,,,,,,,,,,,,,,,,,,,,,,,,,,,,,,,,,,,,,,,,,,,,,,,,,,,,,,,,,,,,,,,,,,,,,,,,,,,,,,,,,,,,,,,,,,,,,,,,,,,,,,,,,,,,,,,,,,,,,,,,,,,,,,,,,,,,,,,,,,,,,,,,,,,,,,,,,,,,,,,,,,,,,,,,,,,,,,,,,,,,,,,,,,,,,,,,,,,
REDMI Turbo 4,1999,1230803329,https://www.mi.com/prod/redmi-turbo-4/specs,160.95mm,75.24mm,8.06mm,203.5g,,,,,,,,,,,,,,,,,,,,,,,,,,,,,,,,,,,,,,,,,,,,,,,,,,,n1/n3/n5/n8/n28/n38/n40/n41/n48/n66/n77/n78,,,,,,,,,,Wi-Fi 6、Wi-Fi 5、Wi-Fi 4 以及 802.11a/b/g,2.4G Wi-Fi | 5G Wi-Fi,,,,,,,B1I + B1C + B2a | GPS：L1 + L5 | Galileo：E1 + E5a,G1 | QZSS：L1 + L5 | NavIC：L5,,,,,,,,,,,,,,,,,,,,,,,,SBC / AAC / Aptx / LDAC / LHDC 5.0 / MIHC / LC3 / ASHA / Auracast,,,支持线上 App 支付，线下刷卡、二维码支付、银联标签碰一碰支付。二维码支付支持,实体门卡、智能门锁、社区门卡、自定义空白卡。（仅能模拟频段为 13.56MHz 的门卡，,支持手机 NFC 解闭锁、启动引擎等功能。,//www.mipay.com）,,,,,,,,,,,,,,,,,,,,,,,,,,,,,,,,,,,,,,,,,,,,,,,,,,,,,,,,,,,,,,,,,,,,,,,,,24 / 30 / 60fps,30 / 60fps,120 / 240 / 960fps,30fps,120 / 240 / 960fps,广电不支持 2G 和 3G 网络; 广电不支持彩信业务；,不支持 TD-SCDMA 制式（移动 3G）; 不支持 CDMA 2000  EVDO 制式 (电信3G)；不支持 CDMA 1X 制式 (电信2G)；,双卡双通仅支持 5G + 5G 的部分频段组合，支持移动 / 联通 / 电信 / 广电的高清语音业务，实际使用情况取决于运营商,,,,,,,,,,,,,,,,,,,,,,,WCDMA：B1/B4/B5/B6/B8/B19,GSM：B3/B5/B8,是否支持 5G 取决于当地运营商网络；当使用电信卡作为非上网卡时，需要开通高清语音业务，未开通或者当地网络不支持高清,,,,,,,,,,,,,,,,,,,,,,,,,,,,,,,,,,,,,,,,,,,,,,,,,,,,,,,,,,,,,,,,,,,,,,,,,,,,,,,,,,,台积电 4nm 工艺制程,八核处理器，最高主频 3.25 GHz,Mali-G720,MediaTek NPU 880,12GB / 16GB,256GB / 512GB,6.67 英寸,2712 x 1220,"5,000,000:1",3200nits,最高 120Hz,最高 480Hz,2560Hz,FDD-LTE：B1/B3/B4/B5/B8/B18/B19/B26/B28/B66,B34/B38/B39/B40/B41/B42/B48,支持 300+ 座城市，支持 40+ 张公交卡免费从旧手机迁移至新手机。（交通卡支持,,,,,,,,,,,,,,,,,,,,,,,,,,,,,,,,,,,,,,,,,,,,,,,,,,,,,,,,,,,,,,,,,,,,,,,,,,,,,,,,,,,,,,,,,,,,,,,,,,,,,,,,,,,,,,,,,,,,,,,,,,,,,,,,,,,,,,,,,,,,,,,,,,,,,,,,,,,,,,,,,,,,,,,,,,,,,,,,,,,,,,,,,,,,,,,,,,,,,,,,,,,,,,,,,,,,,,,,,,,,,,,,,,,,,,
Xiaomi 17T Pro,4299,1230808133,https://www.mi.com/prod/xiaomi-17t-pro/specs,,,,,,,,,,,,,,,,,,,,,,,,,,,,,,,,,,,,,,,,,,,,,,,,,,,,,,,n1 / n2 / n3 / n5 / n7 / n8 / n12 / n20 / n25 / n26 / n28 / n34 / n38 / n39 / n40 / n41 / n48 / n66 / n71 / n75 / n77 / n78,FDD-LTE: B1 / B2 / B3 / B4 / B5 / B7 / B8 / B12 / B13 / B17 / B18 / B19 / B20 / B25 / B26 / B28 / B32 / B66 / B71,B34 / B38 / B39 / B40 / B41 / B42 / B48,WCDMA: B1 / B2 / B4 / B5 / B8,GSM: B2 / B3 / B5 / B8,,,,,,Wi-Fi 7，Wi-Fi 6，Wi-Fi 5，Wi-Fi 4 以及 802.11a / b / g,2.4G Wi-Fi｜5G Wi-Fi,Bluetooth 5.4，Dual-Bluetooth,支持 300+ 座城市，支持 40+ 张公交卡免费从旧手机迁移至新手机（交通卡支持城市由于技术条件、,支持线上应用内支付、线下刷卡、银联二维码支付、银联标签碰一碰支付。,支持实体门卡、智能门锁、社区门卡、自定义空白卡（仅能模拟频段为 13.56MHz 的门卡，有门卡功能的,支持手机NFC解闭锁、启动引擎功能。,,B1I + B1C + B2a + B2b | GPS: L1+ L5 | Galileo: E1+ E5a + E5b | GLONASS: G1 | QZSS: L1 + L5 | NavIC: L5,,,,,,,,,,,,,,,,,,,,,,,,,,,,,,,,,,,,,,,,,,,,,,,,,,,,,,,,,,,,,,,,,,,,,,,,,,,12GB / 16GB LPDDR5X 高速内存,256GB / 512GB UFS 4.1 高速存储,,,,,,,,,,,,,,,,,,,,,,,,,,,,,,,,,,,,,,,,,,,,,,,,,,,,,,,,,,,,,,,,,,,,,,,,,,,,,,,,,,,,,,,,,,,,,,,,,,,,,,,,,,,,,,,,,,,,,,,,,,,,,,,,,,,,,,,,,,,,光影猎人 950 定制影像传感器｜超大感光元件｜,,//www.mipay.com）。,,,,,,,,,,,,,,,,,2G / 4G / 5G,2G / 3G / 4G / 5G,4G / 5G,4G / 5G（不支持彩信）,30fps,30 / 60 / 120fps,30 / 60fps,30fps,120 / 240 / 480 / 960 / 1920fps,120 / 240 / 960fps,120fps,30fps,30 / 60fps,30fps,100W 小米澎湃有线秒充 / PPS协议100W快充 / 22.5W 有线反向快充,50W 小米澎湃无线秒充,OLED柔性直屏,2772 x 1280,最高 144Hz,最高 480Hz,3500nits,台积电第三代 3nm 工艺制程,八核处理器，最高主频可达：4.21GHz,G1-Ultra 图形处理器,NPU 990,162.28 mm,77.51 mm,8.25 mm,219 g,,,,,,,,,,,,,,,,,,,,,,,,,,,,,,,,,,,,,,,,,,,,,,,,,,,,,,,,,,,,,,,,,,,,,,,,,,,,,,,,,,,,,,,,,,,,,,,,,,,,,,,,,,,,,,,,,,,,,,,,,,,,,,,,,,,,,,,,,,,,,,,,,,,,,,,,,,,,,,,,,,,,,,,,,,,,,,,,,,,,,,,,,,,,,,,,,,,,,,,,,
Xiaomi Civi 5 Pro,2499,1230803982,https://www.mi.com/prod/xiaomi-civi-5-pro/specs,157.05mm,73.2mm,7.45mm（星云紫/樱花粉/黑/白) ，7.65mm（冰美式）,184g（星云紫/樱花粉/黑/白)，181g（冰美式）,,AMOLED（超窄边全等深微曲屏 ）,2750*1236,最高120Hz,最高300Hz,最高2560Hz,,,,,,,,,,,,,,,,,,,,,,,,,,,,,,,,第八代康宁,,,,,,,,,,,,,"n1/n3/n5/n8/n28a（上行:703MHz-733MHz,下行:758MHz-788MHz）/n38/n40/n41/n48/n66/",FDD-LTE:B1/B3/B4/B5/B8/B19/B28a/B66,B34/B38/B39/B40/B41/B42/B48,WCDMA: B1/B4/B5/B6/B8/B19,GSM: B3/B5/B8,是否支持 5G 取决于当地运营商网络 ；当使用电信卡作为非上网卡时，需要开通高清语音业务，未开通或者当地网络不支持高清语音业务则无法使用；,,,,,,2.4G Wi-Fi丨5G Wi-Fi,Bluetooth 5.4,支持 300+座城市，支持 40+张公交卡免费从旧手机迁移至新手机（交通卡支持城市由于技术条件、,支持线上应用内支付、线下刷卡、银联二维码支付、银联标签碰一碰支付。,支持实体门卡、智能门锁、社区门卡、自定义空白卡（仅能模拟频段为13.56MHz的门卡，有门卡功能的银行卡和带有储值消费、公交消费功能的门卡即使模拟成功，这些卡片也不具备银行、公交功能）。,支持手机NFC解闭锁、启动引擎功能。,//www.mipay.com）。,B1I + B1C｜GPS: L1｜Galileo: E1,G1｜QZSS: L1,,,,,,,,,,,,,,,,,,,,,,,,2x2 MIMO丨8x8 Sounding for MU-MIMO丨WiFi Direct丨Miracast,,,,,,,,,,USB Type-C（仅支持 Type-C 数字耳机）,广电不支持2G和3G网络；广电不支持彩信业务；,不支持 TD-SCDMA 制式（移动 3G）；不支持CDMA 2000 EVDO制式（电信 3G）；不支持CDMA 1X制式（电信2G）；不支持 NSA 制式 (5G非独立,,,,,,,,,720P 120fps/240fps/960fps,,,,,,,,,,,,,,,3200nits,,,,,,,,,,,,,,,,,,,,,,,,,,,,,,,,,,,,,,,,,,,,,,,,,,,,,,,,,,,,,,,,,,,,,,,,,,,,,,,,,,,,,,,,,,,,,,,,,,,,,,,,,,,,,,,,,,,,,,,,,,12MP | 120° 超大视角 | 1.12μm 大像素 |,,,,,,,,,,,,,,,,,,,,,,,,,,,,,,,,,,,,,,,,,,,,,,,,,,,,,,,,,,,,,,,,,,,,,,,,,,,,,,,,,12GB/16GB  LPDDR5X 高速内存,256GB/512GB  UFS4.0 高速存储,台积电 4nm 工艺制程,八核处理器，最高主频可达：3.21GHz,Adreno 825,Qualcomm  Hexagon NPU,QC3+ / QC3.0 / QC2.0 / PD3.0 / PD2.0 快充协议 / MI FC 2.0 快充,50MP | 光影猎人800 图像传感器 |,50MP |,30/60fps,30/60fps,30fps,30/60fps,30/60fps,30fps,4×4 MIMO天线技术 | HPUE | HO RxD,双卡双通仅支持 SA 模式下 5G+5G 和 5G+4G 的部分频段组合，支持移动 / 联通 / 电信 / 广电的高清语音业务，实际使用情况取决于运营商当地网,Wi-Fi 7丨Wi-Fi 6丨Wi-Fi 5丨Wi-Fi 4以及802.11a/b/g,,,,,,,,,,,,,,,,,,,,,,,,,,,,,,,,,,,,,,,,,,,,,,,,,,,,,,,,,,,,,,,,,,,,,,,,,,,,,,,,,,,,,,,,,,,,,,,,,,,,,,,,,,,,,,,,,,,,,,,,,,,,,,,,,,,,,,,,,,,,,,,,,,,,,,,,,,,,,,,,,,,,,,,,,,,,,,,,,,,,,,,
REDMI Turbo 5 Max,2999,1230805941,https://www.mi.com/prod/redmi-turbo-5-max/specs,162.99mm,77.93mm,8.15mm,219g,,AMOLED 直屏,2772 x 1280,最高 120Hz,最高 480Hz,2560Hz*,,3500nits,,,,n1/n3/n5/n8/n18/n26/n28A/n34/n38/n39/n40/n41/n48/n77/n78,FDD-LTE：B1/B3/B5/B8/B18/B19/B26/B28A,B34/B38/B39/B40/B41/B42/B48/B43,WCDMA：B1/B5/B6/B8/B19,GSM：B3/B5/B8,是否支持 5G 取决于当地运营商网络；当使用电信卡作为非上网卡时，需要开通高清语音业务，未开通或者当地网络不支持高清语音业务则无法使用；,广电不支持2G和3G网络；广电不支持彩信业务；,不支持 TD-SCDMA 制式（移动 3G）；不支持CDMA 2000 EVDO制式（电信 3G）；不支持CDMA 1X制式（电信2G）；不支持 NSA 制式 (5G非独立组网);,双卡双通仅支持 SA 模式下 5G+5G 和 5G+4G 的部分频段组合，支持移动 / 联通 / 电信 / 广电的高清语音业务，实际使用情况取决于运营商当地网络和业务部署。,Wi-Fi 7、Wi-Fi 6、Wi-Fi 5、Wi-Fi 4 以及 802.11a / b / g,2.4G Wi-Fi | 5G Wi-Fi,,,B1I+B1C+B2a+B2b｜GPS：L1+L5,,支持 300+ 座城市，支持 40+ 张公交卡免费从旧手机迁移至新手机。（交通卡支持城市由于技术条件、城市等有所差异，以实际情况为准；刷卡终端可用范围及乘车优惠以当地政府及运营企业发布为准。）,支持线上 App 支付，线下刷卡、二维码支付、银联标签碰一碰支付。二维码支付支持银联标准二维码的主扫及被扫支付，支付宝、微信等标准的收款二维码主扫支付。,实体门卡、智能门锁、社区门卡、自定义空白卡。（仅能模拟频段为 13.56MHz 的门卡，有门卡功能的银行卡和带有储值消费、公交消费等功能的门卡即使模拟成功，这些卡片也不具备银行、公交等功能）,支持手机 NFC 解闭锁、启动引擎等功能。,,,,,,,,,,,,,,,,,,,,,,,,,,,,,,,,,,,,,,,,,,,,,,,,,,,,,,,,,,,,,,,,,,,,,,,,,,,,,,,,,,,,,,,,,,,,,,,,,,,,,,,,,,,,,,,,,,,,,,,,,,,,,,,,,,,,,,,,,,,,,,,,,,,,,,,,,,,,,,,,,,,,,,,,,,,,,,,,,,,,,,,,,,,,,E1+E5a+E5b | GLONASS：G1｜QZSS：L1+L5｜NavIC：L1+L5,,,,,,,,,,,,,,,,,,,,,,,,,,,,,,,,,,,,,,,,,,,,,,,,,,,,,,,,,,,,,,,,,,,,,,,,,,,,,,,,,,,,,,,,,,,,,,,,,,,,,,,,,,,,,,,,,,,,,,,,,,,,,,,,,,,,30 / 60fps,30 / 60fps,30fps,720P 120fps / 240fps / 960fps,120FPS,AAC / LDAC / LHDC 5.0 / LC3 / ASHA / Auracast / MIHC,,,,,,,,,,,,,,,,,,,,,,,,,,,,,,,,,,,,,,,,,,,,,,,,,,,,,,,,,,,,,,,,,,,,,,,,,,,,,,,,,,,,,,,,,,,,,,,,,,,,,,,,,,,,,,,,,,,,,,,,,,,,,,,,,,,,,,,,,,,,,,,,,,,,,,,,,,,,,,,,,,,,,,,,,,,,,,,,,
Xiaomi 14 Ultra,4499,1230801639,https://www.mi.com/prod/xiaomi-14-ultra/specs,161.4mm,75.3mm,9.2mm,224.4g（黑色、白色）、229.5g（龙晶蓝）、229.6g（钛金属特别版）,,全等深微曲屏,3200 x 1440,最高 120Hz,最高 240Hz,最高2160Hz*,,,,,,,,,,,,,,,,,,,,,,,,,,,,,,,,小米龙晶玻璃,,,,,,,,,,,,,"n1 / n3 / n5 / n7 / n8 / n28a（上行:703MHz-733MHz,下行:758MHz-788MHz） / n38 / n40 /",FDD-LTE：B1 / B3 / B4 / B5 / B7 / B8 / B18 / B19 / B26 / B28a / B66,B34 / B38 / B39 / B40 / B41 / B42 / B48,WCDMA：B1 / B4 / B5 / B6 / B8 / B19,GSM：B3 / B5 / B8；CDMA 1X：BC0,,,,,,,,Bluetooth 5.4，Dual-Bluetooth,支持 300+ 座城市，支持 40+ 张公交卡免费从旧手机迁移至新手机。（交通卡支持城市由于技术,,实体门卡、智能门锁、社区门卡、自定义空白卡。（仅能模拟频段为 13.56MHz 的门卡，有门卡功能,支持手机NFC解闭锁、启动引擎等功能。,//www.mipay.com）,B1I + B1C+ B2a｜GPS: L1 + L5｜Galileo: E1 + E5a,G1｜QZSS: L1 + L5｜NavIC: L5,,,,,,,,,,,,,,,,,,,,,,,,,,,,,,,,,,,,,,,,,,,,,,,,,,,,,,,,,,,,3000nit,,,,,,,,,,,,,,,,,,,,支持 P3 广色域,,,,,,,,,,,,,,,,,,,,,,,,,,,,,,,,,,,,,,,,,,,,,,,,,,,,,,,,,,,,,,,,,,,,,,,,,,,,,,,,,,,,,,,,,,,,,,,,,,,,,,,,,,,,,,,,,,,,,,,,,,广电不支持 2G 和 3G 网络；广电不支持彩信业务；,不支持 TD-SCDMA 制式（移动 3G）；不支持 CDMA 2000 EVDO 制式（电信 3G）；,,,,,,,,,,,,,,,,,,,,,,,,,,,,,,,,,,,,,,,,,,,,,,,,,,,,,,,,,,,,,,,,,,,,,,,,,,,,,,,,,,,,12GB / 16GB LPDDR5X 高速内存（8533Mbps）,256GB / 512GB / 1TB UFS 4.0 高速存储,台积电 4nm 工艺制程,八核处理器，最高主频 3.3GHz,Adreno,高通 AI 引擎,50MP｜Sony's LYT-900 影像传感器｜超大感光元件｜,50MP｜Sony's IMX858｜f/1.8 光圈｜等效 75mm 焦距｜支持 OIS 光学防抖｜10cm 微距,50MP｜Sony's IMX858｜f/2.5 光圈｜等效 120mm 焦距｜支持 OIS 光学防抖｜,50MP｜Sony's IMX858｜f/1.8 光圈｜等效 12mm 焦距｜122° 超广视角｜,24 / 30fps,24 / 30 / 60 / 120fps,30 / 60fps,30fps,30fps,30fps,30fps,120 / 240 / 480 / 960 / 1920fps,120 / 240 / 480 / 960 / 1920fps,30 / 60fps,30 / 60fps,30fps,是否支持 5G 取决于当地运营商网络；当使用两张电信卡时，非上网卡需要开通高清语音业务，未开通或者当地网络不支持高清语音业务则,双卡双通仅支持 SA 模式下 5G+5G 和 5G+4G 的部分频段组合，支持移动 / 联通 / 电信 / 广电的高清语音业务， 实际使用情况取决于运,该功能仅支持开通天通卫星业务的电信卡，实际使用情况取决于运营商业务部署。,Wi-Fi 7，Wi-Fi 6 增强版，Wi-Fi 5，Wi-Fi 4 以及 802.11a / b / g,2.4G Wi-Fi | 5G Wi-Fi,支持线上应用支付，线下刷卡、二维码支付、银联标签碰一碰支付。二维码支付支持银联标准二维,,,,,,,,,,,,,,,,,,,,,,,,,,,,,,,,,,,,,,,,,,,,,,,,,,,,,,,,,,,,,,,,,,,,,,,,,,,,,,,,,,,,,,,,,,,,,,,,,,,,,,,,,,,,,,,,,,,,,,,,,,,,,,,,,,,,,,,,,,,,,,,,,,,,,
Xiaomi 15S Pro,5499,1230803995,https://www.mi.com/prod/xiaomi-15s-pro/specs,161.3mm,75.3mm,8.33mm,216g,,,,,,,,,,,,,,,,,,,,,,,,,,,,,,,16GB LPDDR5T 高速内存,512GB / 1TB UFS 4.1 高速存储,,,,,,,,,,,,,,,,30 / 60fps,30 / 60fps,30fps,n1 / n2 / n3 / n5 / n7 / n8 / n12 / n20 / n26 / n28 / n38 / n40 / n41 / n48 / n66 / n77 / n78 / n79,FDD-LTE：B1 / B2 / B3 / B4 / B5 / B7 / B8 / B12 / B17 / B18 / B19 / B20 / B26 / B28 / B66,B34 / B38 / B39 / B40 / B41 / B42 / B48,WCDMA：B1 / B2 / B4 / B5 / B6 / B8 / B19,GSM：B2 / B3 / B5 / B8,是否支持 5G 取决于当地运营商网络 ；当使用电信卡作为非上网卡时，需要开通高清语音业务，,,,,,Wi-Fi 7，Wi-Fi 6，Wi-Fi 5，Wi-Fi 4 以及 802.11a / b / g,2.4G Wi-Fi | 5G Wi-Fi,Bluetooth 5.4，Dual-Bluetooth,支持300+座城市，支持40+张公交卡免费从旧手机迁移至新手机（交通卡支持城市由于技术条件、,,,,,B1I + B1C+ B2a｜GPS: L1 + L5｜Galileo: E1 + E5a,G1｜QZSS: L1 + L5,,,,,,,,,,,,,,,,,,,,,,,,,,,,,,,,,,,广电不支持2G和3G网络；广电不支持彩信业务；,不支持 TD-SCDMA 制式（移动 3G）；不支持CDMA 2000 EVDO制式（电信 3G）；不支持CDMA 1X制式（电信2G）；,双卡双通仅支持 SA 模式下 5G+5G 和 5G+4G 的部分频段组合，支持移动 / 联通 / 电信 / 广电的高清语音业务，,,,,,,,,,,,,,,,,,,,,,,,,,,,,,,,,,,,,,,,,,,,,,,,,50MP｜f/1.44 大光圈｜等效 23mm 焦距｜支持四合一 2.4μm 大像素输出｜,50MP｜f/2.5 大光圈｜等效 120mm 焦距｜30cm 长焦微距｜支持 OIS 光学防抖,50MP｜f/2.2 大光圈｜等效14mm焦距｜115° 超广视角｜5cm 超级微距｜AF 自动对焦,,,,,,,,,,,,,,,,,,,,,,,,,,,,,,,,,,,,,,,,,,,,,,,,,,,,,,,,,,,,,,,,,,,,,,,,,,,,,,,,,,,,,,,,,,,,,,,,,,,,,,,,,,,,,,,,,,,,,,,,,,,,,,,,,,,,,,,,,,,,,,,,,,,,,,,,,,,,,,,,,,,AMOLED (全等深微曲屏),3200 x 1440,最高 120Hz,,3200nits,,,,,,,,,,,,,,,,,,,,,,,,,,,,,,,,,,,,,,,,,,,,,,,,,,,,,,,,,,,,,支持线上应用内支付、线下刷卡、银联二维码支付、银联标签碰一碰支付。,支持实体门卡、智能门锁、社区门卡、自定义空白卡（仅能模拟频段为13.56MHz的门卡，有门卡功能的,支持手机NFC解闭锁、启动引擎功能。,//www.mipay.com）,24fps,30 / 60fps,30 / 60fps,30fp,720P:120/240/960fps    1080P:120/240/960fps,720P / 1080P / 4K 30fps,720P / 1080P / 4K 30fps,最高 300Hz,1丨HDR10+丨HDR Vivid｜Dolby Vision,小米龙晶玻璃 2.0on,第二代 3nm 工艺制程,十核四丛集 CPU，最高主频可达3.9GHz,Immortalis-G925 16核图形处理器,第四代图像处理器,6核 NPU 架构,,,,,,,,,,,,,,,,,,,,,,,,,,,,,,,,,,,,,,,,,,,,,,,,,,,,,,,,,,,,,,,,,,,,,,,,,,,,,,,,,,,,,,,,,,,,,,,,,,,,,,,,,,,,,,,,,,,,,,,,,,,,,,,,,,
Xiaomi 15 定制版,4099,1230802940,https://www.mi.com/prod/xiaomi-15/specs,152.3mm,71.2mm,8.08mm（玻璃版）/ 8.48mm（亮银版）/ 8.36mm（钻石限定版）,191g（玻璃版）/ 192g（亮银版）/ 189g（钻石限定版）,,OLED柔性直屏,2670x 1200,最高 120Hz,最高 300Hz,,,3200nits,,,,,,,,,,,,,,,,,,,,,,,12GB / 16GB LPDDR5X 高速内存,256GB / 512GB /1TB UFS 4.0 高速存储,台积电第二代 3nm 工艺制程,八核处理器，最高主频可达：4.32GHz,Adreno,高通 AI 引擎,,,,,,,,,,,,30 / 60fps,30 / 60fps,30fps,n1 / n2 / n3 / n5 / n7/ n8 / n12/ n20/ n26 / n28 / n38 / n40 / n41 / n48 / n66 / n77 / n78 /,FDD-LTE：B1 / B2 /B3 / B4 / B5 / B7 / B8 /  B12 / B17 / B18 / B19 / B20 /B26 / B28 / B66,B34 / B38 / B39 / B40 / B41 / B42 / B48,WCDMA：B1 / B2 / B4 / B5 / B6 / B8 / B19,GSM:B2 / B3 / B5 / B8,是否支持 5G 取决于当地运营商网络 ；当使用电信卡作为非上网卡时，需要开通高清语音业务，未开通或者当地网络不支持高清语音业务则,,,,,Wi-Fi 7，Wi-Fi 6 增强版，Wi-Fi 5，Wi-Fi 4 以及 802.11a / b / g,2.4G Wi-Fi | 5G Wi-Fi,Bluetooth 5.4，Dual-Bluetooth,支持 300+ 座城市，支持 40+ 张公交卡免费从旧手机迁移至新手机（交通卡支持城市由于技术条件、,支持线上应用内支付、线下刷卡、银联二维码支付、银联标签碰一碰支付。,支持实体门卡、智能门锁、社区门卡、自定义空白卡（仅能模拟频段为 13.56MHz 的门卡，有门卡功能的,支持手机NFC解闭锁、启动引擎功能。,,B1I + B1C+ B2a｜GPS: L1 + L5｜Galileo: E1 + E5a,G1｜QZSS: L1 + L5,,,,,,,,,,,,,,,,,,,,,,,,,,,,,,,,,,,,,,,,,,,,,,,,,,,,,,,,,,,,,,,,,,,,,,,,,,,,,,,,,,,,,,,,24/30fps,24 / 30 / 60fps,30 / 60fps,30fps,720P 120fps / 240fps / 480fps / 960fps / 1920fps,,,,,,,,,,,,,,,,,,,,,,,,,,,,,,,,,,,,,,,,,,,,,,,,,,,,,,,,,,,,,,,,,,,,,,,,,,,,,,,,,,,,,,,,,,,,,,,,,,,,,,,,,,,,,,广电不支持2G和3G网络；广电不支持彩信业务；,不支持 TD-SCDMA 制式（移动 3G）；不支持CDMA 2000 EVDO 制式（电信 3G）；不支持CDMA 1X制式（电信2G）；,,,,,,,,,,,,,,//www.mipay.com）。,,,,,,,,,,,,,,,,,,,,,,,,,,,,,,,,,,,,,,,,,,,,,,,,,,,,,,,,,,,,,,,,,,,,,,,,,,,,,,,,,,,,,,,,,,,,,双卡双通仅支持 SA 模式下 5G+5G 和 5G+4G 的部分频段组合，支持移动 / 联通 / 电信 / 广电的高清语音业务， 实际使用情况取决于运营,,,,,,,,,,,,,,,,,,,,,,,,光影猎人900 定制影像传感器｜超大感光元件｜,ƒ/2.0 大光圈｜等效60mm焦距｜10cm~无限远 对焦距离｜支持 OIS 光学防抖｜,,,,,,,,,,,,,,,,,,,,,,,,,,,,,,,,,,,,,,,,,,,,,,,,,,,,,,,,,,,,,,,,,,,,,,,,,,,,,,,,,,,,,,,,,,,,,,,,,,,,,,,,,,,,,,,,,,,,,,,,,,,,,,,,
REDMI K80 至尊版,2599,1230804208,https://www.mi.com/prod/redmi-k80-ultimate/specs,,74.95mm,8.39mm,212g,,,,,,,,,,,,n1/n3/n5/n7/n8/n26/n28/n38/n40/n41/n48/n66/,FDD-LTE：B1/B3/B4/B5/B7/B8/B18/B19/B26/B28/B66,B34/B38/B39/B40/B41/B42/B48,,,,,,,,,,,B1I + B1C+ B2a｜GPS: L1 + L5｜Galileo: E1 + E5a,,支持 300+ 座城市，支持 40+ 张公交卡免费从旧手机迁移至新手机。（交通卡支持城市由于技术条件、城市等有所差异，,支持线上 App 支付，线下刷卡、二维码支付、银联标签碰一碰支付。二维码支付支持银联标准二维码的主扫及被扫,实体门卡、智能门锁、社区门卡、自定义空白卡。（仅能模拟频段为 13.56MHz 的门卡，有门卡功能的银行卡和带有储,支持手机 NFC 解闭锁、启动引擎等功能。,,,,,,,,,,,,,,,,,,,,,,,,,,,,,,,,,,,,,,,,,,,,,,,,,,,,,,,,,,,,,,,,,,,,,,,,,,,,,,,,,,,,,,,,,,,,,,,,,,160.26mm,,,,,,,,,,,,,,,,,,,,,,,,,,,,,,,,,,,,,,,,,,,,,,,,,,,,,,,,,,6.67 英寸,3200*1440,"5,000,000:1",1800nit,3200nit,最高 120Hz,最高 480Hz,最高 2560Hz*,小米龙晶玻璃 2.0,50MP 传感器｜高动态DXG｜OIS 光学防抖 ｜1/1.55″感光元件｜4in1 2.0μm 融合像素｜6P 镜头｜f/1.6 光圈,AI大模型计算摄影平台,24fps,24/30/60fps,30/60fps,30fps,120/240/960fps,120/240/480/960/1920fps,WCDMA：B1/B4/B5/B6/B8/B19,GSM：B3/B5/B8 ;,是否支持 5G 取决于当地运营商网络；当使用电信卡作为非上网卡时，需要开通高清语音业务，未开通或者当地网络不支持高清语音业务则无法使用；,广电不支持2G和3G网络; 广电不支持彩信业务；,不支持 TD-SCDMA 制式 (移动 3G); 不支持 CDMA 2000  EVDO 制式 (电信3G)；不支持 CDMA 1X 制式 (电信2G)；,双卡双通仅支持5G+5G和5G+4G的部分频段组合，支持移动 / 联通 / 电信 / 广电的高清语音业务，实际使用情况取决于运营商当地网络和业务部署;,Wi-Fi 7，Wi-Fi 6 增强版，Wi-Fi 5，Wi-Fi 4 以及 802.11a / b / g,2.4G Wi-Fi | 5G Wi-Fi,Bluetooth 5.4，Dual-Bluetooth,SBC/AAC/AptX/AptX HD/AptX Adaptive/LDAC/LHDC 5.0/LC3/ASHA/Auracast,//www.mipay.com）,,,,,,,,,,,,,,,,,,,,,,,,,,,,,,,,,,,,,,,,,,,,,,,,,,,,,,,,,,,,,,,,,,,,,,,,,,,,,,,,,,,,,,,,,,,,,,,,,,,,,,,,,,,,,,,,,,,,,,,,,,,,,,,,,,,,,,,,,,,,,,,,,,,,,,,,,,,,,,,,,,,,,,,,,,,,,,,,,,,,,,,,,,,,,,,,,,,,,,,,,,,,,,,,,,,,,,,,,,,,,,,,,,,,,,,,,,,,,,,,,,,,,,,,,,,,,,,,,,,,,,,,,,,,,,,,,,,,,,,,,,,,,,,,,,,,,,,,,,,,,,,,,,,,,,,,,,,,,,,,
REDMI Turbo 5 祥云白,2599,1230805938,https://www.mi.com/prod/redmi-turbo-5/specs,,75.19mm,8.18mm,204g,,,,,,,,,,,,,,,,,,,,,,,,,,,,,,,,,,,,,,,,,,,,,,,,,,,n1/n3/n5/n8/n28a/n34/n38/n39/n40/n41/n48/n77/n78,,,,,是否支持 5G 取决于当地运营商网络；当使用电信卡作为非上网卡时，需要开通高清语音业务，未开通或者当地网络不支持高清语音业务则无,,,,,Wi-Fi 6、Wi-Fi 5、Wi-Fi 4 以及 802.11a / b / g,2.4G Wi-Fi | 5G Wi-Fi,,,,,,,B1I+B1C+B2a｜GPS：L1+L5,,,,,,,,,,,,,,,,,,,,,,,,,AAC / LDAC / LHDC 5.0 / LC3 / ASHA / Auracast / MIHC,E1+E5a | GLONASS：G1｜QZSS：L1+L5｜NavIC：L5,支持 300+ 座城市，支持 40+ 张公交卡免费从旧手机迁移至新手机。（交通卡支持,支持线上 App 支付，线下刷卡、二维码支付、银联标签碰一碰支付。二维码支付,实体门卡、智能门锁、社区门卡、自定义空白卡。（仅能模拟频段为 13.56MHz 的门卡，,,,,,,,,,,,,,,,,,,,,,,,,,,,,,,157.53mm,,,,,,,,,,,,,,,,,,,,,,,,,,,,,,,,,,,,,,,,,,,,,,,,,,,,,,,,,,,,,,,,,,,,,,,,,,,,,,,,,,,,,,,,,,,,,,,,,,,,,,,,,,,,,,,,,,,,,,,,,,,,,,,,,,,,,,,,,,,,,,,,,,双卡双通仅支持 SA 模式下 5G+5G 和 5G+4G 的部分频段组合，支持移动 / 联通 / 电信 / 广电的高清语音业务，实际使用情况取决于运营商,FDD-LTE：B1/B3/B5/B8/B19/B28A,B34/B38/B39/B40/B41/B42/B48,WCDMA：B1/B5/B6/B8/B19,GSM：B3/B5/B8,,,,,,,,,,,,,,,,,,,,,,,,,,,,,,,,,,,,,,,,,,,,,,,,,,,,,,,,,,,,,,,,,,,,,,,,,,,,,,,,,,,,,,,,,,,,,,,,,,,,,,,,,,,,,,,,,,,,,,,,,,,,,,,,AMOLED 直屏,2756 x 1268,最高 120Hz,最高 480Hz,2560 Hz*,3500nits,30fps,30 / 60fps,120fps,30fps / 60fps,30fps / 60fps,30fps,720P 120fps / 240fps / 960fps,广电不支持2G和3G网络；广电不支持彩信业务；,不支持 TD-SCDMA 制式（移动 3G）；不支持CDMA 2000 EVDO制式（电信 3G）；不支持CDMA 1X制式（电信2G）；不支持 NSA 制式,支持手机 NFC 解闭锁、启动引擎等功能。,//www.mipay.com）,,,,,,,,,,,,,,,,,,,,,,,,,,,,,,,,,,,,,,,,,,,,,,,,,,,,,,,,,,,,,,,,,,,,,,,,,,,,,,,,,,,,,,,,,,,,,,,,,,,,,,,,,,,,,,,
Redmi K70 Pro,2899,1230801281,https://www.mi.com/prod/redmi-k70-pro/specs,,,,,,,,,,,,,,,,,,,,,,,,,,,,,,,,,,,,,,,,,,,,,,,,,,,,,,,,,,,,,,,,,,,,,,,,,,,,,,,,,,,,,,,,,,,,,,,,,,,,,,,,,,,,,,,,,,,,,,,,,,,,,,,,,,,,,,,,,,,,,,,,,,,,,,,,,,,,,,,,,,,,,,,,,,,,,,,,,,,,,,,,,,,,,,,,,,,,,,,,,,,,,,,,,,,,,,,,,,,,,,,,,,,,,,,,,,,,,,,,,,,,,,,,,,,,,,,,,,,,,,,,,,,,,,,,,,,,,,,,,,,,,,,,,,,,,,,,,,,,,,,,,,,,,,,,,,,,,,,,,,,,,,,,,,,,,,,,,,,,,,,,,,,,,,,,,,,,,,,,,,,,,,,,,,,,,,,,,,,,,,,,,,,,,,,,,,,,,,,,,,,,,,,,,,,,,,,,,,,,,,,,,,,,,,,,,,,,,,,,,,,,,,,,,,,,,,,,,,,,,,,,,,,,,,,,,,,,,,,,,,,,,,,,,,,,,,,,,,,,,,,,,,,,,,,,,,,,,,,,,,,,,,,,,,,,,,,,,
REDMI Turbo 4 Pro,2499,1230803745,https://www.mi.com/prod/redmi-turbo-4-pro/specs,163.10mm,77.93mm,7.98mm,219g,,,,,,,,,,,,,,,,,,,,,,,,,,,,,,,,,,,,,,,,,,,,,,,,,,,n1/n3/n5/n8/n28A/n38/n40/n41/n48/n66/n77/n78,,,,,,,,,,Wi-Fi 7、Wi-Fi 6、Wi-Fi 5 、Wi-Fi 4以及 802.11a/b/g,2.4G Wi-Fi | 5G Wi-Fi,,,,,,,B1I + B1C + B2a | GPS：L1 + L5 | Galileo：E1 + E5a,G1 | QZSS：L1 + L5 | NavIC：L5,,,,,,,,,,,,,,,,,广电不支持 2G 和 3G 网络; 广电不支持彩信业务；,不支持 TD-SCDMA 制式（移动 3G）; 不支持 CDMA 2000  EVDO 制式 (电信3G)；不支持 CDMA 1X 制式 (电信2G)；不支持 NSA,,,,,,SBC / AAC / Aptx / LDAC / LHDC 5.0,,,,,,,,,,,,,,,,,,,,,,,,,,,,,,,,,,,,,,,,,,,,,,,,,,,,,,,,,,,,,,,,,,,,,,,,,,,,,,,,,,,,,,,,,,,,,,,,,,,,,,,,,,,,,WCDMA：B1/B4/B5/B6/B8/B19,GSM：B3/B5/B8,是否支持 5G 取决于当地运营商网络；当使用电信卡作为非上网卡时，需要开通高清语音业务，未开通或者当地网络不支持高清语音业务,,,,,,,,,,,,,,,,,,,,,,,,,,,,,,,,,,,,,,,,,,,,,,,,,,,,,,,,,,,,,,,,,,,,,,,,,,,,,,,,,,,,,,,12GB / 16GB,256GB / 512GB / 1TB,6.83 英寸,2772 x 1280,"8,000,000:1",,最高 120Hz,最高 480Hz,2560Hz*,FDD-LTE：B1/B3/B4/B5/B8/B19/B28A/B66,B34/B38/B39/B40/B41/B42/B48,支持 300+ 座城市，支持 40+ 张公交卡免费从旧手机迁移至新手机。（交通卡,,,,,,,,,,,,,,,,,,,,,,,,,,,,,,,,,,,,,,,,,,,,,,,,,,,,,,,,,,,,,,,,,,,,,,,,,,,,,,,,,,,,,,,,,,,,,,,,,,,,,,,,,,,,,,,,,,,,,,,,台积电 4nm 工艺制程,八核处理器，最高主频 3.21 GHz,Adreno 825,Qualcomm Hexagon NPU,康宁®大猩猩®玻璃 7i,800nits,1800nits,3200nits,30 / 60fps,30 / 60fps,120 / 240 / 960fps,30fps,120 / 240 / 960fps,双卡双通仅支持  5G+5G 和 5G+4G  的部分频段组合，支持移动 / 联通 / 电信 / 广电的高清语音业务，实际使用情况取决于运营商,支持线上 App 支付，线下刷卡、二维码支付、银联标签碰一碰支付。二维码支付,实体门卡、智能门锁、社区门卡、自定义空白卡。（仅能模拟频段为 13.56MHz 的,支持手机 NFC 解闭锁、启动引擎等功能。,//www.mipay.com）,,,,,,,,,,,,,,,,,,,,,,,,,,,,,,,,,,,,,,,,,,,,,,,,,,,,,,,,,,,,,,,,,,,,,,,,,,,,,,,,,,,,,,,,,,,,,
REDMI 17C,899,1230808265,https://www.mi.com/prod/redmi-17c/specs,,77.8mm,8.22mm,206g （板材电池盖）,,,1640*720,最高 120Hz,最高 240Hz,,,,,,,,,,,,,,,,Wi-Fi 5 802.11a/n/ac and Wi-Fi 4 802.11b/g/n,2.4G WiFi｜5G WiFi,Bluetooth5.4,AAC / SBC / LDAC,B1I｜GPS：L1｜Galileo：E1｜GLONASS：G1｜AGNSS｜数据网络定位丨Wi-Fi 网络定位,,,,,,,,,,,,,,,,,,,,,,,,,,,FDD-LTE: B1 / B3 / B5 / B8,B34 / B38 / B39 / B40 / B41(120MHz),WCDMA: B1 / B5 / B8,GSM: B3 / B5 / B8; CDMA 1X:BC0,,,,,,,,,,,,,,,,,,,,,,,,,,,,,,,,,,,,,,,,,,,,,,,,,,,,,,,,,,,,,,,,,,,,,,,,,171.88mm,,,1500：1,,,,,,,,,,,,,,,,,,,,,,,,,,,,,,,,,,,,,,,,,,,,,,,,,,,,,,,,,,,,,,,,,,,,,,,,,,,,,,,,,,,,,,,,,,,,,,,,,,,,,,,,,,,,,,,,,,,,,,,,,,,,,,,,,,,,,,,,,,,,,,,,,,,,,,,,,,,,,,,,,,,,,,,,,,,,,,,,,,,,,,,,,,,,,,,,,,,,,,,,,,,,,,,,,,,,,,,,,,,,,,,,,,,,,,,,,,,,,,,,,,,,,,,,,,,,,,,,,,,,,,,,,,,,,,,,,,,,,,,,,,,,,,,,,,,,,,,,,,,,,,,,,,,,,,600nits,30fps,30fps,30fps,30fps,广电不支持2G 和3G 网络；广电不支持彩信业务；,不支持 TD-SCDMA 制式（移动 3G）；不支持CDMA 2000 EVDO 制式（电信 3G）;,支持移动 / 联通 / 电信 / 广电的 VoLTE 业务， 实际使用情况取决于运营商当地网络和业务部署：,,,,,,,,,,,,,,,,,,,,,,,,,,,,,,,,,,,,,,,,,,,,,,,,,,,,,,,,,,,,,,,,,,,,,,,,,,,,,,,,,,,,,
REDMI K90 Max,3899,1230807206,https://www.mi.com/prod/redmi-k90-max/specs,162.91mm,77.93mm,8.18mm,227g,,AMOLED 直屏,2772*1280,最高 165Hz*,,最高 3500Hz*,1nit,3500nits,,,,n1/n3/n5/n7/n8/n28/n66/n34/n38/n39/n40/n41/n48/n77/n78,FDD-LTE：B1/B3/B4/B5/B7/B8/B19/B28/B66,B34/B38/B39/B40/B41/B42/B43/B48,WCDMA：B1/B4/B5/B6/B8/B19,GSM：B3/B5/B8,是否支持 5G 取决于当地运营商网络；当使用电信卡作为非上网卡时，需要开通高清语音业务，未开通或者当地网络不支持高清语音业务则无法使用；,广电不支持2G和3G网络；广电不支持彩信业务；,不支持 TD-SCDMA 制式（移动 3G）；不支持 CDMA 2000 EVDO 制式（电信 3G）；不支持 CDMA 1X 制式（电信2G）；不支持 NSA 制式 (5G非独立组网);,双卡双通仅支持 SA 模式下 5G+5G 和 5G+4G 的部分频段组合，支持移动 / 联通 / 电信 / 广电的高清语音业务，实际使用情况取决于运营商当地网络和业务部署。,Wi-Fi 7、Wi-Fi 6、Wi-Fi 5、Wi-Fi 4 以及 802.11a / b / g,2.4G Wi-Fi | 5G Wi-Fi,,AAC / LDAC / LHDC 5.0 / LC3 / ASHA / Auracast / MIHC,B1I+B1C+B2a+B2b｜GPS：L1+L5,,支持 300+ 座城市，支持 40+ 张公交卡免费从旧手机迁移至新手机。（交通卡支持城市由于技术条件、城市等有,支持线上 App 支付，线下刷卡、二维码支付、银联标签碰一碰支付。二维码支付支持银联标准二维码的主扫及被扫,实体门卡、智能门锁、社区门卡、自定义空白卡。（仅能模拟频段为 13.56MHz 的门卡，有门卡功能的银行卡和带有储,支持手机 NFC 解闭锁、启动引擎等功能。,,,,,,,,,,,,,,,,,,,,,,,,,,,,,,,,,,,,,,,,,,,,,,,,,,,,,,,,,,,,,,,,,,,,,,,,,,,,,,,,,,,,,,,,,,,,,,,,,,,,,,,,,,,,,,,,,,,,,,,,支持 P3 广色域,,,,,,,,,,,,,,,,,,,,,,,,,,,,,,,,,,,,,,,,,,,,,,,,,,,,,,,,,,,,,,,//www.mipay.com）,,,,,,E1+E5a+E5b｜GLONASS：G1｜QZSS：L1+L5｜NavIC,,,,,,,,,,,,,,,,,,,,,,,,,,,,,,,,,,,,,,,,,,,,,,,,,,,,,,,,,,,,,,,,,,,,,,,,,,,,,,,,,,,,,,,,,,,,,,,,,,,,,,,,,,,,,,,,,,,,,,,,,,,,,,,,,,,,30 / 60fps,30 / 60fps,30fps,720P 120fps / 240fps / 960fps,,,,,,,,,,,,,,,,,,,,,,,,,,,,,,,,,,,,,,,,,,,,,,,,,,,,,,,,,,,,,,,,,,,,,,,,,,,,,,,,,,,,,,,,,,,,,,,最高 480Hz,30fps,120fps,,,,,,,,,,,,,,,,,,,,,,,,,,,,,,,,,,,,,,,,,,,,,,,,,,,,,,,,,,,,,,,,,,,,,,,,,,,,,,,,,,
REDMI K90 Pro Max,4499,1230805284,https://www.mi.com/prod/redmi-k90-pro-max/specs,,,,,,OLED 直屏,2608*1200 超级像素,最高 120Hz,最高 480Hz,,1nit,3500nits,,,,n1/n3/n5/n7/n8/n18/n26/n28/n66/n38/n40/n41/n48/n77/n78/n80/n81/n83/n84/n89,FDD-LTE：B1/B3/B4/B5/B7/B8/B18/B19/B26/B28/B66,B34/B38/B39/B40/B41/B42/B48,,,,,,,Wi-Fi 7、Wi-Fi 6、Wi-Fi 5、Wi-Fi 4 以及 802.11a / b / g,2.4G Wi-Fi | 5G Wi-Fi,,AAC / LDAC / LHDC 5.0 / LC3 / ASHA / Auracast / MIHC,B1I+B1C+B2a｜GPS：L1+L5,,支持 300+ 座城市，支持 40+ 张公交卡免费从旧手机迁移至新手机。（交通卡支持城市由于技术条件、城市等有所差,支持线上 App 支付，线下刷卡、二维码支付、银联标签碰一碰支付。二维码支付支持银联标准二维码的主扫及被扫支付，,实体门卡、智能门锁、社区门卡、自定义空白卡。（仅能模拟频段为 13.56MHz 的门卡，有门卡功能的银行卡和带有储,支持手机 NFC 解闭锁、启动引擎等功能。,,,,,,,,,,,,,,,,,,,,,,,,,,,,,,,,,,,,,,,,,,,,,,,,,,,,,,,,,,,,,,,,,,,,,,,,,,,,,,,,,,,,,,,,,,,,,,,,,,,,,,,,,,,,,,,,,,,,,,,,支持 P3 广色域,,,,,,,,,,,,,,,,,,,,,,,,,,,,,,,,,,,,,,,,,,,,,,,,,,,,,,,,,,,,,,,//www.mipay.com）,,,,,,E1+E5a | GLONASS：G1｜QZSS：L1+L5｜NavIC,,,,,,,,,,,,,,,,,,,,,,,,,,,,,,,,,,,,,,,,,,,,,,,,,,,,,,,,,,,,,,,,,,,,,,,,,,,,,,,,,,,,,,,,,,,,,,,,,,,,,,,,,,,,,,,,,,,,,,,,,,,,,,,,,,,,,,,,,,,,,,,,,,,,,,,,,,,,,,,,,,,,,,,,,,,,,,,,,,,,,,,,,,,,,,,,,,,,,,,,,,,,,,,,,,,,,,,,,,,,,,,,,,,,,,,,,163.33mm,77.82mm,7.9mm,218g,厚度 8.3mm、重量 220g,小米龙晶玻璃,30fps,30 / 60fps,30 / 60fps,30fps,120/240/480/960/1920fps,120/240/960fps,30fps,30 / 60fps,30fps,120fps,WCDMA：B1/B4/B5/B6/B8/B19,GSM：B3/B5/B8,是否支持 5G 取决于当地运营商网络；当使用电信卡作为非上网卡时，需要开通高清语音业务，未开通或者当地网络不支持高清语音业务则无法使用；,广电不支持2G和3G网络；广电不支持彩信业务；,不支持 TD-SCDMA 制式（移动 3G）；不支持CDMA 2000 EVDO制式（电信 3G）；不支持CDMA 1X制式（电信2G）；,双卡双通仅支持 SA 模式下 5G+5G 和 5G+4G 的部分频段组合，支持移动 / 联通 / 电信 / 广电的高清语音业务，实际使用情况取决于运营商当地网络和业务部署。,,,,,,,,,,,,,,,,,,,,,,,,,,,,,,,,,,,,,,,,,,,,,,,,,,,,,,,,,,,,
REDMI 17 5G,999,1230808266,https://www.mi.com/prod/redmi-17-5g/specs,171.56mm,79.47mm,8.15mm,210g,,HD LCD,1600*720,最高 120Hz,最高 240Hz,,,,,,,,,,,,,,,,Wi-Fi 5、Wi-Fi 4 以及 802.11 a/b/g,2.4G Wi-Fi | 5G Wi-Fi,,,B1I｜GPS：L1｜Galileo：E1 | QZSS：L1｜A-GPS 数据网络定位｜Wi-Fi 网络定位,,,,,,,,,,,,,,,,,,,,,,,,,,n1/n3/n5/n8/n28A/n38/n40/n41/n48/n77/n78,LTE FDD：1/3/5/8/19/28A,,WCDMA：1/5/8,GSM：3/5/8,,,,,,,,,,,,,,,,,,,,,,,,,,,,,,,,,,,,,,,,,,,,,,,,,,,,,,,,,,,,,,,,,,,,,,,,,,,,1500：1,,,,,,,,,,,,,,,,,,,,,,,,,,,,,,,,,,,,,,,,,,,,,,,,,,,,,,,,,,,,,,,,,,,,,,,,,,,,,,,,,,,,,,,,,,,,,,,,,,,,,,,,,,,,,,,,,,,,,,,,,,,,,,,,,,,,,,,,,,,,,,,,,,,,,,,,,,,,,,,,,,,,,,,,,,,,,,,,,,,,,,,,,,,,,,,,,,,,,,,,,,,,,,,,,,,,,,,,,,,,,,,,,,,,,,,,,,,,,,,,,,,,,,,,,,,,,,,,,,,,,,,,,,,,,,,,,,,,,,,,,,,,,,,,,,,,,,,,,,,,,,,,,,,,,,800nits,,,,,,,,,,,,,,,,,,,,,,,,,,,,,,,,,34/38/39/40/41/42/48,是否支持 5G 取决于当地运营商网络 ；当使用两张电信卡时，非上网卡需要开通高清语音业务，未开通或者当地网络不支持高清语音业务则无法使用；,广电不支持 2G 和 3G 网络；广电不支持彩信业务；,不支持 TD-SCDMA 制式（移动 3G）；不支持 CDMA 2000 EVDO 制式（电信 3G）；不支持CDMA 1X制式（电信2G）；,支持移动 / 联通 / 电信 / 广电的高清语音业务， 实际使用情况取决于运营商当地网络和业务部署。,,,,,,,,,,,,,,,,,,,,,,,,,,,,,,,,,,,,,,,,,,,,,,,,,,,,,,,
REDMI Note 15 Pro+,2299,1230804559,https://www.mi.com/prod/redmi-note-15-pro-plus/specs,,,,,,,,,,,,,,,,,,,,,,,,,,,,,,,,,,,,,,,,,,,,,,,,,,,,,,,,,,,,,,,,,,,,,,,,,,,,,,,,,,,,,,,,,,,,,,,,,,,,,,,,,,,,,,,,,,,,,,,,,,,,,,,,,,,,,,,,,,,,,,,,,,,,,,,,,,,,,,,,,,,,,,,,,,,,,,,,,,,,,,,,,,,,,,,,,,,,,,,,,,,,,,,,,,,,,,,,,,,,,,,,,,,,,,,,,,,,,,,,,,,,,,,,,,,,,,,,,,,,,,,,,,,,,,,,,,,,,,,,,,,,,,,,,,,,,,,,,,,,,,,,,,,,,,,,,,,,,,,,,,,,,,,,,,,,,,,,,,,,,,,,,,,,,,,,,,,,,,,,,,,,,,,,,,,,,,,,,,,,,,,,,,,,,,,,,,,,,,,,,,,,,,,,,,,,,,,,,,,,,,,,,,,,,,,,,,,,,,,,,,,,,,,,,,,,,,,,,,,,,,,,,,,,,,,,,,,,,,,,,,,,,,,,,,,,,,,,,,,,,,,,,,,,,,,,,,,,,,,,,,,,,,,,,,,,,,,,,
Xiaomi 14 Pro,5099,1230801073,https://www.mi.com/prod/xiaomi-14-pro/specs,,,,,,,,,,,,,,,,,,,,,,,,,,,,,,,,,,,,,,,,,,,,,,,,,,,,,,,,,,,,,,,,,,,,,,,,,,,,,,,,,,,,,,,,,,,,,,,,,,,,,,,,,,,,,,,,,,,,,,,,,,,,,,,,,,,,,,,,,,,,,,,,,,,,,,,,,,,,,,,,,,,,,,,,,,,,,,,,,,,,,,,,,,,,,,,,,,,,,,,,,,,,,,,,,,,,,,,,,,,,,,,,,,,,,,,,,,,,,,,,,,,,,,,,,,,,,,,,,,,,,,,,,,,,,,,,,,,,,,,,,,,,,,,,,,,,,,,,,,,,,,,,,,,,,,,,,,,,,,,,,,,,,,,,,,,,,,,,,,,,,,,,,,,,,,,,,,,,,,,,,,,,,,,,,,,,,,,,,,,,,,,,,,,,,,,,,,,,,,,,,,,,,,,,,,,,,,,,,,,,,,,,,,,,,,,,,,,,,,,,,,,,,,,,,,,,,,,,,,,,,,,,,,,,,,,,,,,,,,,,,,,,,,,,,,,,,,,,,,,,,,,,,,,,,,,,,,,,,,,,,,,,,,,,,,,,,,,,,
Redmi K70,1999,1230801285,https://www.mi.com/prod/redmi-k70/specs,,,,,,,,,,,,,,,,,,,,,,,,,,,,,,,,,,,,,,,,,,,,,,,,,,,,,,,,,,,,,,,,,,,,,,,,,,,,,,,,,,,,,,,,,,,,,,,,,,,,,,,,,,,,,,,,,,,,,,,,,,,,,,,,,,,,,,,,,,,,,,,,,,,,,,,,,,,,,,,,,,,,,,,,,,,,,,,,,,,,,,,,,,,,,,,,,,,,,,,,,,,,,,,,,,,,,,,,,,,,,,,,,,,,,,,,,,,,,,,,,,,,,,,,,,,,,,,,,,,,,,,,,,,,,,,,,,,,,,,,,,,,,,,,,,,,,,,,,,,,,,,,,,,,,,,,,,,,,,,,,,,,,,,,,,,,,,,,,,,,,,,,,,,,,,,,,,,,,,,,,,,,,,,,,,,,,,,,,,,,,,,,,,,,,,,,,,,,,,,,,,,,,,,,,,,,,,,,,,,,,,,,,,,,,,,,,,,,,,,,,,,,,,,,,,,,,,,,,,,,,,,,,,,,,,,,,,,,,,,,,,,,,,,,,,,,,,,,,,,,,,,,,,,,,,,,,,,,,,,,,,,,,,,,,,,,,,,,,
REDMI Note 15R Pro,1499,1230807203,https://www.mi.com/prod/redmi-note-15r-pro/specs,,75.7mm,7.99mm,190g,6.67 英寸,,2400 × 1080,,240Hz,2160Hz,,,,,,,,B34｜B38｜B39｜B40｜B41,,,,,,,Wi-Fi 5、Wi-Fi 4 以及 802.11a/b/g,2.4G Wi-Fi｜5G Wi-Fi,,AAC / LDAC  / ASHA,B1I ｜GPS：L1｜Galileo：E1 | GLONASS：G1,,,,,,,,,,,,,,,,,,,,,,,,,,,,,,,,,,,,,,,,,,,,,,,,,,,,,,,,,,,,,,,,,,,,,,,,,,,,,,,,,,,,,,,,,,,,,,,,,,,,,,,162.4mm,八核处理器，最高主频 2.5 GHz,2100nits,"5,000,000:1",最高支持 120Hz,Type-C 充电接口,30FPS,30FPS,120FPS,5G+5G,n1｜n5｜n8｜n28A｜n41｜n78,n41｜n78,,,,,,,,,,,,,,,,,,,,,,,,,,,,,,,,,,,,,,,,,,,,,,,,,,,,,,,,,,,,,,,,,,,,,,,,,,,,,,,,,,,,,,B1｜ B3｜B5｜B8,B1｜B5｜B8,B3｜B5｜B8,,,,,,,,,,,,,,,,,,,,,,,,,,,,,,,,,,,,,,,,,,,,,,,,,,,,,,,,,,,,,,,,,,,,,,,,,,,,,,,,,,,,,,,,,,,,,,,,,,,,,,,,,,,,,,,,,,,,,,,,,,,,,,,,,,,,,,,,,,,,,,,,,,,,,,,,,,,,,,,,,,,,,,,,,,,,,,,,,,,,,,,,,,,,,,,,,,,,,,,,,,,,,,,,,,,,,,,,,,,,,,,,,,,,,,,,,,,,,,,,,,,,,,,,,,,,BC0,,,,,,,,,,,,,,,,,,,,,,,,,,,,,,,,,,,,,,,,,,,,,,,,,,,,,,
REDMI Note 15,1399,1230804552,https://www.mi.com/prod/redmi-note-15/specs,,75.42mm,7.35mm 子夜黑/天青蓝、7.4mm 星辉白,178g,,,,,,,,,,,,,,,,,,,,,,,,,,,,,,,,,,,,,,,,,,,,,,,,,,,n1|n3|n5|n8|n28A|n38|n41|n48|n77|n78｜n40,,,,,是否支持 5G 取决于当地运营商网络 ；当使用两张电信卡时，非上网卡需要开通高清语音业务，未开通或者当地网络不支持高清语音业务,,,,,,2.4G Wi-Fi | 5G Wi-Fi,,,,,,,,G1｜A-GPS,,,,,,,,,,,,,,,,,广电不支持 2G 和 3G 网络；广电不支持彩信业务；,不支持 TD-SCDMA 制式 (移动 3G); 不支持 CDMA 2000 EVDO 制式(电信3G); 不支持CDMA 2000 1X制式(电信2G),支持移动 / 联通 / 电信 / 广电的高清语音业务， 实际使用情况取决于运营商当地网络和业务部署。,,,,,AAC / LDAC,,,,,,,,,,,,,,,,,,,,,,,,,,,,,,,,,,164mm,,,,,,,,,,,,,,,,,,,,,,,,,,,,,,,,,,,,,,,,,,,,,,,,,,,,,,,,,,,,,,,,,,,,,,,,,,,,,,,,,,,,,,,,,,,,,,,,,,,,,,,,,,,,,,,,,,,,,,,,,,,,,,,,,,,,,,,,,,,,,,,,,,,,,,,,,,,,,,,,,,,,,,,,,,,,,,,,,,,,,,,,,,,,,,,,,,,,,,,,,,,,,,,,,,,,,,,,,,,,,,,,,,,,,,,,,,,,,,,,,,,,,,,,,,,,,,,,,,,,,,,,,,,,,,,,,,,,,,,,,,,,,,,,,,,,,,,,,,,,,,,,,,,,,,,,,,,,,,,,,,,,,,,,,,,,,,,,,,,,,,,,,,,,,,,,4nm 工艺制程,八核处理器，最高主频 2.4GHz,Adreno,6GB / 8GB / 12GB,128GB / 256GB,6.77 英寸,2392×1080,"8,000,000:1",3200nit,最高120Hz,最高 240Hz,2560Hz*,30FPS,30FPS,30FPS,120FPS/240FPS,FDD-LTE: B1| B3|B5|B8|B19|B28A,B34|B38|B39|B40|B41|B42|B48,WCDMA: B1|B5|B6|B8|B19,GSM：B3/B5/B8,802.11b/g/n   WiFi5GHz协议：802.11a/n/ac,L1｜Galileo:E1｜GLONASS:G1｜北斗:B1I+B1C,,,,,,,,,,,,,,,,,,,,,,,,,,,,,,,,
REDMI Note 15R,1799,1230804570,https://www.mi.com/prod/redmi-note-15r/specs,169.48mm,80.45mm,8.4mm,217g,6.9 英寸,,2340 x 1080,,,,,,,,,,,,,,,,,,,,,,,,,,,,,,,,,,,,,,,,,,,,,,,,,,,,,,,,,,,,,,,,,,,,,,,,,,,,,,,,,,,,,,,,,,,,,,,,,,,,,,,,,,,,,,,,,,,,,,,,,,,,,,,,1400:1,30 / 40 / 45 / 48 / 50 / 60 / 90 / 120 /144Hz,,,,,,,,,,,,,,,,,,,,,,,,,,,,,,,,,,,,,,,,,,,,,,,,,,,,,,,,,,,,,,,,,,,,,,,,,,,,,,,,,,,,,,,,,,,,,,1/5/8,3/5/8,,,,,,,,,,,,,,,,,,,,,,,,,,,,,,,,,,,,,,,,,,,,,,,,,,,,,,,,,,,,,,,,,,,,,,,,,,,,,,,,,,,,,,,,,,,,,,,,,,,,,,,,,,,,,,,,,,,,,,,,,,,,,,,,,,,,,,,,,,,,,,,,,,,,,,,,,,,,,,,,,,,,,,,,,,,,,,,,,,,,,,,,,,,,,,,,,,,,,,,,,,,,,,,,,,,,,,,,,,,,,,,,,,,,,,,,,,,,,,,,,,,,,,,,,,,,,,,,,,,,,,,,,,,,,,,,,,,2+6 架构 最高主频 2.3GHz,Adreno 619,850nits,2047 级,最高 288Hz 触控采样率,Type-C 充电接口,1/3/5/8,34/38/39/40/41,/nil,BC0,n1/n5/n8/n41/n28A/n78,802.11 a/b/g/n/ac,2.4G/5G,B1I | GPS：L1 | GLONASS: G1,E1 | A-GPS 辅助定位,,,,,,,,,,,,,,,,,
REDMI Note 15 Pro,1799,1230804555,https://www.mi.com/prod/redmi-note-15-pro/specs,,78.09mm,7.78mm,210.6g,6.83 英寸,,2772*1280,最高 120Hz,最高 480Hz,2560Hz*,,,,,,n1/n3/n5/n8/n28a/n38/n40/n41/n48/n77/n78,FDD-LTE：B1/B3/B5/B8/B19/B28a,B34/B38/B39/B40/B41/B42/B48,,,,,,,Wi-Fi 6、Wi-Fi 5、Wi-Fi 4 以及 802.11a/b/g,2.4G Wi-Fi｜5G Wi-Fi,,AAC / LDAC / LHDC 5.0 / ASHA,B1I｜GPS：L1｜Galileo：E1,G1｜QZSS：L1｜A-GPS｜,支持 300+ 座城市，支持 40+ 张公交卡免费从旧手机迁移至新手机。（交通卡支持城市由于技术条件、城市等有所差,支持线上 App 支付，线下刷卡、二维码支付、银联标签碰一碰支付。二维码支付支持银联标准二维码的主扫及被扫支付，,实体门卡、智能门锁、社区门卡、自定义空白卡。（仅能模拟频段为 13.56MHz 的门卡，有门卡功能的银行卡和带有储,支持手机 NFC 解闭锁、启动引擎等功能。,,,,,,,,小米龙晶玻璃,,,,,,,,,,,,,,,,,,,,,,,,,,,,,,,,,,,,,,,,,,,,,,,,,,,,,,,,,,,,,,,,,,,,,,,,,,,,,,,,,,,,,,,,,,163.61mm,,3200nits,"8,000,000:1",,,,,,,,,,,,,,,,,,,,,,,,,,,,,,,,,,,,,,,,,,30FPS,30/60FPS,120FPS,30FPS,120FPS/240FPS,,,,,,,,,,,,,,,,,,,,,,,,,,,,,,,,,,,,//www.mipay.com）,,,,,,,,,,,,,,,,,,,,,,,,,,,,,,,,,,,,,,,,,,,,,,,,,,,,,,,,,,,,,,,,,,,,,,,,,,,,,,,,,,,,,,,,,,,,,,,,,,,,,,,,,,,,,,,,,,,,,,,,,,,,,,,,,,,,,,,,,,,,,,,,,,,,,,,,,,,,,,,,,,,,,,,,,,,,,,,,,,,,,,,,,,,,,,,,,,,,,,,,,,,,,,,,,,,,,,,,,,,,,,,,,,,,,,,,,,,,,,,,,,,,,,,,,,,,,,,,,,,,,,,,,,,,,,,,,,,,,,,,,,,,,,,,,,,,,,,,,,,,,,,,B1/B5/B6/B8/B19,BC0,是否支持 5G 取决于当地运营商网络 ；当使用两张电信卡时，非上网卡需要开通高清语音业务，未开通或者当地网络不支持高清语音业务则无法使用；,广电不支持 2G 和 3G 网络；广电不支持彩信业务；,不支持 TD-SCDMA 制式（移动 3G）；不支持 CDMA 2000 EVDO 制式（电信 3G）；,支持移动 / 联通 / 电信 / 广电的高清语音业务， 实际使用情况取决于运营商当地网络和业务部署。,,,,,,,,,,,
REDMI R70m 5G,1799,1230807339,https://www.mi.com/prod/redmi-r70m-5g/specs,,,,,,HD LCD,1600*720,最高 120Hz,最高 240Hz,,,,,,,,,,,,,,,,Wi-Fi 5、Wi-Fi 4 以及 802.11 a/b/g,2.4G Wi-Fi | 5G Wi-Fi,,,,,,,,,,,,,,,,,,,,,,,,,,,,,n1/n3/n5/n8/n28A/n38/n40/n41/n48/n77/n78,LTE FDD：1/3/5/8/19/28A,,WCDMA：1/5/8,GSM：3/5/8,,,,,,,,,,,,,,,,,,,,,,,,,,,,,,,,,,,,,,,,,,,,,,,,,,,,,,,,,,,,,,,,,,,,,,,,,,,,1500：1,,,,,,,,,,,,,,,,,,,,,,,,,,,,,,,,,,,,,,,,,,,,,,,,,,,,,,,,,,,,,,,,,,,,,,,,,,,,,,,,,,,,,,,,,,,,,,,,,,,,,,,,,,,,,,,,,,,,,,,,,,,,,,,,,,,,,,,,,,,,,,,,,,,,,,,,,,,,,,,,,,,,,,,,,,,,,,,,,,,,,,,,,,,,,,,,,,,,,,,,,,,,,,,,,,,,,,,,,,,,,,,,,,,,,,,,,,,,,,,,,,,,,,,,,,,,,,,,,,,,,,,,,,,,,,,,,,,,,,,,,,,,,,,,,,,,,,,,,,,,,,,,,,,,,,800nits,,,,,,,,,,,,,,,,,,,,,,,,,,,,,,,,,34/38/39/40/41/42/48,是否支持 5G 取决于当地运营商网络 ；当使用两张电信卡时，非上网卡需要开通高清语音业务，未开通或者当地网络不支持高清语音业务则无法使用；,广电不支持 2G 和 3G 网络；广电不支持彩信业务；,不支持 TD-SCDMA 制式（移动 3G）；不支持 CDMA 2000 EVDO 制式（电信 3G）；不支持CDMA 1X制式（电信2G）；,支持移动 / 联通 / 电信 / 广电的高清语音业务， 实际使用情况取决于运营商当地网络和业务部署。,,,,,,,,,,,,,,,,,,,,,,,,,,,,,,,,,,,,,,,,,,,,,L1｜Galileo：E1 | QZSS：L1｜A-GPS｜数据网络定位｜Wi-Fi 网络定位,,,,,,,,,,
REDMI K80,1999,1230803211,https://www.mi.com/prod/redmi-k80/specs,,74.95mm,8.12mm,206g,,,,,,,,,,,,n1/n3/n5/n7/n8/n26/n28/n38/n40/n41/n48/n66/n77/n78,FDD-LTE：B1/B3/B4/B5/B7/B8/B18/B19/B26/B28/B66,B34/B38/B39/B40/B41/B42/B48,,,,,,,,,,,B1I+B1C+B2a｜GPS：L1+L5｜Galileo：E1+E5a,G1｜QZSS：L1+L5｜NavIC：L5,支持 300+ 座城市，支持 40+ 张公交卡免费从旧手机迁移至新手机。（交通卡支持城市由于技术条件、城市等有所差异，以实际情况为准；刷卡终端可用范围及乘车优惠以当地政府及运营企业发布为准。）,支持线上 App 支付，线下刷卡、二维码支付、银联标签碰一碰支付。二维码支付支持银联标准二维码的主扫及被扫支付，支付宝、微信等标准的收款二维码主扫支付。,实体门卡、智能门锁、社区门卡、自定义空白卡。（仅能模拟频段为 13.56MHz 的门卡，有门卡功能的银行卡和带有储值消费、公交消费等功能的门卡即使模拟成功，这些卡片也不具备银行、公交等功能）,支持手机 NFC 解闭锁、启动引擎等功能。,,,,,,,,,,,,,,,,,,,,,,,,,,,,,,,,,,,,,,,,,,,,,,,,,,,,,,,,,,,,,,,,,,,,,,,,,,,,,,,,,,,,,,,,,,,,,,,,,,160.26mm,,,,,,,,,,,,,,,,,,,,,,,,,,,,,,,,,,,,,,,,,,,,,,,,,,,,,,,,,,6.67 英寸,3200*1440,"5,000,000:1",1800nit,3200nit,最高 120Hz,最高 480Hz,最高 2560Hz*,,50MP 传感器｜高动态DXG｜OIS 光学防抖 ｜1/1.55″感光元件｜4in1 2.0μm 融合像素｜6P 镜头｜f/1.6 光圈,,,,,,,,WCDMA：B1/B4/B5/B6/B8/B19,GSM：B3/B5/B8,是否支持 5G 取决于当地运营商网络；当使用电信卡作为非上网卡时，需要开通高清语音业务，未开通或者当地网络不支持高清语音业务则无法使用；,广电不支持2G和3G网络; 广电不支持彩信业务；,不支持 TD-SCDMA 制式 (移动 3G); 不支持 CDMA 2000  EVDO 制式 (电信3G)；不支持 CDMA 1X 制式 (电信2G)；不支持 NSA 制式 (5G非独立组网);,双卡双通仅支持5G+5G和5G+4G的部分频段组合，支持移动 / 联通 / 电信 / 广电的高清语音业务，实际使用情况取决于运营商当地网络和业务部署;,Wi-Fi 7、WiFi 6 增强版、Wi-Fi 5、Wi-Fi 4 以及 802.11a/b/g,2.4G Wi-Fi | 5G Wi-Fi,,SBC/AAC/AptX/AptX HD/AptX Adaptive/LDAC/LHDC 5.0/LC3/ASHA/Auracast,,,,,,,,,,,,,,,,,,,,,,,,,,,,,,,,,,,,,,,,,,,,,,,,,,,,,,,,,,,,,,,,,,,,,,,,,,,,,,,,,,,,,,,,,,,,,,,,,,,,,,,,,,,,,,,,,,,,,,,,,,,,,,,,,,,,,,,,,,,,,,,,,,,,,,,,,,,,,,,,,,,,,,,,,,,,,,,,,,,,,,,,,,,,,,,,,,,,,,,,,,,,,,,,,,,,,,,,,,,,,,,,,,,,,,,,,,,,,,,,,,,,,,,,,,,,,,,,,,,,,,,,,,,,,,,,,,,,,,,,,,,,,,,,,,,,,,,,,,,,,,,,,,,,,,,,康宁®大猩猩®玻璃 7i,AI大模型计算摄影平台,24fps,24/30/60fps,30/60fps,30fps,120/240/960fps,120/240/480/960/1920fps,,
REDMI 15R 5G,1099,1230804997,https://www.mi.com/prod/redmi-15r-5g/specs,171.56mm,79.47mm,7.99mm,205g,6.9 英寸,,1600*720,,,,,,,,,,,,,,,,,,,,,,,,,,,,,,,,,,,,,,,,,,,,,,,,,,,,,,,,,,,,,,,,,,,,,,,,,,,,,,,,,,,,,,,,,,,,,,,,,,,,,,,,,,,,,,,,,,,,,,,,,,,,,,,,1200:1,最高 120Hz,,,,,,,,,,,,,,,,,,,,,,,,,,,,,,,,,,,,,,,,,,,,,,,,,,,,,,,,,,,,,,,,,,,,,,,,,,,,,,,,,,,,,,,,,,,,,,1/5/6/8/19,3/5/8,,,,,,,,,,,,,,,,,,,,,,,,,,,,,,,,,,,,,,,,,,,,,,,,,,,,,,,,,,,,,,,,,,,,,,,,,,,,,,,,,,,,,,,,,,,,,,,,,,,,,,,,,,,,,,,,,,,,,,,,,,,,,,,,,,,,,,,,,,,,,,,,,,,,,,,,,,,,,,,,,,,,,,,,,,,,,,,,,,,,,,,,,,,,,,,,,,,,,,,,,,,,,,,,,,,,,,,,,,,,,,,,,,,,,,,,,,,,,,,,,,,,,,,,,,,,,,,,,,,,,,,,,,,,,,,,,,,,,810nit,,240Hz,,1/3/5/8/19/28A,34/38/39/40/41/42/48,,,n1/n3/n5/n8/n28A/n38/n40/n41/n48/n77/n78,802.11 a/b/g/n/ac,2.4G/5G,,,,,,,,,,,,,,,,,,Type-C 充电接口,BC0
Xiaomi 13 Ultra 限量定制色,5899,1230800322,https://www.mi.com/prod/xiaomi-13-ultra/specs,,,,,,,,,,,,,,,,,,,,,,,,,,,,,,,,,,,,,,,,,,,,,,,,,,,,,,,,,,,,,,,,,,,,,,,,,,,,,,,,,,,,,,,,,,,,,,,,,,,,,,,,,,,,,,,,,,,,,,,,,,,,,,,,,,,,,,,,,,,,,,,,,,,,,,,,,,,,,,,,,,,,,,,,,,,,,,,,,,,,,,,,,,,,,,,,,,,,,,,,,,,,,,,,,,,,,,,,,,,,,,,,,,,,,,,,,,,,,,,,,,,,,,,,,,,,,,,,,,,,,,,,,,,,,,,,,,,,,,,,,,,,,,,,,,,,,,,,,,,,,,,,,,,,,,,,,,,,,,,,,,,,,,,,,,,,,,,,,,,,,,,,,,,,,,,,,,,,,,,,,,,,,,,,,,,,,,,,,,,,,,,,,,,,,,,,,,,,,,,,,,,,,,,,,,,,,,,,,,,,,,,,,,,,,,,,,,,,,,,,,,,,,,,,,,,,,,,,,,,,,,,,,,,,,,,,,,,,,,,,,,,,,,,,,,,,,,,,,,,,,,,,,,,,,,,,,,,,,,,,,,,,,,,,,,,,,,,,,
REDMI R70 5G,1599,1230807343,https://www.mi.com/prod/redmi-r70-5g/specs,171.56mm,79.47mm,8.15mm,210g,,HD LCD,1600*720,最高 120Hz,最高 240Hz,,,,,,,,,,,,,,,,Wi-Fi 5、Wi-Fi 4 以及 802.11 a/b/g,2.4G Wi-Fi | 5G Wi-Fi,,,B1I｜GPS：L1｜Galileo：E1 | QZSS：L1 | A-GPS｜数据网络定位｜Wi-Fi 网络定位,,,,,,,,,,,,,,,,,,,,,,,,,,n1/n3/n5/n8/n28A/n38/n40/n41/n48/n77/n78,LTE FDD：1/3/5/8/19/28A,,WCDMA：1/5/8,GSM：3/5/8,,,,,,,,,,,,,,,,,,,,,,,,,,,,,,,,,,,,,,,,,,,,,,,,,,,,,,,,,,,,,,,,,,,,,,,,,,,,1500：1,,,,,,,,,,,,,,,,,,,,,,,,,,,,,,,,,,,,,,,,,,,,,,,,,,,,,,,,,,,,,,,,,,,,,,,,,,,,,,,,,,,,,,,,,,,,,,,,,,,,,,,,,,,,,,,,,,,,,,,,,,,,,,,,,,,,,,,,,,,,,,,,,,,,,,,,,,,,,,,,,,,,,,,,,,,,,,,,,,,,,,,,,,,,,,,,,,,,,,,,,,,,,,,,,,,,,,,,,,,,,,,,,,,,,,,,,,,,,,,,,,,,,,,,,,,,,,,,,,,,,,,,,,,,,,,,,,,,,,,,,,,,,,,,,,,,,,,,,,,,,,,,,,,,,,800nits,,,,,,,,,,,,,,,,,,,,,,,,,,,,,,,,,34/38/39/40/41/42/48,是否支持 5G 取决于当地运营商网络 ；当使用两张电信卡时，非上网卡需要开通高清语音业务，未开通或者当地网络不支持高清语音业务则无法使用；,广电不支持 2G 和 3G 网络；广电不支持彩信业务；,不支持 TD-SCDMA 制式（移动 3G）；不支持 CDMA 2000 EVDO 制式（电信 3G）；不支持CDMA 1X制式（电信2G）；,支持移动 / 联通 / 电信 / 广电的高清语音业务， 实际使用情况取决于运营商当地网络和业务部署。,,,,,,,,,,,,,,,,,,,,,,,,,,,,,,,,,,,,,,,,,,,,,,,,,,,,,,,
Redmi Note 13R Pro,1999,1230801276,https://www.mi.com/prod/redmi-note-13r-pro/specs,,,,,,,,,,,,,,,,,,,,,,,,,,,,,,,,,,,,,,,,,,,,,,,,,,,,,,,,,,,,,,,,,,,,,,,,,,,,,,,,,,,,,,,,,,,,,,,,,,,,,,,,,,,,,,,,,,,,,,,,,,,,,,,,,,,,,,,,,,,,,,,,,,,,,,,,,,,,,,,,,,,,,,,,,,,,,,,,,,,,,,,,,,,,,,,,,,,,,,,,,,,,,,,,,,,,,,,,,,,,,,,,,,,,,,,,,,,,,,,,,,,,,,,,,,,,,,,,,,,,,,,,,,,,,,,,,,,,,,,,,,,,,,,,,,,,,,,,,,,,,,,,,,,,,,,,,,,,,,,,,,,,,,,,,,,,,,,,,,,,,,,,,,,,,,,,,,,,,,,,,,,,,,,,,,,,,,,,,,,,,,,,,,,,,,,,,,,,,,,,,,,,,,,,,,,,,,,,,,,,,,,,,,,,,,,,,,,,,,,,,,,,,,,,,,,,,,,,,,,,,,,,,,,,,,,,,,,,,,,,,,,,,,,,,,,,,,,,,,,,,,,,,,,,,,,,,,,,,,,,,,,,,,,,,,,,,,,,,
