id,brand,model_name,release_date,sale_status,cpu,screen_size,screen_type,resolution,refresh_rate,main_camera_mp,camera_summary,battery_mah,charging_w,wireless_charging_w,weight_g,thickness_mm,waterproof,operating_system,image_url,image_source_url,official_url,source_url,source_checked_at,data_quality,is_active,created_at,updated_at
1,华为,HUAWEI Mate 70,2024-11-26,on_sale,麒麟系列处理器,6.7,OLED LTPO,2688 × 1216,120,50.0,官方规格标注 50 MP 主摄,5300,50.0,,203.0,7.8,,HarmonyOS 4.3,https://consumer.huawei.com/content/dam/huawei-cbg-site/cn/mkt/pdp/phones/mate70/specs/mate70.png,https://consumer.huawei.com/cn/phones/mate70/specs/,https://consumer.huawei.com/cn/phones/mate70/specs/,https://consumer.huawei.com/cn/phones/mate70/specs/,2026-09-15 18:18:15.905944,official_verified,True,2026-09-02 09:56:48.334881,2026-09-15 18:18:20.054687
2,小米,Xiaomi 17,2025-09-25,on_sale,骁龙旗舰处理器,6.3,OLED,FHD+,120,50.0,5000万像素主摄，徕卡影像系统,7000,100.0,50.0,191.0,,,Xiaomi HyperOS,,,https://www.mi.com/prod/xiaomi-17/specs,https://www.mi.com/prod/xiaomi-17/specs,2026-09-15 18:18:29.600359,official_partial,True,2026-09-02 09:56:48.334881,2026-09-15 18:18:39.139762
3,Apple,iPhone 17,2025-09-10,on_sale,A19 芯片,6.3,OLED,2622 x 1206 像素,120,48.0,官方规格标注 48 MP 主摄,,40.0,,177.0,,,iOS,https://www.apple.com.cn/iphone-17/images/meta/iphone-17_specs__bzlgip6v14mu_og.png?202609082010,https://www.apple.com.cn/iphone-17/specs/,https://www.apple.com.cn/iphone-17/specs/,https://www.apple.com.cn/iphone-17/specs/,2026-09-15 18:15:35.951079,official_verified,True,2026-09-02 09:56:48.334881,2026-09-15 18:15:39.229234
4,vivo,vivo X200 Pro,2024-10-01,on_sale,天玑 9400,6.78,OLED LTPO,2800 × 1260,120,50.0,官方规格标注 50 MP 主摄,6000,30.0,30.0,223.0,,,OriginOS,https://wwwstatic.vivo.com.cn/vivoportal/files/image/detail/20241022/9c1e4128681404a7b5ba1cef2a858595.png,https://www.vivo.com.cn/vivo/param/x200pro,https://www.vivo.com.cn/vivo/param/x200pro,https://www.vivo.com.cn/vivo/param/x200pro,2026-09-15 18:18:54.721316,official_verified,True,2026-09-02 09:56:48.334881,2026-09-15 18:18:54.767329
5,Apple,iPhone 17 Pro,,on_sale,A19 Pro 芯片,,,,,48.0,官方规格标注 48 MP 主摄,,40.0,,,,,iOS 14,https://www.apple.com/v/iphone/home/ck/images/meta/iphone__bh930eyjnj0i_og.png?202609090505,https://www.apple.com.cn/iphone/,https://www.apple.com.cn/iphone/,https://www.apple.com.cn/iphone/,2026-09-15 18:15:30.529372,official_partial,True,2026-09-02 15:03:17.530057,2026-09-15 18:15:39.229234
6,Apple,iPhone 17 Pro Max,,on_sale,A19 Pro 芯片,,,,,48.0,官方规格标注 48 MP 主摄,,40.0,,,,,iOS 14,https://www.apple.com/v/iphone/home/ck/images/meta/iphone__bh930eyjnj0i_og.png?202609090505,https://www.apple.com.cn/iphone/,https://www.apple.com.cn/iphone/,https://www.apple.com.cn/iphone/,2026-09-15 18:15:32.221670,official_partial,True,2026-09-02 15:03:17.533071,2026-09-15 18:15:39.229234
7,Apple,iPhone Air,,on_sale,A19 Pro 芯片,6.5,,2736 x 1260 像素,120,48.0,官方规格标注 48 MP 主摄,,40.0,,165.0,,,iOS,https://www.apple.com/v/iphone-air/i/images/meta/iphone-air_specs__tvk87wfx1oi2_og.png?202609082010,https://www.apple.com.cn/iphone-air/specs/,https://www.apple.com.cn/iphone-air/specs/,https://www.apple.com.cn/iphone-air/specs/,2026-09-15 18:15:33.914649,official_verified,True,2026-09-02 15:03:17.535071,2026-09-15 18:15:39.229234
8,Apple,iPhone 17e,,on_sale,A19 芯片,6.1,,2532 x 1170 像素,,48.0,官方规格标注 48 MP 主摄,,20.0,,170.0,,,iOS,https://www.apple.com.cn/iphone-17e/images/meta/iphone17e_specs__b9s8kb5q7s5e_og.png?202609082010,https://www.apple.com.cn/iphone-17e/specs/,https://www.apple.com.cn/iphone-17e/specs/,https://www.apple.com.cn/iphone-17e/specs/,2026-09-15 18:15:37.591735,official_verified,True,2026-09-02 15:03:17.537073,2026-09-15 18:15:39.229234
9,Apple,iPhone 16,,on_sale,A18 芯片,6.1,,2556 x 1179 像素,,48.0,官方规格标注 48 MP 主摄,,,,170.0,,,iOS,https://www.apple.com.cn/iphone-16/images/meta/iphone-16_specs__bq5wb41xhdle_og.png?202609080521,https://www.apple.com.cn/iphone-16/specs/,https://www.apple.com.cn/iphone-16/specs/,https://www.apple.com.cn/iphone-16/specs/,2026-09-15 18:15:39.173626,official_verified,True,2026-09-02 15:03:17.539071,2026-09-15 18:15:39.229234
10,华为,HUAWEI Pura 90 Pro Max,,on_sale,麒麟9030S,6.9,,,120,50.0,官方规格标注 50 MP 主摄,6000,18.0,,230.5,8.1,,HarmonyOS 6.1,https://consumer.huawei.com/content/dam/huawei-cbg-site/cn/mkt/pdp/phones/pura90-pro-max/video/kv/kv-thumb.jpg,https://consumer.huawei.com/cn/phones/pura90-pro-max/,https://consumer.huawei.com/cn/phones/pura90-pro-max/specs/,https://consumer.huawei.com/cn/phones/pura90-pro-max/specs/,2026-09-15 18:18:10.890418,official_verified,True,2026-09-02 15:03:17.540072,2026-09-15 18:18:20.054687
11,华为,HUAWEI Pura X Max,,on_sale,性能大爆发,,,,120,50.0,官方规格标注 50 MP 主摄,5300,50.0,,229.0,,,HarmonyOS 7,https://consumer.huawei.com/content/dam/huawei-cbg-site/cn/mkt/pdp/phones/pura-x-max/list/blue.png,https://consumer.huawei.com/cn/phones/pura-x-max/specs/,https://consumer.huawei.com/cn/phones/pura-x-max/specs/,https://consumer.huawei.com/cn/phones/pura-x-max/specs/,2026-09-15 18:18:12.571693,official_verified,True,2026-09-02 15:03:17.541071,2026-09-15 18:18:20.054687
12,华为,HUAWEI nova 16 Pro,,on_sale,稳帧战神,,,,120,,,7000,100.0,,,,,,https://consumer.huawei.com/content/dam/huawei-cbg-site/cn/mkt/pdp/phones/nova16-pro/list/blue.png,https://consumer.huawei.com/cn/phones/nova16-pro/,https://consumer.huawei.com/cn/phones/nova16-pro/,https://consumer.huawei.com/cn/phones/nova16-pro/,2026-09-15 18:18:14.296084,official_partial,True,2026-09-02 15:03:17.542071,2026-09-15 18:18:20.054687
13,华为,HUAWEI Mate 70 Pro,,on_sale,,6.9,,,120,50.0,官方规格标注 50 MP 主摄,5500,18.0,,221.0,8.2,,HarmonyOS 4.3,https://consumer.huawei.com/content/dam/huawei-cbg-site/cn/mkt/pdp/phones/mate70-pro/list/green.png,https://consumer.huawei.com/cn/phones/mate70-pro/specs/,https://consumer.huawei.com/cn/phones/mate70-pro/specs/,https://consumer.huawei.com/cn/phones/mate70-pro/specs/,2026-09-15 18:18:17.514906,official_verified,True,2026-09-02 15:03:17.543072,2026-09-15 18:18:20.054687
14,华为,HUAWEI Pura 80 Ultra,,on_sale,,6.8,,,120,50.0,官方规格标注 50 MP 主摄,5700,100.0,,233.5,8.3,,HarmonyOS 5.1,https://consumer.huawei.com/content/dam/huawei-cbg-site/cn/mkt/pdp/phones/pura80-ultra/list/gold.png,https://consumer.huawei.com/cn/phones/pura80-ultra/specs/,https://consumer.huawei.com/cn/phones/pura80-ultra/specs/,https://consumer.huawei.com/cn/phones/pura80-ultra/specs/,2026-09-15 18:18:20.004921,official_verified,True,2026-09-02 15:03:17.544071,2026-09-15 18:18:20.054687
15,小米,Xiaomi 17 Pro,,on_sale,,,,,,,,,100.0,,,,,,,,https://www.mi.com/prod/xiaomi-17-pro/specs,https://www.mi.com/prod/xiaomi-17-pro/specs,2026-09-15 18:18:31.545783,official_partial,True,2026-09-02 15:03:17.545147,2026-09-15 18:18:39.139762
16,小米,Xiaomi 17 Pro Max,,on_sale,,,,,,,,,100.0,,,,,,,,https://www.mi.com/prod/xiaomi-17-pro-max/specs,https://www.mi.com/prod/xiaomi-17-pro-max/specs,2026-09-15 18:18:33.486216,official_partial,True,2026-09-02 15:03:17.546152,2026-09-15 18:18:39.139762
17,小米,REDMI K80,,on_sale,,,,,,,,,100.0,,,,,,,,https://www.mi.com/prod/redmi-k80/specs,https://www.mi.com/prod/redmi-k80/specs,2026-09-15 18:18:35.369236,official_partial,True,2026-09-02 15:03:17.546152,2026-09-15 18:18:39.139762
18,小米,REDMI K80 Pro,,on_sale,,,,,,,,,100.0,,,,,,,,https://www.mi.com/prod/redmi-k80-pro/specs,https://www.mi.com/prod/redmi-k80-pro/specs,2026-09-15 18:18:37.247705,official_partial,True,2026-09-02 15:03:17.547152,2026-09-15 18:18:39.139762
19,小米,REDMI K80 至尊版,,on_sale,,,,,,,,,100.0,,,,,,,,https://www.mi.com/prod/redmi-k80-ultra/specs,https://www.mi.com/prod/redmi-k80-ultra/specs,2026-09-15 18:18:39.081633,official_partial,True,2026-09-02 15:03:17.548066,2026-09-15 18:18:39.139762
20,OPPO,OPPO Find X9 Ultra,,on_sale,第五代骁龙®8至尊版移动平台，8 核心，最高主频 4.608 GHz,6.82,,,144,50.0,官方规格标注 50 MP 主摄,7050,100.0,,236.0,,,ColorOS 16.0,https://www.oppo.com/content/dam/oppo_com/common/mkt/v2-2/find-x9s-pro-find-x9-ultra-cn/find-x9-ultra/product/specs.png,https://www.oppo.com/cn/smartphones/series-find-x/find-x9-ultra/specs/,https://www.oppo.com/cn/smartphones/series-find-x/find-x9-ultra/specs/,https://www.oppo.com/cn/smartphones/series-find-x/find-x9-ultra/specs/,2026-09-15 16:57:59.076844,official_verified,True,2026-09-02 15:03:17.548956,2026-09-15 17:41:27.483027
21,OPPO,OPPO Find X9s Pro,,on_sale,MediaTek 天玑9500，8 核心，最高主频 4.21GHz,6.32,,,144,50.0,官方规格标注 50 MP 主摄,7025,80.0,,200.0,,,ColorOS 16.0,https://www.oppo.com/content/dam/oppo_com/common/mkt/v2-2/find-x9s-pro-find-x9-ultra-cn/find-x9s-pro/product/specs.png,https://www.oppo.com/cn/smartphones/series-find-x/find-x9s-pro/specs/,https://www.oppo.com/cn/smartphones/series-find-x/find-x9s-pro/specs/,https://www.oppo.com/cn/smartphones/series-find-x/find-x9s-pro/specs/,2026-09-15 16:58:01.207137,official_verified,True,2026-09-02 15:03:17.550463,2026-09-15 17:41:27.483027
22,OPPO,OPPO Find X9 Pro,,on_sale,MediaTek 天玑9500，8 核心，最高主频 4.21GHz,6.78,,,120,50.0,官方规格标注 50 MP 主摄,7500,80.0,,224.0,,,ColorOS 16.0,https://www.oppo.com/content/dam/oppo_com/common/mkt/v2-2/find-x9-series-cn/product/find-x9-pro/1224-720.png,https://www.oppo.com/cn/smartphones/series-find-x/find-x9-pro/specs/,https://www.oppo.com/cn/smartphones/series-find-x/find-x9-pro/specs/,https://www.oppo.com/cn/smartphones/series-find-x/find-x9-pro/specs/,2026-09-15 16:58:03.353812,official_verified,True,2026-09-02 15:03:17.552470,2026-09-15 17:41:27.483027
23,OPPO,OPPO Find X9,,on_sale,MediaTek 天玑9500，8 核心，最高主频 4.21GHz,6.59,,,120,50.0,官方规格标注 50 MP 主摄,7025,80.0,,203.0,,,ColorOS 16.0,https://www.oppo.com/content/dam/oppo_com/common/mkt/v2-2/find-x9-series-cn/product/find-x9/1224-720-v1.png,https://www.oppo.com/cn/smartphones/series-find-x/find-x9/specs/,https://www.oppo.com/cn/smartphones/series-find-x/find-x9/specs/,https://www.oppo.com/cn/smartphones/series-find-x/find-x9/specs/,2026-09-15 16:58:05.502743,official_verified,True,2026-09-02 15:03:17.553470,2026-09-15 17:41:27.483027
24,OPPO,OPPO Reno16 Pro,,on_sale,MediaTek 天玑9500s，8 核心，最高主频 3.73GHz,6.78,,,120,50.0,官方规格标注 50 MP 主摄,7000,80.0,,208.0,,,ColorOS 16.0,https://www.oppo.com/content/dam/oppo_com/common/mkt/v2-2/oppo-reno16-series-cn/reno16-pro/specs/specs.png,https://www.oppo.com/cn/smartphones/series-reno/reno16-pro/specs/,https://www.oppo.com/cn/smartphones/series-reno/reno16-pro/specs/,https://www.oppo.com/cn/smartphones/series-reno/reno16-pro/specs/,2026-09-15 16:58:07.673286,official_verified,True,2026-09-02 15:03:17.555470,2026-09-15 17:41:27.483027
25,OPPO,OPPO Reno16,,on_sale,天玑 8550 SUPER，8 核心，最高主频 3.4GHz,6.32,,,120,50.0,官方规格标注 50 MP 主摄,6700,80.0,,191.0,,,ColorOS 16.0,https://www.oppo.com/content/dam/oppo_com/common/mkt/v2-2/oppo-reno16-series-cn/reno16/specs/black-purple-white-green.png,https://www.oppo.com/cn/smartphones/series-reno/reno16/specs/,https://www.oppo.com/cn/smartphones/series-reno/reno16/specs/,https://www.oppo.com/cn/smartphones/series-reno/reno16/specs/,2026-09-15 16:58:09.819339,official_verified,True,2026-09-02 15:03:17.556470,2026-09-15 17:41:27.483027
26,OPPO,OPPO K15 Pro,,on_sale,天玑 8500 SUPER，8 核心，最高主频 3.4GHz,6.59,,,144,50.0,官方规格标注 50 MP 主摄,7500,80.0,,200.0,,,ColorOS 16.0,https://www.oppo.com/content/dam/oppo_com/common/mkt/v2-2/oppo-k15-series-cn/oppo-k15-pro/product/specs.png,https://www.oppo.com/cn/smartphones/series-k/k15-pro/specs/,https://www.oppo.com/cn/smartphones/series-k/k15-pro/specs/,https://www.oppo.com/cn/smartphones/series-k/k15-pro/specs/,2026-09-15 16:58:12.045021,official_verified,True,2026-09-02 15:03:17.558470,2026-09-15 17:41:27.483027
27,OPPO,OPPO A6s Pro,,on_sale,MediaTek 天玑6360 MAX，8 核心，最高主频 2.4GHz,6.57,,,120,50.0,官方规格标注 50 MP 主摄,7000,80.0,,194.0,,,ColorOS 16.0,https://www.oppo.com/content/dam/oppo_com/common/mkt/v2-2/a6s-pro-cn/product/product.png,https://www.oppo.com/cn/smartphones/series-a/a6s-pro/specs/,https://www.oppo.com/cn/smartphones/series-a/a6s-pro/specs/,https://www.oppo.com/cn/smartphones/series-a/a6s-pro/specs/,2026-09-15 16:58:14.210476,official_verified,True,2026-09-02 15:03:17.559470,2026-09-15 17:41:27.483027
28,vivo,vivo X300 Ultra,2026-03-01,on_sale,第五代骁龙8至尊版移动平台,6.82,,3168 x 1440,144,,,6600,40.0,,,,,,,,https://www.vivo.com.cn/vivo/param/x300ultra,https://www.vivo.com.cn/vivo/param/x300ultra,2026-09-15 18:18:40.464198,official_verified,True,2026-09-02 15:03:17.561470,2026-09-15 18:18:54.767329
29,vivo,vivo X300 Pro,2025-10-01,on_sale,天玑 9500,6.78,,2800 x 1260,120,50.0,官方规格标注 50 MP 主摄,6510,40.0,,226.0,7.99,,,https://wwwstatic.vivo.com.cn/vivoportal/files/image/detail/20250920/54b76b32aec6055f1c3b4629d27a8a78.png,https://www.vivo.com.cn/vivo/param/x300pro,https://www.vivo.com.cn/vivo/param/x300pro,https://www.vivo.com.cn/vivo/param/x300pro,2026-09-15 18:18:42.287047,official_verified,True,2026-09-02 15:03:17.563552,2026-09-15 18:18:54.767329
30,vivo,vivo X300,2025-10-01,on_sale,天玑 9500,6.31,,2640 x 1216,120,,,6040,40.0,,190.0,7.95,,,https://wwwstatic.vivo.com.cn/vivoportal/files/image/detail/20250920/9f2f284ce1a07a2c606dc9ba7a6f3cef.png,https://www.vivo.com.cn/vivo/param/x300,https://www.vivo.com.cn/vivo/param/x300,https://www.vivo.com.cn/vivo/param/x300,2026-09-15 18:18:43.994373,official_verified,True,2026-09-02 15:03:17.565492,2026-09-15 18:18:54.767329
31,vivo,vivo S50 Pro mini,2025-12-01,on_sale,高通第五代骁龙 8 移动平台,6.31,,2640 × 1216,120,,,6500,40.0,,,,,,https://wwwstatic.vivo.com.cn/vivoportal/files/image/detail/20251211/58d32038099a6fe957d9dfddeb5d27dc.png,https://www.vivo.com.cn/vivo/param/s50promini,https://www.vivo.com.cn/vivo/param/s50promini,https://www.vivo.com.cn/vivo/param/s50promini,2026-09-15 18:18:45.824403,official_verified,True,2026-09-02 15:03:17.567509,2026-09-15 18:18:54.767329
32,vivo,vivo S50,2025-12-01,on_sale,高通第三代骁龙 8s 移动平台,6.59,,2750 × 1260,120,,,6500,90.0,,,,,,https://wwwstatic.vivo.com.cn/vivoportal/files/image/detail/20251211/24bc92e766613fad2f928cffc6c2e359.png,https://www.vivo.com.cn/vivo/param/s50,https://www.vivo.com.cn/vivo/param/s50,https://www.vivo.com.cn/vivo/param/s50,2026-09-15 18:18:47.607410,official_verified,True,2026-09-02 15:03:17.569503,2026-09-15 18:18:54.767329
33,vivo,vivo Y500,2025-09-01,on_sale,天玑 7300,6.77,,2392x1080,,,,8200,90.0,,213.0,8.23,,OriginOS 5,https://wwwstatic.vivo.com.cn/vivoportal/files/image/detail/20250820/fb5e09f45b8268d61124567e894dc864.png,https://www.vivo.com.cn/vivo/param/y500,https://www.vivo.com.cn/vivo/param/y500,https://www.vivo.com.cn/vivo/param/y500,2026-09-15 18:18:49.390304,official_verified,True,2026-09-02 15:03:17.570503,2026-09-15 18:18:54.767329
34,vivo,iQOO 15 Ultra,2026-02-01,on_sale,第五代骁龙 8 至尊版移动平台,6.85,,3168x1440,144,50.0,官方规格标注 50 MP 主摄,7400,100.0,,227.0,8.7,,,,,https://www.vivo.com.cn/vivo/param/iqoo15ultra,https://www.vivo.com.cn/vivo/param/iqoo15ultra,2026-09-15 18:18:51.164239,official_verified,True,2026-09-02 15:03:17.572503,2026-09-15 18:18:54.767329
35,vivo,iQOO 15,2025-10-01,on_sale,第五代骁龙8至尊版移动平台,6.85,,3168x1440,144,50.0,官方规格标注 50 MP 主摄,7000,100.0,,,,,,,,https://www.vivo.com.cn/vivo/param/iqoo15,https://www.vivo.com.cn/vivo/param/iqoo15,2026-09-15 18:18:52.980734,official_verified,True,2026-09-02 15:03:17.574503,2026-09-15 18:18:54.767329
36,realme,真我GT8 Pro,,on_sale,第五代骁龙® 8至尊版移动平台，8核心，最高主频 4.60GHz,6.79,,,144,50.0,官方规格标注 50 MP 主摄,7000,65.0,,214.0,,,,,,https://www.realme.com/cn/realme-gt-8-pro/specs,https://www.realme.com/cn/realme-gt-8-pro/specs,2026-09-15 17:09:31.128505,official_verified,True,2026-09-02 15:03:17.576502,2026-09-15 17:41:27.483027
37,realme,真我GT8,,on_sale,高通骁龙®8 至尊版移动平台，8核心，最高主频 4.32GHz,6.79,,,144,50.0,官方规格标注 50 MP 主摄,7000,55.0,,214.0,,,,,,https://www.realme.com/cn/realme-gt-8/specs,https://www.realme.com/cn/realme-gt-8/specs,2026-09-15 17:09:33.303277,official_verified,True,2026-09-02 15:03:17.577502,2026-09-15 17:41:27.483027
38,realme,真我GT7,,on_sale,级性能解决方案，渲染指令减少30%,,,,144,,,7200,,,,,,,,,https://www.realme.com/cn/realme-gt-7,https://www.realme.com/cn/realme-gt-7,2026-09-15 16:58:38.164892,official_partial,True,2026-09-02 15:03:17.577502,2026-09-15 17:41:27.483027
39,realme,真我GT7 Pro,,on_sale,级性能解决方案，系统流畅数据、游戏测试数据均来自真我实验室，实际数据可,,,,120,,,6500,,,,,,,,,https://www.realme.com/cn/realme-gt-7-pro,https://www.realme.com/cn/realme-gt-7-pro,2026-09-15 16:58:40.394713,official_partial,True,2026-09-02 15:03:17.579511,2026-09-15 17:41:27.483027
40,realme,真我Neo8,,on_sale,第五代骁龙®8移动平台，8 核心（2 超大核+6 大核）,6.78,,,165,50.0,官方规格标注 50 MP 主摄,8000,80.0,,215.0,,,,,,https://www.realme.com/cn/realme-neo-8/specs,https://www.realme.com/cn/realme-neo-8/specs,2026-09-15 17:09:35.806747,official_verified,True,2026-09-02 15:03:17.580510,2026-09-15 17:41:27.483027
41,realme,真我Neo7 Turbo,,on_sale,，全大核架构加持，全面释放性能潜力，日常操作丝滑流畅，游戏表现持久稳定,,,,,50.0,官方规格标注 50 MP 主摄,7200,,,,,,,,,https://www.realme.com/cn/realme-neo-7-turbo,https://www.realme.com/cn/realme-neo-7-turbo,2026-09-15 16:58:45.534209,official_partial,True,2026-09-02 15:03:17.581496,2026-09-15 17:41:27.483027
42,realme,真我15 Pro,,on_sale,第四代骁龙®7 性能强芯,6.8,,,,,,7000,80.0,,,,,,,,https://www.realme.com/cn/realme-15-pro/specs,https://www.realme.com/cn/realme-15-pro/specs,2026-09-15 17:09:37.993779,official_partial,True,2026-09-02 15:03:17.582341,2026-09-15 17:41:27.483027
43,realme,真我V70,,on_sale,天玑 6300 5G 芯片,6.67,,,120,,,5000,,,190.0,,,,,,https://www.realme.com/cn/more-products/realme-v-70/specs,https://www.realme.com/cn/more-products/realme-v-70/specs,2026-09-15 16:58:49.826344,official_verified,True,2026-09-02 15:03:17.583352,2026-09-15 17:41:27.483027
44,三星,Samsung Galaxy S26 Ultra,,on_sale,的AI手机，为您开启智慧生活的非凡体验。Galaxy S26 Ultra搭载了超清超亮的影像系统，也是三星首款配备防窥显示屏的智能手机，将旗舰体验凝于方寸之间，,,,,,50.0,官方规格标注 50 MP 主摄,,45.0,,214.0,7.9,,,,,https://www.samsung.com.cn/smartphones/galaxy-s26-ultra/specs/,https://www.samsung.com.cn/smartphones/galaxy-s26-ultra/specs/,2026-09-15 17:09:38.280387,official_partial,True,2026-09-02 15:03:17.584349,2026-09-15 17:41:27.483027
45,三星,Samsung Galaxy S26,,on_sale,，拥有流畅的运行速度、清晰的视觉表现与出色的操控性能，助力畅快使用体验,,,,,,官方规格标注 2 MP 主摄,,,,167.0,7.2,,,,,https://www.samsung.com.cn/smartphones/galaxy-s26/specs/,https://www.samsung.com.cn/smartphones/galaxy-s26/specs/,2026-09-15 17:09:40.491162,official_partial,True,2026-09-02 15:03:17.585352,2026-09-15 17:41:27.483027
46,三星,Samsung Galaxy Z Fold8,,on_sale,基板上，Galaxy Z Fold8处理器清晰可见。然后，处理器光影流转，变化为AI标识，随即嵌入折叠屏Galaxy Z Fold8机身背部。其搭载了专为Sam,,,,,50.0,官方规格标注 50 MP 主摄,,,,,,,,,,https://www.samsung.com.cn/smartphones/galaxy-z-fold8/specs/,https://www.samsung.com.cn/smartphones/galaxy-z-fold8/specs/,2026-09-15 17:09:42.550938,official_partial,True,2026-09-02 15:03:17.586352,2026-09-15 17:41:27.483027
47,三星,Samsung Galaxy Z Flip8,,on_sale,，其集成了新一代CPU、GPU与NPU。,,,,,50.0,官方规格标注 50 MP 主摄,,,,,,,,,,https://www.samsung.com.cn/smartphones/galaxy-z-flip8/specs/,https://www.samsung.com.cn/smartphones/galaxy-z-flip8/specs/,2026-09-15 17:09:44.693857,official_partial,True,2026-09-02 15:03:17.586352,2026-09-15 17:41:27.483027
48,三星,Samsung Galaxy S25 Ultra,,on_sale,（for Galaxy）驱动。,6.2,,,,50.0,官方规格标注 50 MP 主摄,,,,218.0,8.2,,,https://images.samsung.com.cn/cn/smartphones/galaxy-s25-ultra/images/galaxy-s25-ultra-share-image.jpg,https://www.samsung.com.cn/smartphones/galaxy-s25-ultra/,https://www.samsung.com.cn/smartphones/galaxy-s25-ultra/,https://www.samsung.com.cn/smartphones/galaxy-s25-ultra/,2026-09-15 16:59:02.304675,official_verified,True,2026-09-02 15:03:17.587352,2026-09-15 17:41:27.484138
49,三星,Samsung Galaxy S25,,on_sale,（for Galaxy）,6.7,,,,12.0,官方规格标注 12 MP 主摄,,,,,,,,https://images.samsung.com.cn/cn/smartphones/galaxy-s25/images/galaxy-s25-share-image.jpg,https://www.samsung.com.cn/smartphones/galaxy-s25/,https://www.samsung.com.cn/smartphones/galaxy-s25/,https://www.samsung.com.cn/smartphones/galaxy-s25/,2026-09-15 16:59:04.453477,official_partial,True,2026-09-02 15:03:17.588352,2026-09-15 17:41:27.484138
50,魅族,魅族 22,,on_sale,,,,,,,,,,,,,,,,,https://detail.meizu.com/item/meizu22.html,https://detail.meizu.com/item/meizu22.html,2026-09-15 16:59:07.487212,official_partial,True,2026-09-02 15:03:17.590353,2026-09-15 17:41:27.484138
51,魅族,魅族 Note 16 Pro,,on_sale,,,,,,,,,,,,,,,,,https://detail.meizu.com/item/meizunote16pro.html,https://detail.meizu.com/item/meizunote16pro.html,2026-09-15 16:59:09.931614,official_partial,True,2026-09-02 15:03:17.591686,2026-09-15 17:41:27.484138
52,魅族,魅族 Note 16,,on_sale,,,,,,,,6600,,,,,,,,,https://detail.meizu.com/item/meizunote16.html,https://detail.meizu.com/item/meizunote16.html,2026-09-15 16:59:12.366930,official_partial,True,2026-09-02 15:03:17.592700,2026-09-15 17:41:27.484138
53,魅族,魅族 Lucky 08,,on_sale,,,,,,,,6000,,,,,,,,,https://detail.meizu.com/item/Lucky08.html,https://detail.meizu.com/item/Lucky08.html,2026-09-15 16:59:14.980943,official_partial,True,2026-09-02 15:03:17.593697,2026-09-15 17:41:27.484138
54,魅族,魅族 21 Note,,on_sale,,,,,,,,5500,,,,,,,,,https://detail.meizu.com/item/meizu21note.html,https://detail.meizu.com/item/meizu21note.html,2026-09-15 16:59:17.494462,official_partial,True,2026-09-02 15:03:17.594697,2026-09-15 17:41:27.484138
55,荣耀,荣耀600 Pro,2026-05-01,on_sale,天玑8550 Elite,6.57,,,,200.0,2亿像素主摄与5000万像素潜望长焦,8000,80.0,,202.0,,,,,,https://www.honor.com/cn/phones/honor-600-pro/,https://www.honor.com/cn/shop/product/10086897898403.html,2026-09-02 15:21:41.312582,manual_official_review,True,2026-09-02 15:21:41.313258,2026-09-02 15:21:41.313258
56,荣耀,荣耀Magic8 Pro,,on_sale,,,,,,200.0,2亿像素主摄,7200,120.0,,,,,,,,https://www.honor.com/cn/phones/honor-magic8-pro/,https://www.honor.com/cn/shop/product/10086048644581.html,2026-09-02 15:21:41.315228,manual_official_review,True,2026-09-02 15:21:41.315810,2026-09-02 15:21:41.315810
57,一加,一加 13,,on_sale,高通骁龙8至尊版移动平台,6.82,,,120,,,6000,100.0,,210.0,,,,,,https://www.oneplus.com/cn/13,https://www.oneplus.com/cn/13/specs,2026-09-02 15:21:41.317598,manual_official_review,True,2026-09-02 15:21:41.318240,2026-09-02 15:21:41.318240
58,一加,一加 Ace 6,,on_sale,高通骁龙8至尊版移动平台,6.83,,,165,,,,,,213.0,,,,,,https://www.oneplus.com/cn/ace-6,https://www.oneplus.com/cn/ace-6/specs,2026-09-02 15:21:41.320665,manual_official_review,True,2026-09-02 15:21:41.321315,2026-09-02 15:21:41.321315
59,一加,一加 Ace 5,,on_sale,高通第三代骁龙8移动平台,6.78,,,120,,,6415,80.0,,206.0,,,,,,https://www.oneplus.com/cn/ace-5,https://www.oneplus.com/cn/ace-5/specs,2026-09-02 15:21:41.324545,manual_official_review,True,2026-09-02 15:21:41.325010,2026-09-02 15:21:41.325010
60,Apple,iPhone 18 Pro,,on_sale,A20 Pro 芯片,6.3,,2622 x 1206 像素,120,48.0,官方规格标注 48 MP 主摄,,40.0,,211.0,,,iOS 27,https://www.apple.com/v/iphone-18-pro/a/images/meta/iphone-18-pro_specs__cmwbqfe82cb6_og.png?202609120520,https://www.apple.com.cn/iphone-18-pro/specs/,https://www.apple.com.cn/iphone-18-pro/specs/,https://www.apple.com.cn/iphone-18-pro/specs/,2026-09-13 15:41:54.706080,official_verified,True,2026-09-13 15:44:09.588727,2026-09-15 17:41:27.484138
61,Apple,iPhone Duo,,on_sale,A20 Pro 芯片,,,1878 x 2670 像素,120,48.0,官方规格标注 48 MP 主摄,,40.0,,254.0,,,iOS 27,https://www.apple.com.cn/iphone-duo/images/meta/iphone-duo_specs__ec9upqmirfki_og.png?202609120520,https://www.apple.com.cn/iphone-duo/specs/,https://www.apple.com.cn/iphone-duo/specs/,https://www.apple.com.cn/iphone-duo/specs/,2026-09-13 15:41:55.689855,official_verified,True,2026-09-13 15:44:09.591729,2026-09-15 17:41:27.484138
62,华为,HUAWEI Mate 70 Pro+,,on_sale,,6.9,,,120,50.0,官方规格标注 50 MP 主摄,5700,18.0,,226.0,8.25,,HarmonyOS 4.3,https://consumer.huawei.com/content/dam/huawei-cbg-site/cn/mkt/pdp/phones/mate70-pro-plus/list/silver.png,https://consumer.huawei.com/cn/phones/mate70-pro-plus/specs/,https://consumer.huawei.com/cn/phones/mate70-pro-plus/specs/,https://consumer.huawei.com/cn/phones/mate70-pro-plus/specs/,2026-09-13 15:41:56.300100,official_verified,True,2026-09-13 15:44:09.594060,2026-09-15 17:41:27.484138
63,华为,HUAWEI Mate 70 RS 非凡大师,,on_sale,,6.9,,,120,50.0,官方规格标注 50 MP 主摄,5700,18.0,,,8.25,,HarmonyOS 4.3,https://consumer.huawei.com/content/dam/huawei-cbg-site/cn/mkt/pdp/phones/mate70-rs-ultimate-design/specs/mate70-rs-ultimate-design.png,https://consumer.huawei.com/cn/phones/mate70-rs-ultimate-design/specs/,https://consumer.huawei.com/cn/phones/mate70-rs-ultimate-design/specs/,https://consumer.huawei.com/cn/phones/mate70-rs-ultimate-design/specs/,2026-09-13 15:41:58.303107,official_verified,True,2026-09-13 15:44:09.595071,2026-09-15 17:41:27.484138
64,华为,HUAWEI Mate X6,,on_sale,,,,,120,50.0,官方规格标注 50 MP 主摄,5110,50.0,,239.0,,,HarmonyOS 4.3,https://consumer.huawei.com/content/dam/huawei-cbg-site/cn/mkt/pdp/phones/mate-x6/list/black.png,https://consumer.huawei.com/cn/phones/mate-x6/specs/,https://consumer.huawei.com/cn/phones/mate-x6/specs/,https://consumer.huawei.com/cn/phones/mate-x6/specs/,2026-09-13 15:41:59.462631,official_verified,True,2026-09-13 15:44:09.597076,2026-09-15 17:41:27.484138
65,华为,HUAWEI Mate XT 非凡大师,,on_sale,,,,,,50.0,官方规格标注 50 MP 主摄,5600,66.0,,298.0,,,HarmonyOS 4.2,https://consumer.huawei.com/content/dam/huawei-cbg-site/cn/mkt/pdp/phones/mate-xt-ultimate-design/list/list.png,https://consumer.huawei.com/cn/phones/mate-xt-ultimate-design/specs/,https://consumer.huawei.com/cn/phones/mate-xt-ultimate-design/specs/,https://consumer.huawei.com/cn/phones/mate-xt-ultimate-design/specs/,2026-09-13 15:42:01.469445,official_partial,True,2026-09-13 15:44:09.599590,2026-09-15 17:41:27.484138
66,华为,HUAWEI Pura 80,,on_sale,,6.6,,,120,50.0,官方规格标注 50 MP 主摄,5600,66.0,,211.0,8.2,,HarmonyOS 5.1,https://consumer.huawei.com/content/dam/huawei-cbg-site/cn/mkt/pdp/phones/pura80/list/velvet-gold.png,https://consumer.huawei.com/cn/phones/pura80/specs/,https://consumer.huawei.com/cn/phones/pura80/specs/,https://consumer.huawei.com/cn/phones/pura80/specs/,2026-09-13 15:42:02.416664,official_verified,True,2026-09-13 15:44:09.601597,2026-09-15 17:41:27.484138
67,华为,HUAWEI Pura 80 Pro,,on_sale,,6.8,,,120,50.0,官方规格标注 50 MP 主摄,5700,100.0,,219.0,8.3,,HarmonyOS 5.1,https://consumer.huawei.com/content/dam/huawei-cbg-site/cn/mkt/pdp/phones/pura80-pro/list/glazed-gold.png,https://consumer.huawei.com/cn/phones/pura80-pro/specs/,https://consumer.huawei.com/cn/phones/pura80-pro/specs/,https://consumer.huawei.com/cn/phones/pura80-pro/specs/,2026-09-13 15:42:03.381003,official_verified,True,2026-09-13 15:44:09.602597,2026-09-15 17:41:27.484138
68,华为,HUAWEI Pura 80 Pro+,,on_sale,,6.8,,,120,50.0,官方规格标注 50 MP 主摄,5700,100.0,,219.0,8.3,,HarmonyOS 5.1,https://consumer.huawei.com/content/dam/huawei-cbg-site/cn/mkt/pdp/phones/pura80-pro-plus/list/glaze-red.png,https://consumer.huawei.com/cn/phones/pura80-pro-plus/specs/,https://consumer.huawei.com/cn/phones/pura80-pro-plus/specs/,https://consumer.huawei.com/cn/phones/pura80-pro-plus/specs/,2026-09-13 15:42:04.361568,official_verified,True,2026-09-13 15:44:09.604597,2026-09-15 17:41:27.484138
69,华为,HUAWEI Pura X,,on_sale,,,,,120,50.0,官方规格标注 50 MP 主摄,4720,80.0,,,,,HarmonyOS 5.0.1,https://consumer.huawei.com/content/dam/huawei-cbg-site/cn/mkt/pdp/phones/pura-x/new/orange.png,https://consumer.huawei.com/cn/phones/pura-x/specs/,https://consumer.huawei.com/cn/phones/pura-x/specs/,https://consumer.huawei.com/cn/phones/pura-x/specs/,2026-09-13 15:42:05.295256,official_partial,True,2026-09-13 15:44:09.605591,2026-09-15 17:41:27.484138
70,华为,HUAWEI nova 14,,on_sale,,6.7,,,,,,5500,100.0,,,,,,https://consumer.huawei.com/content/dam/huawei-cbg-site/cn/mkt/pdp/phones/nova14/list/blue.png,https://consumer.huawei.com/cn/phones/nova14/,https://consumer.huawei.com/cn/phones/nova14/,https://consumer.huawei.com/cn/phones/nova14/,2026-09-13 15:42:07.695032,official_partial,True,2026-09-13 15:44:09.607597,2026-09-15 17:41:27.484138
71,华为,HUAWEI nova 14 Pro,,on_sale,,,,,120,,,5500,100.0,,,,,,https://consumer.huawei.com/content/dam/huawei-cbg-site/cn/mkt/pdp/phones/nova14-pro/list/blue.png,https://consumer.huawei.com/cn/phones/nova14-pro/,https://consumer.huawei.com/cn/phones/nova14-pro/,https://consumer.huawei.com/cn/phones/nova14-pro/,2026-09-13 15:42:10.144080,official_partial,True,2026-09-13 15:44:09.608596,2026-09-15 17:41:27.484138
72,华为,HUAWEI nova 14 Ultra,,on_sale,,,,,120,,,5500,100.0,,,,,,https://consumer.huawei.com/content/dam/huawei-cbg-site/cn/mkt/pdp/phones/nova14-ultra/list/gold.png,https://consumer.huawei.com/cn/phones/nova14-ultra/,https://consumer.huawei.com/cn/phones/nova14-ultra/,https://consumer.huawei.com/cn/phones/nova14-ultra/,2026-09-13 15:42:11.116616,official_partial,True,2026-09-13 15:44:09.608596,2026-09-15 17:41:27.484138
73,小米,Xiaomi 15,,on_sale,,,,,,,,,,,,,,,,,https://www.mi.com/prod/xiaomi-15/specs,https://www.mi.com/prod/xiaomi-15/specs,2026-09-13 15:42:16.938142,official_partial,True,2026-09-13 15:44:09.609597,2026-09-15 17:41:27.484138
74,小米,Xiaomi 15 Pro,,on_sale,,,,,,,,,,,,,,,,,https://www.mi.com/prod/xiaomi-15-pro/specs,https://www.mi.com/prod/xiaomi-15-pro/specs,2026-09-13 15:42:18.098015,official_partial,True,2026-09-13 15:44:09.610597,2026-09-15 17:41:27.484138
75,小米,Xiaomi 15 Ultra,,on_sale,,,,,,,,,,,,,,,,,https://www.mi.com/prod/xiaomi-15-ultra/specs,https://www.mi.com/prod/xiaomi-15-ultra/specs,2026-09-13 15:42:19.280399,official_partial,True,2026-09-13 15:44:09.610597,2026-09-15 17:41:27.484138
76,小米,Xiaomi 15S Pro,,on_sale,,,,,,,,,,,,,,,,,https://www.mi.com/prod/xiaomi-15s-pro/specs,https://www.mi.com/prod/xiaomi-15s-pro/specs,2026-09-13 15:42:20.418641,official_partial,True,2026-09-13 15:44:09.611604,2026-09-15 17:41:27.484138
77,小米,REDMI K90,,on_sale,,,,,,,,,,,,,,,,,https://www.mi.com/prod/redmi-k90/specs,https://www.mi.com/prod/redmi-k90/specs,2026-09-13 15:42:25.414406,official_partial,True,2026-09-13 15:44:09.611604,2026-09-15 17:41:27.484138
78,小米,REDMI K90 Pro Max,,on_sale,,,,,,,,,,,,,,,,,https://www.mi.com/prod/redmi-k90-pro-max/specs,https://www.mi.com/prod/redmi-k90-pro-max/specs,2026-09-13 15:42:26.541457,official_partial,True,2026-09-13 15:44:09.612603,2026-09-15 17:41:27.484138
79,小米,REDMI Turbo 4,,on_sale,,,,,,,,,,,,,,,,,https://www.mi.com/prod/redmi-turbo-4/specs,https://www.mi.com/prod/redmi-turbo-4/specs,2026-09-13 15:42:28.036278,official_partial,True,2026-09-13 15:44:09.612603,2026-09-15 17:41:27.484138
80,小米,REDMI Turbo 4 Pro,,on_sale,,,,,,,,,,,,,,,,,https://www.mi.com/prod/redmi-turbo-4-pro/specs,https://www.mi.com/prod/redmi-turbo-4-pro/specs,2026-09-13 15:42:29.422484,official_partial,True,2026-09-13 15:44:09.613603,2026-09-15 17:41:27.484138
81,小米,REDMI Turbo 5,,on_sale,,,,,,,,,,,,,,,,,https://www.mi.com/prod/redmi-turbo-5/specs,https://www.mi.com/prod/redmi-turbo-5/specs,2026-09-13 15:42:30.616057,official_partial,True,2026-09-13 15:44:09.614610,2026-09-15 17:41:27.484138
82,小米,REDMI Turbo 5 Max,,on_sale,,,,,,,,,,,,,,,,,https://www.mi.com/prod/redmi-turbo-5-max/specs,https://www.mi.com/prod/redmi-turbo-5-max/specs,2026-09-13 15:42:31.815256,official_partial,True,2026-09-13 15:44:09.614610,2026-09-15 17:41:27.484138
83,小米,REDMI Note 14,,on_sale,,,,,,,,,,,,,,,,,https://www.mi.com/prod/redmi-note-14/specs,https://www.mi.com/prod/redmi-note-14/specs,2026-09-13 15:42:33.042163,official_partial,True,2026-09-13 15:44:09.615609,2026-09-15 17:41:27.484138
84,小米,REDMI Note 14 Pro,,on_sale,,,,,,,,,,,,,,,,,https://www.mi.com/prod/redmi-note-14-pro/specs,https://www.mi.com/prod/redmi-note-14-pro/specs,2026-09-13 15:42:34.276407,official_partial,True,2026-09-13 15:44:09.615609,2026-09-15 17:41:27.484138
85,小米,REDMI Note 15,,on_sale,,,,,,,,,,,,,,,,,https://www.mi.com/prod/redmi-note-15/specs,https://www.mi.com/prod/redmi-note-15/specs,2026-09-13 15:42:36.655315,official_partial,True,2026-09-13 15:44:09.616609,2026-09-15 17:41:27.484138
86,小米,REDMI Note 15 Pro,,on_sale,,,,,,,,,,,,,,,,,https://www.mi.com/prod/redmi-note-15-pro/specs,https://www.mi.com/prod/redmi-note-15-pro/specs,2026-09-13 15:42:37.850796,official_partial,True,2026-09-13 15:44:09.616609,2026-09-15 17:41:27.484138
87,OPPO,OPPO Find N5,,on_sale,高通骁龙®8 至尊版移动平台，7 核心，最高主频 4.32GHz,,,,120,50.0,官方规格标注 50 MP 主摄,5600,60.0,,234.0,,,ColorOS 15.0,https://www.oppo.com/content/dam/oppo_com/common/mkt/v2-2/find-n5-cn/product/1250-720.png,https://www.oppo.com/cn/smartphones/series-find-n/find-n5/specs/,https://www.oppo.com/cn/smartphones/series-find-n/find-n5/specs/,https://www.oppo.com/cn/smartphones/series-find-n/find-n5/specs/,2026-09-13 15:42:40.286399,official_verified,True,2026-09-13 15:44:09.617605,2026-09-15 17:41:27.484138
88,OPPO,OPPO Find N6,,on_sale,第五代骁龙®8至尊版移动平台，7 核心，最高主频 4.6GHz,,,,120,50.0,官方规格标注 50 MP 主摄,6000,80.0,,225.0,,,ColorOS 16.0,https://www.oppo.com/content/dam/oppo_com/common/mkt/v2-2/find-n6-cn/product/black-grey-orange.png,https://www.oppo.com/cn/smartphones/series-find-n/find-n6/specs/,https://www.oppo.com/cn/smartphones/series-find-n/find-n6/specs/,https://www.oppo.com/cn/smartphones/series-find-n/find-n6/specs/,2026-09-13 15:42:41.399815,official_verified,True,2026-09-13 15:44:09.619033,2026-09-15 17:41:27.484138
89,OPPO,OPPO Find X8,,on_sale,天玑9400，8 核心，最高主频 3.626GHz,6.59,,2760×1256 像素,120,50.0,官方规格标注 50 MP 主摄,5630,67.0,,193.0,,,ColorOS 15.0,https://www.oppo.com/content/dam/oppo/common/mkt/v2-2/find-x8-series-cn/oppo-find-x8/product/1548-720-v2.png,https://www.oppo.com/cn/smartphones/series-find-x/find-x8/specs/,https://www.oppo.com/cn/smartphones/series-find-x/find-x8/specs/,https://www.oppo.com/cn/smartphones/series-find-x/find-x8/specs/,2026-09-13 15:42:42.595295,official_verified,True,2026-09-13 15:44:09.620043,2026-09-15 17:41:27.484138
90,OPPO,OPPO Find X8 Pro,,on_sale,天玑9400，8 核心，最高主频 3.626GHz,6.78,,2780×1264 像素,120,50.0,官方规格标注 50 MP 主摄,5910,67.0,,215.0,,,ColorOS 15.0,https://www.oppo.com/content/dam/oppo/common/mkt/v2-2/find-x8-series-cn/oppo-find-x8-pro/product/1224-720.png,https://www.oppo.com/cn/smartphones/series-find-x/find-x8-pro/specs/,https://www.oppo.com/cn/smartphones/series-find-x/find-x8-pro/specs/,https://www.oppo.com/cn/smartphones/series-find-x/find-x8-pro/specs/,2026-09-13 15:42:43.654950,official_verified,True,2026-09-13 15:44:09.622041,2026-09-15 17:41:27.484138
91,OPPO,OPPO Find X8 Pro 卫星通信版,,on_sale,天玑9400，8 核心，最高主频 3.626GHz,6.78,,,120,50.0,官方规格标注 50 MP 主摄,5910,67.0,,215.0,,,ColorOS 15.0,https://www.oppo.com/content/dam/oppo/common/mkt/v2-2/find-x8-series-cn/oppo-find-x8-pro/product/932-720.png,https://www.oppo.com/cn/smartphones/series-find-x/find-x8-pro-satellite/specs/,https://www.oppo.com/cn/smartphones/series-find-x/find-x8-pro-satellite/specs/,https://www.oppo.com/cn/smartphones/series-find-x/find-x8-pro-satellite/specs/,2026-09-13 15:42:44.687034,official_verified,True,2026-09-13 15:44:09.624061,2026-09-15 17:41:27.484138
92,OPPO,OPPO Find X8s,,on_sale,MediaTek 天玑9400+，8 核心，最高主频 3.73GHz,6.32,,,120,50.0,官方规格标注 50 MP 主摄,5700,67.0,,179.0,,,ColorOS 15.0,https://www.oppo.com/content/dam/oppo_com/common/mkt/v2-2/cn-find-x8-series/find-x8s/product/black-white-blue-pink.png,https://www.oppo.com/cn/smartphones/series-find-x/find-x8s/specs/,https://www.oppo.com/cn/smartphones/series-find-x/find-x8s/specs/,https://www.oppo.com/cn/smartphones/series-find-x/find-x8s/specs/,2026-09-13 15:42:45.600974,official_verified,True,2026-09-13 15:44:09.625567,2026-09-15 17:41:27.484138
93,OPPO,OPPO Find X8s+,,on_sale,MediaTek 天玑 9400+，8 核心，最高主频 3.73GHz,6.59,,,120,50.0,官方规格标注 50 MP 主摄,5850,67.0,,198.0,,,ColorOS 15.0,https://www.oppo.com/content/dam/oppo_com/common/mkt/v2-2/cn-find-x8-series/find-x8s-plus/product/black-white-purple-v2.png,https://www.oppo.com/cn/smartphones/series-find-x/find-x8s-plus/specs/,https://www.oppo.com/cn/smartphones/series-find-x/find-x8s-plus/specs/,https://www.oppo.com/cn/smartphones/series-find-x/find-x8s-plus/specs/,2026-09-13 15:42:46.625604,official_verified,True,2026-09-13 15:44:09.627102,2026-09-15 17:41:27.484138
94,OPPO,OPPO Find X8 Ultra,,on_sale,高通骁龙®8至尊版移动平台，8 核心，最高主频 4.32GHz,6.82,,,120,50.0,官方规格标注 50 MP 主摄,6100,80.0,,226.0,,,ColorOS 15.0,https://www.oppo.com/content/dam/oppo_com/common/mkt/v2-2/cn-find-x8-series/find-x8-ultra/product/black-white-pink.png,https://www.oppo.com/cn/smartphones/series-find-x/find-x8-ultra/specs/,https://www.oppo.com/cn/smartphones/series-find-x/find-x8-ultra/specs/,https://www.oppo.com/cn/smartphones/series-find-x/find-x8-ultra/specs/,2026-09-13 15:42:47.582940,official_verified,True,2026-09-13 15:44:09.628776,2026-09-15 17:41:27.484138
95,OPPO,OPPO Find X9 Pro 卫星通信版,,on_sale,MediaTek 天玑9500，8 核心，最高主频 4.21GHz,6.78,,,120,50.0,官方规格标注 50 MP 主摄,7500,80.0,,224.0,,,ColorOS 16.0,https://www.oppo.com/content/dam/oppo_com/common/mkt/v2-2/find-x9-series-cn/product/find-x9-pro-satellite/613-720.png,https://www.oppo.com/cn/smartphones/series-find-x/find-x9-pro-satellite/specs/,https://www.oppo.com/cn/smartphones/series-find-x/find-x9-pro-satellite/specs/,https://www.oppo.com/cn/smartphones/series-find-x/find-x9-pro-satellite/specs/,2026-09-13 15:42:48.639007,official_verified,True,2026-09-13 15:44:09.629778,2026-09-15 17:41:27.484138
96,OPPO,OPPO Reno13,,on_sale,CPU,6.59,,,120,50.0,官方规格标注 50 MP 主摄,5450,67.0,,181.0,,,ColorOS 15.0,https://www.oppo.com/content/dam/oppo/common/mkt/v2-2/reno13-series-cn/c2/product-image/specs-v2.png,https://www.oppo.com/cn/smartphones/series-reno/reno13/specs/,https://www.oppo.com/cn/smartphones/series-reno/reno13/specs/,https://www.oppo.com/cn/smartphones/series-reno/reno13/specs/,2026-09-13 15:42:49.939511,official_verified,True,2026-09-13 15:44:09.630786,2026-09-15 17:41:27.484138
97,OPPO,OPPO Reno13 Pro,,on_sale,MediaTek 天玑8350，8 核心，最高主频 3.35GHz,6.83,,,120,50.0,官方规格标注 50 MP 主摄,5800,67.0,,197.0,,,ColorOS 15.0,https://www.oppo.com/content/dam/oppo/common/mkt/v2-2/reno13-series-cn/c1/product-image/space.png,https://www.oppo.com/cn/smartphones/series-reno/reno13-pro/specs/,https://www.oppo.com/cn/smartphones/series-reno/reno13-pro/specs/,https://www.oppo.com/cn/smartphones/series-reno/reno13-pro/specs/,2026-09-13 15:42:50.998866,official_verified,True,2026-09-13 15:44:09.632784,2026-09-15 17:41:27.484138
98,OPPO,OPPO Reno14,,on_sale,MediaTek 天玑8350，8 核心，最高主频 3.35GHz,6.59,,,120,50.0,官方规格标注 50 MP 主摄,6000,80.0,,187.0,,,ColorOS 15.0,https://www.oppo.com/content/dam/oppo_com/common/mkt/v2-2/cn-reno14-series/specs/c2/1224-720.png,https://www.oppo.com/cn/smartphones/series-reno/reno14/specs/,https://www.oppo.com/cn/smartphones/series-reno/reno14/specs/,https://www.oppo.com/cn/smartphones/series-reno/reno14/specs/,2026-09-13 15:42:52.041680,official_verified,True,2026-09-13 15:44:09.633783,2026-09-15 17:41:27.484138
99,OPPO,OPPO Reno14 Pro,,on_sale,MediaTek 天玑8450，8 核心，最高主频 3.25GHz,6.83,,,120,50.0,官方规格标注 50 MP 主摄,6200,80.0,,201.0,,,ColorOS 15.0,https://www.oppo.com/content/dam/oppo_com/common/mkt/v2-2/cn-reno14-series/specs/c1/1011-720.png,https://www.oppo.com/cn/smartphones/series-reno/reno14-pro/specs/,https://www.oppo.com/cn/smartphones/series-reno/reno14-pro/specs/,https://www.oppo.com/cn/smartphones/series-reno/reno14-pro/specs/,2026-09-13 15:42:53.096084,official_verified,True,2026-09-13 15:44:09.635777,2026-09-15 17:41:27.484138
100,OPPO,OPPO Reno15,,on_sale,MediaTek 天玑8450，8 核心，最高主频 3.25GHz,6.32,,,120,50.0,官方规格标注 50 MP 主摄,6200,80.0,,187.0,,,ColorOS 16.0,https://www.oppo.com/content/dam/oppo_com/common/mkt/v2-2/reno15-series-cn/specs/c2/1254-720-1.png,https://www.oppo.com/cn/smartphones/series-reno/reno15/specs/,https://www.oppo.com/cn/smartphones/series-reno/reno15/specs/,https://www.oppo.com/cn/smartphones/series-reno/reno15/specs/,2026-09-13 15:42:53.958983,official_verified,True,2026-09-13 15:44:09.637783,2026-09-15 17:41:27.484138
101,OPPO,OPPO Reno15 Pro,,on_sale,MediaTek 天玑8450，8 核心，最高主频 3.25GHz,6.78,,,120,50.0,官方规格标注 50 MP 主摄,6500,80.0,,205.0,,,ColorOS 16.0,https://www.oppo.com/content/dam/oppo_com/common/mkt/v2-2/reno15-series-cn/specs/c1/1224-720.png,https://www.oppo.com/cn/smartphones/series-reno/reno15-pro/specs/,https://www.oppo.com/cn/smartphones/series-reno/reno15-pro/specs/,https://www.oppo.com/cn/smartphones/series-reno/reno15-pro/specs/,2026-09-13 15:42:55.298341,official_verified,True,2026-09-13 15:44:09.639302,2026-09-15 17:41:27.484138
102,OPPO,OPPO Reno15c,,on_sale,高通第四代骁龙®7移动平台，8 核心，最高主频 2.8GHz,6.59,,,120,50.0,官方规格标注 50 MP 主摄,6500,80.0,,197.0,,,ColorOS 16.0,https://www.oppo.com/content/dam/oppo_com/common/mkt/v2-2/reno15-series-cn/specs/c3/1224-720.png,https://www.oppo.com/cn/smartphones/series-reno/reno15c/specs/,https://www.oppo.com/cn/smartphones/series-reno/reno15c/specs/,https://www.oppo.com/cn/smartphones/series-reno/reno15c/specs/,2026-09-13 15:42:56.861156,official_verified,True,2026-09-13 15:44:09.640306,2026-09-15 17:41:27.484138
103,OPPO,OPPO K12 Plus,,on_sale,第三代骁龙®7 移动平台，8 核心，最高主频 2.63GHz,6.7,,2412×1080 像素,120,8.0,官方规格标注 8 MP 主摄,6220,67.0,,192.0,,,ColorOS 14.0,https://www.oppo.com/content/dam/oppo/common/mkt/v2-2/k12-plus-cn/specs/860-720-black_white.png,https://www.oppo.com/cn/smartphones/series-k/k12-plus/specs/,https://www.oppo.com/cn/smartphones/series-k/k12-plus/specs/,https://www.oppo.com/cn/smartphones/series-k/k12-plus/specs/,2026-09-13 15:42:57.776433,official_verified,True,2026-09-13 15:44:09.642300,2026-09-15 17:41:27.484138
104,OPPO,OPPO K12s,,on_sale,高通第四代骁龙®6 移动平台，8 核心，最高主频 2.3GHz,6.67,,,120,50.0,官方规格标注 50 MP 主摄,7000,30.0,,208.0,,,ColorOS 15.0,https://www.oppo.com/content/dam/oppo_com/common/mkt/v2-2/k12s-cn/specs/860-720.png,https://www.oppo.com/cn/smartphones/series-k/k12s/specs/,https://www.oppo.com/cn/smartphones/series-k/k12s/specs/,https://www.oppo.com/cn/smartphones/series-k/k12s/specs/,2026-09-13 15:42:59.883760,official_verified,True,2026-09-13 15:44:09.643300,2026-09-15 17:41:27.484138
105,OPPO,OPPO K13 Turbo,,on_sale,MediaTek 天玑8450，8 核心，最高主频 3.25GHz,6.8,,,120,50.0,官方规格标注 50 MP 主摄,7000,80.0,,207.0,,,ColorOS 15.0,https://www.oppo.com/content/dam/oppo_com/common/mkt/v2-2/k13-turbo-series-cn/space/k13-turbo/1224-720.png,https://www.oppo.com/cn/smartphones/series-k/k13-turbo/specs/,https://www.oppo.com/cn/smartphones/series-k/k13-turbo/specs/,https://www.oppo.com/cn/smartphones/series-k/k13-turbo/specs/,2026-09-13 15:43:00.931753,official_verified,True,2026-09-13 15:44:09.645307,2026-09-15 17:41:27.484138
106,OPPO,OPPO K13 Turbo Pro,,on_sale,高通第四代骁龙®8s 移动平台，8 核心，最高主频 3.2GHz,6.8,,,120,50.0,官方规格标注 50 MP 主摄,7000,80.0,,208.0,,,ColorOS 15.0,https://www.oppo.com/content/dam/oppo_com/common/mkt/v2-2/k13-turbo-series-cn/space/k13-turbo-pro/860-720.png,https://www.oppo.com/cn/smartphones/series-k/k13-turbo-pro/specs/,https://www.oppo.com/cn/smartphones/series-k/k13-turbo-pro/specs/,https://www.oppo.com/cn/smartphones/series-k/k13-turbo-pro/specs/,2026-09-13 15:43:02.003639,official_verified,True,2026-09-13 15:44:09.646307,2026-09-15 17:41:27.484138
107,OPPO,OPPO K15 Pro+,,on_sale,MediaTek 天玑 9500s，8 核心，最高主频 3.73GHz,6.78,,,165,50.0,官方规格标注 50 MP 主摄,8000,100.0,,219.0,,,ColorOS 16.0,https://www.oppo.com/content/dam/oppo_com/common/mkt/v2-2/oppo-k15-series-cn/oppo-k15-pro-plus/product/specs.png,https://www.oppo.com/cn/smartphones/series-k/k15-pro-plus/specs/,https://www.oppo.com/cn/smartphones/series-k/k15-pro-plus/specs/,https://www.oppo.com/cn/smartphones/series-k/k15-pro-plus/specs/,2026-09-13 15:43:03.039625,official_verified,True,2026-09-13 15:44:09.648303,2026-09-15 17:41:27.484138
108,OPPO,OPPO A5,,on_sale,高通第一代骁龙®6 移动平台，8 核心，最高主频 2.2GHz,6.7,,,120,50.0,官方规格标注 50 MP 主摄,6500,33.0,,189.0,,,ColorOS 15.0,https://www.oppo.com/content/dam/oppo_com/common/mkt/v2-2/a5-series-cn/product/a5/black-pink-green.png,https://www.oppo.com/cn/smartphones/series-a/a5/specs/,https://www.oppo.com/cn/smartphones/series-a/a5/specs/,https://www.oppo.com/cn/smartphones/series-a/a5/specs/,2026-09-13 15:43:04.314924,official_verified,True,2026-09-13 15:44:09.649307,2026-09-15 17:41:27.484138
109,OPPO,OPPO A5 Pro,,on_sale,天玑7300，8 核，最高主频 2.5GHz,6.7,,2412×1080 像素,120,50.0,官方规格标注 50 MP 主摄,6000,67.0,,186.0,,,ColorOS 15.0,https://www.oppo.com/content/dam/oppo/common/mkt/v2-2/oppo-a5-pro-cn/product/1455-720-v2.png,https://www.oppo.com/cn/smartphones/series-a/a5-pro/specs/,https://www.oppo.com/cn/smartphones/series-a/a5-pro/specs/,https://www.oppo.com/cn/smartphones/series-a/a5-pro/specs/,2026-09-13 15:43:05.345122,official_verified,True,2026-09-13 15:44:09.650811,2026-09-15 17:41:27.484138
110,OPPO,OPPO A5 活力版,,on_sale,联发科天玑6300，8 核心，最高主频 2.4GHz,6.67,,,120,50.0,官方规格标注 50 MP 主摄,5640,33.0,,196.0,,,ColorOS 15.0,https://www.oppo.com/content/dam/oppo_com/common/mkt/v2-2/a5-series-cn/product/a5-energy-edition/black-green-pink.png,https://www.oppo.com/cn/smartphones/series-a/a5-energy-edition/specs/,https://www.oppo.com/cn/smartphones/series-a/a5-energy-edition/specs/,https://www.oppo.com/cn/smartphones/series-a/a5-energy-edition/specs/,2026-09-13 15:43:06.607264,official_verified,True,2026-09-13 15:44:09.652826,2026-09-15 17:41:27.484138
111,OPPO,OPPO A5m,,on_sale,MediaTek 天玑6300，8 核心，最高主频 2.4GHz,6.67,,,120,32.0,官方规格标注 32 MP 主摄,6000,45.0,,194.0,,,ColorOS 15.0,https://www.oppo.com/content/dam/oppo_com/common/mkt/v2-2/a5x/product/black-pink-white.png,https://www.oppo.com/cn/smartphones/series-a/a5m/specs/,https://www.oppo.com/cn/smartphones/series-a/a5m/specs/,https://www.oppo.com/cn/smartphones/series-a/a5m/specs/,2026-09-13 15:43:07.656235,official_verified,True,2026-09-13 15:44:09.653819,2026-09-15 17:41:27.484138
112,OPPO,OPPO A5x,,on_sale,MediaTek 天玑6300，8 核心，最高主频 2.4GHz,6.67,,,120,32.0,官方规格标注 32 MP 主摄,6000,45.0,,194.0,,,ColorOS 15.0,https://www.oppo.com/content/dam/oppo_com/common/mkt/v2-2/a5x/product/black-pink-white.png,https://www.oppo.com/cn/smartphones/series-a/a5x/specs/,https://www.oppo.com/cn/smartphones/series-a/a5x/specs/,https://www.oppo.com/cn/smartphones/series-a/a5x/specs/,2026-09-13 15:43:08.894052,official_verified,True,2026-09-13 15:44:09.654827,2026-09-15 17:41:27.484138
113,OPPO,OPPO A6,,on_sale,MediaTek 天玑6300，8 核心，最高主频 2.4GHz,6.57,,,120,50.0,官方规格标注 50 MP 主摄,7000,80.0,,185.0,,,ColorOS 15.0,https://www.oppo.com/content/dam/oppo_com/common/mkt/v2-2/a6-series-cn/a6/product/1224-720.png,https://www.oppo.com/cn/smartphones/series-a/a6/specs/,https://www.oppo.com/cn/smartphones/series-a/a6/specs/,https://www.oppo.com/cn/smartphones/series-a/a6/specs/,2026-09-13 15:43:09.963231,official_verified,True,2026-09-13 15:44:09.655825,2026-09-15 17:41:27.484138
114,OPPO,OPPO A6 Pro,,on_sale,MediaTek 天玑7300，8 核心，最高主频 2.5GHz,6.57,,,120,50.0,官方规格标注 50 MP 主摄,7000,80.0,,190.0,,,ColorOS 15.0,https://www.oppo.com/content/dam/oppo_com/common/mkt/v2-2/a6-series-cn/a6-pro/product/1224-720.png,https://www.oppo.com/cn/smartphones/series-a/a6-pro/specs/,https://www.oppo.com/cn/smartphones/series-a/a6-pro/specs/,https://www.oppo.com/cn/smartphones/series-a/a6-pro/specs/,2026-09-13 15:43:11.126950,official_verified,True,2026-09-13 15:44:09.657825,2026-09-15 17:41:27.484138
115,OPPO,OPPO A6k,,on_sale,MediaTek 天玑6300，8 核心，最高主频 2.4GHz,6.75,,,120,50.0,官方规格标注 50 MP 主摄,7000,45.0,,216.0,,,ColorOS 15.0,https://www.oppo.com/content/dam/oppo_com/common/mkt/v2-2/oppo-a6s-cn/product/specs.png,https://www.oppo.com/cn/smartphones/series-a/a6k/specs/,https://www.oppo.com/cn/smartphones/series-a/a6k/specs/,https://www.oppo.com/cn/smartphones/series-a/a6k/specs/,2026-09-13 15:43:12.134015,official_verified,True,2026-09-13 15:44:09.659819,2026-09-15 17:41:27.484138
116,OPPO,OPPO A6m,,on_sale,MediaTek 天玑6300，8 核心，最高主频 2.4GHz,6.75,,,120,13.0,官方规格标注 13 MP 主摄,6500,45.0,,212.0,,,ColorOS 15.0,https://www.oppo.com/content/dam/oppo_com/common/mkt/v2-2/a6m-a6x-cn/A6x/specs.png,https://www.oppo.com/cn/smartphones/series-a/a6m/specs/,https://www.oppo.com/cn/smartphones/series-a/a6m/specs/,https://www.oppo.com/cn/smartphones/series-a/a6m/specs/,2026-09-13 15:43:13.398280,official_verified,True,2026-09-13 15:44:09.661827,2026-09-15 17:41:27.484138
117,OPPO,OPPO A6t,,on_sale,MediaTek 天玑6300，8 核心，最高主频 2.4GHz,6.75,,,120,13.0,官方规格标注 13 MP 主摄,6500,45.0,,212.0,,,ColorOS 15.0,,,https://www.oppo.com/cn/smartphones/series-a/a6t/specs/,https://www.oppo.com/cn/smartphones/series-a/a6t/specs/,2026-09-13 15:43:14.571339,official_verified,True,2026-09-13 15:44:09.662826,2026-09-15 17:41:27.485036
118,OPPO,OPPO A6x,,on_sale,MediaTek 天玑6300，8 核心，最高主频 2.4GHz,6.75,,,120,13.0,官方规格标注 13 MP 主摄,6500,45.0,,212.0,,,ColorOS 15.0,https://www.oppo.com/content/dam/oppo_com/common/mkt/v2-2/a6m-a6x-cn/A6x/specs.png,https://www.oppo.com/cn/smartphones/series-a/a6x/specs/,https://www.oppo.com/cn/smartphones/series-a/a6x/specs/,https://www.oppo.com/cn/smartphones/series-a/a6x/specs/,2026-09-13 15:43:15.556580,official_verified,True,2026-09-13 15:44:09.663825,2026-09-15 17:41:27.485036
119,OPPO,OPPO A7 Pro,,on_sale,MediaTek 天玑6360 MAX，8 核心，最高主频 2.4GHz,6.57,,,120,50.0,官方规格标注 50 MP 主摄,8000,45.0,,205.0,,,ColorOS 16.0,https://www.oppo.com/content/dam/oppo_com/common/mkt/v2-2/a7-pro-cn/product/specs.png,https://www.oppo.com/cn/smartphones/series-a/a7-pro/specs/,https://www.oppo.com/cn/smartphones/series-a/a7-pro/specs/,https://www.oppo.com/cn/smartphones/series-a/a7-pro/specs/,2026-09-13 15:43:16.561766,official_verified,True,2026-09-13 15:44:09.664825,2026-09-15 17:41:27.485036
120,OPPO,OPPO A7 Pro Max,,on_sale,高通第五代骁龙®4移动平台，8 核心，最高主频 2.4GHz,6.78,,,120,50.0,官方规格标注 50 MP 主摄,10000,80.0,,226.0,,,ColorOS 16.0,https://www.oppo.com/content/dam/oppo_com/common/mkt/v2-2/oppo-a7-pro-max-cn/product/1224-720.png,https://www.oppo.com/cn/smartphones/series-a/a7-pro-max/specs/,https://www.oppo.com/cn/smartphones/series-a/a7-pro-max/specs/,https://www.oppo.com/cn/smartphones/series-a/a7-pro-max/specs/,2026-09-13 15:43:17.567246,official_verified,True,2026-09-13 15:44:09.665820,2026-09-15 17:41:27.485036
121,vivo,vivo X200,2024-10-01,on_sale,天玑 9400,6.67,,2800 × 1260,120,50.0,官方规格标注 50 MP 主摄,5800,90.0,,,7.99,,,https://wwwstatic.vivo.com.cn/vivoportal/files/image/detail/20241008/8f19bf0f1ed8498a6b05143be7ff876b.png,https://www.vivo.com.cn/vivo/param/x200,https://www.vivo.com.cn/vivo/param/x200,https://www.vivo.com.cn/vivo/param/x200,2026-09-13 15:43:17.988630,official_verified,True,2026-09-13 15:44:09.667828,2026-09-15 17:41:27.485036
122,vivo,vivo X200 Pro mini,2024-10-01,on_sale,天玑 9400,6.31,,2640 × 1216,120,50.0,官方规格标注 50 MP 主摄,5700,30.0,,187.0,8.15,,,https://wwwstatic.vivo.com.cn/vivoportal/files/image/detail/20250413/bb72d2dffd6e6a731415fc2f02a5d0a4.png,https://www.vivo.com.cn/vivo/param/x200promini,https://www.vivo.com.cn/vivo/param/x200promini,https://www.vivo.com.cn/vivo/param/x200promini,2026-09-13 15:43:19.021691,official_verified,True,2026-09-13 15:44:09.669820,2026-09-15 17:41:27.485036
123,vivo,vivo X200 Ultra,2025-04-01,on_sale,骁龙8至尊版移动平台,6.82,,3168 x 1440,120,50.0,官方规格标注 50 MP 主摄,6000,40.0,,,8.69,,,,,https://www.vivo.com.cn/vivo/param/x200ultra,https://www.vivo.com.cn/vivo/param/x200ultra,2026-09-13 15:43:20.069533,official_verified,True,2026-09-13 15:44:09.671819,2026-09-15 17:41:27.485036
124,vivo,vivo S20,2024-11-01,on_sale,第三代骁龙7,6.67,,2800 × 1260,120,,,6500,90.0,,,7.19,,,https://wwwstatic.vivo.com.cn/vivoportal/files/image/detail/20241125/94b78a0bed4751edd55b9b1b437aadf0.png,https://www.vivo.com.cn/vivo/param/s20,https://www.vivo.com.cn/vivo/param/s20,https://www.vivo.com.cn/vivo/param/s20,2026-09-13 15:43:21.106861,official_verified,True,2026-09-13 15:44:09.672969,2026-09-15 17:41:27.485036
125,vivo,vivo S20 Pro,2024-11-01,on_sale,天玑9300+,6.67,,2800 × 1260,120,,,5500,90.0,,,,,,https://wwwstatic.vivo.com.cn/vivoportal/files/image/detail/20241125/4a0d36ca6b09ee3e70acd6c0dd970091.png,https://www.vivo.com.cn/vivo/param/s20pro,https://www.vivo.com.cn/vivo/param/s20pro,https://www.vivo.com.cn/vivo/param/s20pro,2026-09-13 15:43:22.308434,official_verified,True,2026-09-13 15:44:09.675785,2026-09-15 17:41:27.485036
126,vivo,vivo S30,2025-05-01,on_sale,高通第四代骁龙 7 移动平台,6.67,,2800 × 1260,120,,,6500,90.0,,192.0,7.49,,,https://wwwstatic.vivo.com.cn/vivoportal/files/image/detail/20250526/e8c098a8b65bd30824126cdeff90aaf5.png,https://www.vivo.com.cn/vivo/param/s30,https://www.vivo.com.cn/vivo/param/s30,https://www.vivo.com.cn/vivo/param/s30,2026-09-13 15:43:23.344069,official_verified,True,2026-09-13 15:44:09.677299,2026-09-15 17:41:27.485036
127,vivo,vivo S30 Pro mini,2025-05-01,on_sale,天玑9300+,6.31,,2640 × 1216,120,,,6500,90.0,,186.0,7.99,,,https://wwwstatic.vivo.com.cn/vivoportal/files/image/detail/20250526/cf6dd0f9efc8daeba14ae4e7d431c43f.png,https://www.vivo.com.cn/vivo/param/s30promini,https://www.vivo.com.cn/vivo/param/s30promini,https://www.vivo.com.cn/vivo/param/s30promini,2026-09-13 15:43:24.392911,official_verified,True,2026-09-13 15:44:09.679409,2026-09-15 17:41:27.485036
128,vivo,vivo Y300,2024-12-01,on_sale,天玑 6300,6.77,,2392x1080,120,50.0,官方规格标注 50 MP 主摄,6500,44.0,,199.9,,,OriginOS 5,https://wwwstatic.vivo.com.cn/vivoportal/files/image/detail/20241202/bd2e1f7703cb57b79f55220c39a2c680.png,https://www.vivo.com.cn/vivo/param/y300,https://www.vivo.com.cn/vivo/param/y300,https://www.vivo.com.cn/vivo/param/y300,2026-09-13 15:43:25.421516,official_verified,True,2026-09-13 15:44:09.680417,2026-09-15 17:41:27.485036
129,vivo,vivo Y300 Pro,2024-09-01,on_sale,第一代骁龙6,6.77,,2392x1080,60,50.0,官方规格标注 50 MP 主摄,6500,80.0,,,,,OriginOS 4,https://wwwstatic.vivo.com.cn/vivoportal/files/image/detail/20240826/2d55c46310a89da7c89f6409f435d079.png,https://www.vivo.com.cn/vivo/param/y300pro,https://www.vivo.com.cn/vivo/param/y300pro,https://www.vivo.com.cn/vivo/param/y300pro,2026-09-13 15:43:26.411266,official_verified,True,2026-09-13 15:44:09.682575,2026-09-15 17:41:27.485036
130,vivo,vivo Y300i,2025-03-01,on_sale,第二代骁龙4,6.68,,1608 x 720,,50.0,官方规格标注 50 MP 主摄,6500,44.0,,,,,OriginOS 5,https://wwwstatic.vivo.com.cn/vivoportal/files/image/detail/20250304/eb84a8c20e17e407582b164708ddb364.png,https://www.vivo.com.cn/vivo/param/y300i,https://www.vivo.com.cn/vivo/param/y300i,https://www.vivo.com.cn/vivo/param/y300i,2026-09-13 15:43:28.420688,official_verified,True,2026-09-13 15:44:09.684575,2026-09-15 17:41:27.485036
131,vivo,iQOO 13,2024-10-01,on_sale,骁龙8至尊版移动平台,6.82,,3168 x 1440,144,50.0,官方规格标注 50 MP 主摄,3075,120.0,,,,,,,,https://www.vivo.com.cn/vivo/param/iqoo13,https://www.vivo.com.cn/vivo/param/iqoo13,2026-09-13 15:43:29.497383,official_verified,True,2026-09-13 15:44:09.686859,2026-09-15 17:41:27.485036
132,vivo,iQOO Neo10,2024-11-01,on_sale,第三代骁龙8移动平台,6.78,,2800x1260,144,8.0,官方规格标注 8 MP 主摄,3050,120.0,,,,,,,,https://www.vivo.com.cn/vivo/param/iqooneo10,https://www.vivo.com.cn/vivo/param/iqooneo10,2026-09-13 15:43:30.517269,official_verified,True,2026-09-13 15:44:09.688851,2026-09-15 17:41:27.485036
133,vivo,iQOO Neo10 Pro,2024-11-01,on_sale,天玑 9400,6.78,,2800x1260,144,50.0,官方规格标注 50 MP 主摄,3050,120.0,,,,,,https://wwwstatic.vivo.com.cn/vivoportal/files/image/detail/20241129/63f680929f93df2c33c9306ee79e6d4c.png,https://www.vivo.com.cn/vivo/param/iqooneo10pro,https://www.vivo.com.cn/vivo/param/iqooneo10pro,https://www.vivo.com.cn/vivo/param/iqooneo10pro,2026-09-13 15:43:31.556325,official_verified,True,2026-09-13 15:44:09.690865,2026-09-15 17:41:27.485036
134,vivo,iQOO Neo10 Pro+,2025-05-01,on_sale,骁龙8至尊版移动平台,6.82,,3168x1440,144,16.0,官方规格标注 16 MP 主摄,3400,120.0,,,,,,https://wwwstatic.vivo.com.cn/vivoportal/files/image/detail/20250515/0f721bb6935d3a4f604c089f65ce729f.png,https://www.vivo.com.cn/vivo/param/iqooneo10proplus,https://www.vivo.com.cn/vivo/param/iqooneo10proplus,https://www.vivo.com.cn/vivo/param/iqooneo10proplus,2026-09-13 15:43:32.691369,official_verified,True,2026-09-13 15:44:09.692859,2026-09-15 17:41:27.485036
135,vivo,iQOO Z10 Turbo,2025-04-01,on_sale,天玑 8400 满血版,6.78,,2800x1260,144,50.0,官方规格标注 50 MP 主摄,7620,90.0,,212.0,8.09,,,,,https://www.vivo.com.cn/vivo/param/iqooz10turbo,https://www.vivo.com.cn/vivo/param/iqooz10turbo,2026-09-13 15:43:34.832641,official_verified,True,2026-09-13 15:44:09.694859,2026-09-15 17:41:27.485036
136,vivo,iQOO Z10 Turbo Pro,2025-04-01,on_sale,第四代骁龙 8s,6.78,,2800x1260,144,50.0,官方规格标注 50 MP 主摄,3500,120.0,,206.0,8.09,,,https://wwwstatic.vivo.com.cn/vivoportal/files/image/detail/20250418/5985585ccf4724ca7a131f9009c1f20c.png,https://www.vivo.com.cn/vivo/param/iqooz10turbopro,https://www.vivo.com.cn/vivo/param/iqooz10turbopro,https://www.vivo.com.cn/vivo/param/iqooz10turbopro,2026-09-13 15:43:35.832880,official_verified,True,2026-09-13 15:44:09.696863,2026-09-15 17:41:27.485036
137,vivo,iQOO Z10x,2025-04-01,on_sale,天玑 7300,6.72,,2408x1080,120,50.0,官方规格标注 50 MP 主摄,6500,44.0,,204.0,8.09,,,,,https://www.vivo.com.cn/vivo/param/iqooz10x,https://www.vivo.com.cn/vivo/param/iqooz10x,2026-09-13 15:43:36.864605,official_verified,True,2026-09-13 15:44:09.698858,2026-09-15 17:41:27.485036
138,realme,真我15T,,on_sale,联发科天玑 6400 Max,6.57,,,,,,7000,,,,,,,,,https://www.realme.com/cn/realme-15-t/specs,https://www.realme.com/cn/realme-15-t/specs,2026-09-13 15:43:40.881515,official_partial,True,2026-09-13 15:44:09.699858,2026-09-15 17:41:27.485036
139,realme,真我15,,on_sale,联发科天玑 7300+,6.77,,,,,,7000,80.0,,,,,,,,https://www.realme.com/cn/more-products/realme-15/specs,https://www.realme.com/cn/more-products/realme-15/specs,2026-09-13 15:43:41.863535,official_partial,True,2026-09-13 15:44:09.701851,2026-09-15 17:41:27.485036
140,realme,真我V70s,,on_sale,天玑 6300 5G 芯片,6.67,,,120,,,5000,,,190.0,,,,,,https://www.realme.com/cn/more-products/realme-v-70s/specs,https://www.realme.com/cn/more-products/realme-v-70s/specs,2026-09-13 15:43:42.787065,official_verified,True,2026-09-13 15:44:09.702867,2026-09-15 17:41:27.485036
141,realme,真我Neo7,,on_sale,MediaTek 天玑9300+,6.78,,8192x6144,,50.0,官方规格标注 50 MP 主摄,7000,80.0,,213.0,,,,,,https://www.realme.com/cn/realme-neo-7/specs,https://www.realme.com/cn/realme-neo-7/specs,2026-09-13 15:43:43.772627,official_verified,True,2026-09-13 15:44:09.703852,2026-09-15 17:41:27.485036
142,realme,真我GT Neo6,,on_sale,第三代骁龙® 8s 旗舰芯,6.78,,,,,,5500,,,,,,,,,https://www.realme.com/cn/realme-gt-neo-6/specs,https://www.realme.com/cn/realme-gt-neo-6/specs,2026-09-13 15:43:45.707098,official_partial,True,2026-09-13 15:44:09.704852,2026-09-15 17:41:27.485036
143,三星,Samsung Galaxy S25 Edge,,on_sale,,,,,,,,,,,,,,,https://images.samsung.com.cn/is/image/samsung/assets/cn/2504/smartphones/galaxy-s25-edge/specs/163x346_Titanium-Silver.jpg?$LazyLoad_Home_JPG$,https://www.samsung.com.cn/smartphones/galaxy-s25-edge/specs/,https://www.samsung.com.cn/smartphones/galaxy-s25-edge/specs/,https://www.samsung.com.cn/smartphones/galaxy-s25-edge/specs/,2026-09-13 15:43:51.196239,official_partial,True,2026-09-13 15:44:09.705859,2026-09-15 17:41:27.485036
144,三星,Samsung Galaxy Z Fold7,,on_sale,,,,,,,,,,,,,,,https://images.samsung.com.cn/is/image/samsung/assets/cn/f2507/specs/Galaxy-Z-Fold7_Blue-Shadow_163x346.jpg?$LazyLoad_Home_JPG$,https://www.samsung.com.cn/smartphones/galaxy-z-fold7/specs/,https://www.samsung.com.cn/smartphones/galaxy-z-fold7/specs/,https://www.samsung.com.cn/smartphones/galaxy-z-fold7/specs/,2026-09-13 15:43:54.347425,official_partial,True,2026-09-13 15:44:09.706858,2026-09-15 17:41:27.485036
145,三星,Samsung Galaxy Z Flip7,,on_sale,,,,,,,,,,,,,,,https://images.samsung.com.cn/is/image/samsung/assets/cn/f2507/specs/Galaxy-Z-Flip7_Blue-Shadow_163x346.jpg?$LazyLoad_Home_JPG$,https://www.samsung.com.cn/smartphones/galaxy-z-flip7/specs/,https://www.samsung.com.cn/smartphones/galaxy-z-flip7/specs/,https://www.samsung.com.cn/smartphones/galaxy-z-flip7/specs/,2026-09-13 15:43:58.318160,official_partial,True,2026-09-13 15:44:09.707859,2026-09-15 17:41:27.485036
146,三星,Samsung Galaxy Z Fold8 Ultra,,on_sale,,,,,,,,,,,,,,,,,https://www.samsung.com.cn/smartphones/galaxy-z-fold8-ultra/specs/,https://www.samsung.com.cn/smartphones/galaxy-z-fold8-ultra/specs/,2026-09-13 15:43:59.273602,official_partial,True,2026-09-13 15:44:09.708852,2026-09-15 17:41:27.485036
147,三星,Samsung W25 Flip,,on_sale,,,,,,,,,,,,,,,,,https://www.samsung.com.cn/smartphones/samsung-w25-flip/specs/,https://www.samsung.com.cn/smartphones/samsung-w25-flip/specs/,2026-09-13 15:44:06.665214,official_partial,True,2026-09-13 15:44:09.710859,2026-09-15 17:41:27.485036
148,魅族,魅族 21 PRO,,on_sale,,,,,,,,,,,,,,,,,https://detail.meizu.com/item/meizu21pro.html,https://detail.meizu.com/item/meizu21pro.html,2026-09-13 15:44:09.561678,official_partial,True,2026-09-13 15:44:09.711858,2026-09-15 17:41:27.485036
149,荣耀,荣耀Robot Phone,,on_sale,,,,,,,,,,,,,,,,,https://www.honor.com/cn/phones/honor-robot-phone/,https://www.honor.com/cn/phones/,2026-09-13 15:47:08.251183,official_catalog_only,True,2026-09-13 15:47:08.252187,2026-09-13 15:47:08.252187
150,荣耀,荣耀600 超级版,,on_sale,,,,,,,,,,,,,,,,,https://www.honor.com/cn/phones/honor-600/,https://www.honor.com/cn/phones/,2026-09-13 15:47:08.253188,official_catalog_only,True,2026-09-13 15:47:08.253188,2026-09-13 15:47:08.253188
151,荣耀,荣耀600 元气版,,on_sale,,,,,,,,,,,,,,,,,https://www.honor.com/cn/phones/honor-600-genki/,https://www.honor.com/cn/phones/,2026-09-13 15:47:08.254188,official_catalog_only,True,2026-09-13 15:47:08.254188,2026-09-13 15:47:08.254188
152,荣耀,荣耀Play11,,on_sale,,,,,,,,,,,,,,,,,https://www.honor.com/cn/phones/honor-play11/,https://www.honor.com/cn/phones/,2026-09-13 15:47:08.254188,official_catalog_only,True,2026-09-13 15:47:08.255188,2026-09-13 15:47:08.255188
153,荣耀,荣耀Magic V6,,on_sale,,,,,,,,,,,,,,,,,https://www.honor.com/cn/phones/honor-magic-v6/,https://www.honor.com/cn/phones/,2026-09-13 15:47:08.255188,official_catalog_only,True,2026-09-13 15:47:08.255188,2026-09-13 15:47:08.255188
154,荣耀,荣耀Magic8 Pro Air,,on_sale,,,,,,,,,,,,,,,,,https://www.honor.com/cn/phones/honor-magic8-pro-air/,https://www.honor.com/cn/phones/,2026-09-13 15:47:08.256269,official_catalog_only,True,2026-09-13 15:47:08.256269,2026-09-13 15:47:08.256269
155,荣耀,荣耀Magic8 RSR 保时捷设计,,on_sale,,,,,,,,,,,,,,,,,https://www.honor.com/cn/phones/honor-magic8-rsr-porsche-design/,https://www.honor.com/cn/phones/,2026-09-13 15:47:08.256269,official_catalog_only,True,2026-09-13 15:47:08.256269,2026-09-13 15:47:08.256269
156,荣耀,荣耀Magic V Flip2,,on_sale,,,,,,,,,,,,,,,,,https://www.honor.com/cn/phones/honor-magic-v-flip2/,https://www.honor.com/cn/phones/,2026-09-13 15:47:08.257197,official_catalog_only,True,2026-09-13 15:47:08.257197,2026-09-13 15:47:08.257197
157,荣耀,荣耀500 Pro MOLLY 20周年限定版,,on_sale,,,,,,,,,,,,,,,,,https://www.honor.com/cn/phones/honor-500-pro-molly/,https://www.honor.com/cn/phones/,2026-09-13 15:47:08.257197,official_catalog_only,True,2026-09-13 15:47:08.257197,2026-09-13 15:47:08.257197
158,荣耀,荣耀500 Pro,,on_sale,,,,,,,,,,,,,,,,,https://www.honor.com/cn/phones/honor-500-pro/,https://www.honor.com/cn/phones/,2026-09-13 15:47:08.258196,official_catalog_only,True,2026-09-13 15:47:08.258196,2026-09-13 15:47:08.258196
159,荣耀,荣耀WIN Turbo,,on_sale,,,,,,,,,,,,,,,,,https://www.honor.com/cn/phones/honor-win-turbo/,https://www.honor.com/cn/phones/,2026-09-13 15:47:08.258196,official_catalog_only,True,2026-09-13 15:47:08.258196,2026-09-13 15:47:08.258196
160,荣耀,荣耀WIN RT,,on_sale,,,,,,,,,,,,,,,,,https://www.honor.com/cn/phones/honor-win-rt/,https://www.honor.com/cn/phones/,2026-09-13 15:47:08.259187,official_catalog_only,True,2026-09-13 15:47:08.259187,2026-09-13 15:47:08.259187
161,荣耀,荣耀WIN,,on_sale,,,,,,,,,,,,,,,,,https://www.honor.com/cn/phones/honor-win/,https://www.honor.com/cn/phones/,2026-09-13 15:47:08.259187,official_catalog_only,True,2026-09-13 15:47:08.259187,2026-09-13 15:47:08.259187
162,荣耀,荣耀Power2,,on_sale,,,,,,,,,,,,,,,,,https://www.honor.com/cn/phones/honor-power2/,https://www.honor.com/cn/phones/,2026-09-13 15:47:08.260195,official_catalog_only,True,2026-09-13 15:47:08.260195,2026-09-13 15:47:08.260195
163,荣耀,荣耀Power,,on_sale,,,,,,,,,,,,,,,,,https://www.honor.com/cn/phones/honor-power/,https://www.honor.com/cn/phones/,2026-09-13 15:47:08.260195,official_catalog_only,True,2026-09-13 15:47:08.261187,2026-09-13 15:47:08.261187
164,荣耀,荣耀X80 Pro Max,,on_sale,,,,,,,,,,,,,,,,,https://www.honor.com/cn/phones/honor-x80-pro-max/,https://www.honor.com/cn/phones/,2026-09-13 15:47:08.261187,official_catalog_only,True,2026-09-13 15:47:08.261187,2026-09-13 15:47:08.261187
165,荣耀,荣耀X70 Pro Max,,on_sale,,,,,,,,,,,,,,,,,https://www.honor.com/cn/phones/honor-x70-pro-max/,https://www.honor.com/cn/phones/,2026-09-13 15:47:08.261187,official_catalog_only,True,2026-09-13 15:47:08.262187,2026-09-13 15:47:08.262187
166,荣耀,荣耀X80i,,on_sale,,,,,,,,,,,,,,,,,https://www.honor.com/cn/phones/honor-x80i/,https://www.honor.com/cn/phones/,2026-09-13 15:47:08.262187,official_catalog_only,True,2026-09-13 15:47:08.262187,2026-09-13 15:47:08.262187
167,荣耀,荣耀X70 焕新版,,on_sale,,,,,,,,,,,,,,,,,https://www.honor.com/cn/phones/honor-x70-new/,https://www.honor.com/cn/phones/,2026-09-13 15:47:08.262187,official_catalog_only,True,2026-09-13 15:47:08.263195,2026-09-13 15:47:08.263195
168,荣耀,荣耀X60 GT,,on_sale,,,,,,,,,,,,,,,,,https://www.honor.com/cn/phones/honor-x60-gt/,https://www.honor.com/cn/phones/,2026-09-13 15:47:08.263195,official_catalog_only,True,2026-09-13 15:47:08.263195,2026-09-13 15:47:08.263195
169,荣耀,荣耀Play11T,,on_sale,,,,,,,,,,,,,,,,,https://www.honor.com/cn/phones/honor-play11t/,https://www.honor.com/cn/phones/,2026-09-13 15:47:08.263195,official_catalog_only,True,2026-09-13 15:47:08.264188,2026-09-13 15:47:08.264188
170,荣耀,荣耀Play11 Plus,,on_sale,,,,,,,,,,,,,,,,,https://www.honor.com/cn/phones/honor-play11-plus/,https://www.honor.com/cn/phones/,2026-09-13 15:47:08.264188,official_catalog_only,True,2026-09-13 15:47:08.264188,2026-09-13 15:47:08.264188
171,荣耀,荣耀Play10,,on_sale,,,,,,,,,,,,,,,,,https://www.honor.com/cn/phones/honor-play10/,https://www.honor.com/cn/phones/,2026-09-13 15:47:08.265195,official_catalog_only,True,2026-09-13 15:47:08.265195,2026-09-13 15:47:08.265195
172,荣耀,荣耀Play11C,,on_sale,,,,,,,,,,,,,,,,,https://www.honor.com/cn/phones/honor-play11c/,https://www.honor.com/cn/phones/,2026-09-13 15:47:08.265195,official_catalog_only,True,2026-09-13 15:47:08.265195,2026-09-13 15:47:08.265195
173,荣耀,荣耀畅玩80m,,on_sale,,,,,,,,,,,,,,,,,https://www.honor.com/cn/phones/honor-changwan-80m/,https://www.honor.com/cn/phones/,2026-09-13 15:47:08.266190,official_catalog_only,True,2026-09-13 15:47:08.266190,2026-09-13 15:47:08.266190
174,荣耀,荣耀畅玩80 Plus,,on_sale,,,,,,,,,,,,,,,,,https://www.honor.com/cn/phones/honor-changwan-80-plus/,https://www.honor.com/cn/phones/,2026-09-13 15:47:08.266190,official_catalog_only,True,2026-09-13 15:47:08.267188,2026-09-13 15:47:08.267188
175,荣耀,荣耀畅玩70C,,on_sale,,,,,,,,,,,,,,,,,https://www.honor.com/cn/phones/honor-changwan-70c/,https://www.honor.com/cn/phones/,2026-09-13 15:47:08.267188,official_catalog_only,True,2026-09-13 15:47:08.267188,2026-09-13 15:47:08.267188
176,荣耀,荣耀畅玩80,,on_sale,,,,,,,,,,,,,,,,,https://www.honor.com/cn/phones/honor-changwan-80/,https://www.honor.com/cn/phones/,2026-09-13 15:47:08.268187,official_catalog_only,True,2026-09-13 15:47:08.268187,2026-09-13 15:47:08.268187
177,荣耀,荣耀畅玩80 Pro,,on_sale,,,,,,,,,,,,,,,,,https://www.honor.com/cn/phones/honor-changwan-80-pro/,https://www.honor.com/cn/phones/,2026-09-13 15:47:08.268187,official_catalog_only,True,2026-09-13 15:47:08.268187,2026-09-13 15:47:08.268187
178,荣耀,荣耀Magic8,,on_sale,,,,,,,,,,,,,,,,,https://www.honor.com/cn/phones/honor-magic8/,https://www.honor.com/cn/phones/,2026-09-13 15:47:08.269195,official_catalog_only,True,2026-09-13 15:47:08.269195,2026-09-13 15:47:08.269195
179,荣耀,荣耀Magic V5,,on_sale,,,,,,,,,,,,,,,,,https://www.honor.com/cn/phones/honor-magic-v5/,https://www.honor.com/cn/phones/,2026-09-13 15:47:08.269195,official_catalog_only,True,2026-09-13 15:47:08.269195,2026-09-13 15:47:08.269195
180,荣耀,荣耀400 Pro,,on_sale,,,,,,,,,,,,,,,,,https://www.honor.com/cn/phones/honor-400-pro/,https://www.honor.com/cn/phones/,2026-09-13 15:47:08.270187,official_catalog_only,True,2026-09-13 15:47:08.270187,2026-09-13 15:47:08.270187
181,荣耀,荣耀400,,on_sale,,,,,,,,,,,,,,,,,https://www.honor.com/cn/phones/honor-400/,https://www.honor.com/cn/phones/,2026-09-13 15:47:08.270187,official_catalog_only,True,2026-09-13 15:47:08.271195,2026-09-13 15:47:08.271195
182,荣耀,荣耀Play10T,,on_sale,,,,,,,,,,,,,,,,,https://www.honor.com/cn/phones/honor-play10t/,https://www.honor.com/cn/phones/,2026-09-13 15:47:08.271195,official_catalog_only,True,2026-09-13 15:47:08.271195,2026-09-13 15:47:08.271195
183,荣耀,荣耀畅玩70m Plus,,on_sale,,,,,,,,,,,,,,,,,https://www.honor.com/cn/phones/honor-changwan-70m-plus/,https://www.honor.com/cn/phones/,2026-09-13 15:47:08.272195,official_catalog_only,True,2026-09-13 15:47:08.272195,2026-09-13 15:47:08.272195
184,荣耀,荣耀Play10C,,on_sale,,,,,,,,,,,,,,,,,https://www.honor.com/cn/phones/honor-play10c/,https://www.honor.com/cn/phones/,2026-09-13 15:47:08.272195,official_catalog_only,True,2026-09-13 15:47:08.272195,2026-09-13 15:47:08.272195
185,荣耀,荣耀畅玩70 Plus,,on_sale,,,,,,,,,,,,,,,,,https://www.honor.com/cn/phones/honor-changwan-70-plus/,https://www.honor.com/cn/phones/,2026-09-13 15:47:08.273189,official_catalog_only,True,2026-09-13 15:47:08.273189,2026-09-13 15:47:08.273189
186,荣耀,荣耀X70i,,on_sale,,,,,,,,,,,,,,,,,https://www.honor.com/cn/phones/honor-x70i/,https://www.honor.com/cn/phones/,2026-09-13 15:47:08.273189,official_catalog_only,True,2026-09-13 15:47:08.273189,2026-09-13 15:47:08.273189
187,荣耀,荣耀X70,,on_sale,,,,,,,,,,,,,,,,,https://www.honor.com/cn/phones/honor-x70/,https://www.honor.com/cn/phones/,2026-09-13 15:47:08.274188,official_catalog_only,True,2026-09-13 15:47:08.274188,2026-09-13 15:47:08.274188
188,荣耀,荣耀GT Pro,,on_sale,,,,,,,,,,,,,,,,,https://www.honor.com/cn/phones/honor-gt-pro/,https://www.honor.com/cn/phones/,2026-09-13 15:47:08.274188,official_catalog_only,True,2026-09-13 15:47:08.274188,2026-09-13 15:47:08.274188
189,荣耀,荣耀Play 10A,,on_sale,,,,,,,,,,,,,,,,,https://www.honor.com/cn/phones/honor-play-10a/,https://www.honor.com/cn/phones/,2026-09-13 15:47:08.275195,official_catalog_only,True,2026-09-13 15:47:08.275195,2026-09-13 15:47:08.275195
190,荣耀,荣耀畅玩60A,,on_sale,,,,,,,,,,,,,,,,,https://www.honor.com/cn/phones/honor-changwan-60a/,https://www.honor.com/cn/phones/,2026-09-13 15:47:08.275195,official_catalog_only,True,2026-09-13 15:47:08.276187,2026-09-13 15:47:08.276187
191,华为,HUAWEI Mate XT 2 非凡大师,,on_sale,,,,,,,,,,,,,,,,,https://consumer.huawei.com/cn/phones/mate-xt-2-ultimate-design/,https://consumer.huawei.com/cn/phones/,2026-09-13 15:47:08.276187,official_catalog_only,True,2026-09-13 15:47:08.276187,2026-09-13 15:47:08.276187
192,华为,HUAWEI Pura X View,,on_sale,,,,,,,,,,,,,,,,,https://consumer.huawei.com/cn/phones/pura-x-view/,https://consumer.huawei.com/cn/phones/,2026-09-13 15:47:08.276187,official_catalog_only,True,2026-09-13 15:47:08.276187,2026-09-13 15:47:08.276187
193,一加,一加 Ace 5 竞速版,,on_sale,,,,,,,,,,,,,,,,,https://www.oneplus.com/cn/ace-5-racing/specs,https://www.oneplus.com/cn,2026-09-13 15:47:08.277273,official_catalog_only,True,2026-09-13 15:47:08.277273,2026-09-13 15:47:08.277273
194,一加,一加 Ace 5 至尊版,,on_sale,,,,,,,,,,,,,,,,,https://www.oneplus.com/cn/ace-5-ultra/specs,https://www.oneplus.com/cn,2026-09-13 15:47:08.277273,official_catalog_only,True,2026-09-13 15:47:08.278189,2026-09-13 15:47:08.278189
195,一加,一加 Ace 6T,,on_sale,,,,,,,,,,,,,,,,,https://www.oneplus.com/cn/ace-6t/specs,https://www.oneplus.com/cn,2026-09-13 15:47:08.278189,official_catalog_only,True,2026-09-13 15:47:08.278189,2026-09-13 15:47:08.278189
196,小米,Xiaomi 16,,on_sale,,,,,,,,,,,,,,,,,https://www.mi.com/prod/xiaomi-16/specs,https://www.mi.com/,2026-09-13 15:47:08.278189,official_catalog_only,True,2026-09-13 15:47:08.279189,2026-09-13 15:47:08.279189
197,小米,Xiaomi 16 Pro,,on_sale,,,,,,,,,,,,,,,,,https://www.mi.com/prod/xiaomi-16-pro/specs,https://www.mi.com/,2026-09-13 15:47:08.279189,official_catalog_only,True,2026-09-13 15:47:08.279189,2026-09-13 15:47:08.279189
198,小米,Xiaomi 16 Ultra,,on_sale,,,,,,,,,,,,,,,,,https://www.mi.com/prod/xiaomi-16-ultra/specs,https://www.mi.com/,2026-09-13 15:47:08.279189,official_catalog_only,True,2026-09-13 15:47:08.279189,2026-09-13 15:47:08.279189
199,三星,Samsung W26,,on_sale,,,,,,,,,,,,,,,,,https://www.samsung.com.cn/smartphones/samsung-w26/,https://www.samsung.com.cn/smartphones/,2026-09-13 15:47:08.280189,official_catalog_only,True,2026-09-13 15:47:08.281188,2026-09-13 15:47:08.281188
200,三星,Samsung Galaxy A57 5G,,on_sale,,,,,,,,,,,,,,,,,https://www.samsung.com.cn/smartphones/galaxy-a57-5g/,https://www.samsung.com.cn/smartphones/,2026-09-13 15:47:08.281188,official_catalog_only,True,2026-09-13 15:47:08.281188,2026-09-13 15:47:08.281188
201,vivo,vivo Y300+,,on_sale,,,,,,,,,,,,,,,,,https://www.vivo.com.cn/vivo/param/y300plus,https://www.vivo.com.cn/vivo/,2026-09-13 15:47:08.282199,official_catalog_only,True,2026-09-13 15:47:08.282199,2026-09-13 15:47:08.282199
202,三星,Samsung Galaxy S26+,,on_sale,，拥有流畅的运行速度、清晰的视觉表现与出色的操控性能，助力畅快使用体验,6.3,,,,,,,,,167.0,7.2,,,https://images.samsung.com.cn/cn/smartphones/galaxy-s26/images/galaxy-s26-share-image.jpg,https://www.samsung.com.cn/smartphones/galaxy-s26/,https://www.samsung.com.cn/smartphones/galaxy-s26/,https://www.samsung.com.cn/smartphones/galaxy-s26/,2026-09-15 17:09:46.897580,official_partial,True,2026-09-15 17:09:49.212100,2026-09-15 17:41:27.485036
203,三星,Samsung Galaxy A56 5G,,on_sale,"2.9GHz, 2.6GHz, 1.9GHz",6.7,,1080 x 2340,120,50.0,官方规格标注 50 MP 主摄,,,,,,,,,,https://www.samsung.com.cn/smartphones/galaxy-a/galaxy-a56-5g-awesome-pink-256gb-sm-a5660licchc/,https://www.samsung.com.cn/smartphones/galaxy-a/galaxy-a56-5g-awesome-pink-256gb-sm-a5660licchc/,2026-09-15 17:09:49.101469,official_verified,True,2026-09-15 17:09:49.213100,2026-09-15 17:41:27.485036
