priority,brand,model,variant,platform,launch_price,official_store,product_url,public_price,gov_price,billion_subsidy_price,evidence_path,review_status,reviewer
HIGH,华为,HUAWEI Mate 70,12GB+256GB,jd,5499.00,,,,,,,pending,
HIGH,华为,HUAWEI Mate 70,12GB+256GB,tmall,5499.00,,,,,,,pending,
HIGH,华为,HUAWEI Mate 70,12GB+256GB,pdd,5499.00,,,,,,,pending,
MEDIUM,华为,HUAWEI Mate 70,256,jd,,,,,,,,pending,
MEDIUM,华为,HUAWEI Mate 70,256,tmall,,,,,,,,pending,
MEDIUM,华为,HUAWEI Mate 70,256,pdd,,,,,,,,pending,
MEDIUM,华为,HUAWEI Mate 70,512,jd,,,,,,,,pending,
MEDIUM,华为,HUAWEI Mate 70,512,tmall,,,,,,,,pending,
MEDIUM,华为,HUAWEI Mate 70,512,pdd,,,,,,,,pending,
MEDIUM,华为,HUAWEI Mate 70,1TB,jd,,,,,,,,pending,
MEDIUM,华为,HUAWEI Mate 70,1TB,tmall,,,,,,,,pending,
MEDIUM,华为,HUAWEI Mate 70,1TB,pdd,,,,,,,,pending,
HIGH,小米,Xiaomi 17,12GB+256GB,tmall,4499.00,,,,,,,pending,
HIGH,小米,Xiaomi 17,12GB+256GB,pdd,4499.00,,,,,,,pending,
HIGH,Apple,iPhone 17,256GB,jd,5999.00,,,,,,,pending,
HIGH,Apple,iPhone 17,256GB,tmall,5999.00,,,,,,,pending,
HIGH,Apple,iPhone 17,256GB,pdd,5999.00,,,,,,,pending,
MEDIUM,Apple,iPhone 17,512,jd,,,,,,,,pending,
MEDIUM,Apple,iPhone 17,512,tmall,,,,,,,,pending,
MEDIUM,Apple,iPhone 17,512,pdd,,,,,,,,pending,
HIGH,vivo,vivo X200 Pro,16GB+512GB,jd,5999.00,,,,,,,pending,
HIGH,vivo,vivo X200 Pro,16GB+512GB,tmall,5999.00,,,,,,,pending,
HIGH,vivo,vivo X200 Pro,16GB+512GB,pdd,5999.00,,,,,,,pending,
HIGH,vivo,vivo X200 Pro,12GB+256,jd,5299.00,,,,,,,pending,
HIGH,vivo,vivo X200 Pro,12GB+256,tmall,5299.00,,,,,,,pending,
HIGH,vivo,vivo X200 Pro,12GB+256,pdd,5299.00,,,,,,,pending,
MEDIUM,vivo,vivo X200 Pro,16GB+1TB,jd,,,,,,,,pending,
MEDIUM,vivo,vivo X200 Pro,16GB+1TB,tmall,,,,,,,,pending,
MEDIUM,vivo,vivo X200 Pro,16GB+1TB,pdd,,,,,,,,pending,
MEDIUM,Apple,iPhone 17 Pro,256,jd,,,,,,,,pending,
MEDIUM,Apple,iPhone 17 Pro,256,tmall,,,,,,,,pending,
MEDIUM,Apple,iPhone 17 Pro,256,pdd,,,,,,,,pending,
MEDIUM,Apple,iPhone 17 Pro,512,jd,,,,,,,,pending,
MEDIUM,Apple,iPhone 17 Pro,512,tmall,,,,,,,,pending,
MEDIUM,Apple,iPhone 17 Pro,512,pdd,,,,,,,,pending,
MEDIUM,Apple,iPhone 17 Pro,1TB,jd,,,,,,,,pending,
MEDIUM,Apple,iPhone 17 Pro,1TB,tmall,,,,,,,,pending,
MEDIUM,Apple,iPhone 17 Pro,1TB,pdd,,,,,,,,pending,
MEDIUM,Apple,iPhone 17 Pro Max,256,jd,,,,,,,,pending,
MEDIUM,Apple,iPhone 17 Pro Max,256,tmall,,,,,,,,pending,
MEDIUM,Apple,iPhone 17 Pro Max,256,pdd,,,,,,,,pending,
MEDIUM,Apple,iPhone 17 Pro Max,512,jd,,,,,,,,pending,
MEDIUM,Apple,iPhone 17 Pro Max,512,tmall,,,,,,,,pending,
MEDIUM,Apple,iPhone 17 Pro Max,512,pdd,,,,,,,,pending,
MEDIUM,Apple,iPhone 17 Pro Max,1TB,jd,,,,,,,,pending,
MEDIUM,Apple,iPhone 17 Pro Max,1TB,tmall,,,,,,,,pending,
MEDIUM,Apple,iPhone 17 Pro Max,1TB,pdd,,,,,,,,pending,
MEDIUM,Apple,iPhone 17 Pro Max,2TB,jd,,,,,,,,pending,
MEDIUM,Apple,iPhone 17 Pro Max,2TB,tmall,,,,,,,,pending,
MEDIUM,Apple,iPhone 17 Pro Max,2TB,pdd,,,,,,,,pending,
MEDIUM,Apple,iPhone Air,256,jd,,,,,,,,pending,
MEDIUM,Apple,iPhone Air,256,tmall,,,,,,,,pending,
MEDIUM,Apple,iPhone Air,256,pdd,,,,,,,,pending,
MEDIUM,Apple,iPhone Air,512,jd,,,,,,,,pending,
MEDIUM,Apple,iPhone Air,512,tmall,,,,,,,,pending,
MEDIUM,Apple,iPhone Air,512,pdd,,,,,,,,pending,
MEDIUM,Apple,iPhone Air,1TB,jd,,,,,,,,pending,
MEDIUM,Apple,iPhone Air,1TB,tmall,,,,,,,,pending,
MEDIUM,Apple,iPhone Air,1TB,pdd,,,,,,,,pending,
MEDIUM,Apple,iPhone 17e,128,jd,,,,,,,,pending,
MEDIUM,Apple,iPhone 17e,128,tmall,,,,,,,,pending,
MEDIUM,Apple,iPhone 17e,128,pdd,,,,,,,,pending,
MEDIUM,Apple,iPhone 17e,256,jd,,,,,,,,pending,
MEDIUM,Apple,iPhone 17e,256,tmall,,,,,,,,pending,
MEDIUM,Apple,iPhone 17e,256,pdd,,,,,,,,pending,
MEDIUM,Apple,iPhone 17e,512,jd,,,,,,,,pending,
MEDIUM,Apple,iPhone 17e,512,tmall,,,,,,,,pending,
MEDIUM,Apple,iPhone 17e,512,pdd,,,,,,,,pending,
MEDIUM,Apple,iPhone 16,128,jd,,,,,,,,pending,
MEDIUM,Apple,iPhone 16,128,tmall,,,,,,,,pending,
MEDIUM,Apple,iPhone 16,128,pdd,,,,,,,,pending,
MEDIUM,Apple,iPhone 16,256,jd,,,,,,,,pending,
MEDIUM,Apple,iPhone 16,256,tmall,,,,,,,,pending,
MEDIUM,Apple,iPhone 16,256,pdd,,,,,,,,pending,
MEDIUM,Apple,iPhone 16,512,jd,,,,,,,,pending,
MEDIUM,Apple,iPhone 16,512,tmall,,,,,,,,pending,
MEDIUM,Apple,iPhone 16,512,pdd,,,,,,,,pending,
MEDIUM,华为,HUAWEI Pura 90 Pro Max,256,jd,,,,,,,,pending,
MEDIUM,华为,HUAWEI Pura 90 Pro Max,256,tmall,,,,,,,,pending,
MEDIUM,华为,HUAWEI Pura 90 Pro Max,256,pdd,,,,,,,,pending,
MEDIUM,华为,HUAWEI Pura 90 Pro Max,512,jd,,,,,,,,pending,
MEDIUM,华为,HUAWEI Pura 90 Pro Max,512,tmall,,,,,,,,pending,
MEDIUM,华为,HUAWEI Pura 90 Pro Max,512,pdd,,,,,,,,pending,
MEDIUM,华为,HUAWEI Pura 90 Pro Max,1TB,jd,,,,,,,,pending,
MEDIUM,华为,HUAWEI Pura 90 Pro Max,1TB,tmall,,,,,,,,pending,
MEDIUM,华为,HUAWEI Pura 90 Pro Max,1TB,pdd,,,,,,,,pending,
MEDIUM,华为,HUAWEI Pura X Max,12GB+256,jd,,,,,,,,pending,
MEDIUM,华为,HUAWEI Pura X Max,12GB+256,tmall,,,,,,,,pending,
MEDIUM,华为,HUAWEI Pura X Max,12GB+256,pdd,,,,,,,,pending,
MEDIUM,华为,HUAWEI Pura X Max,12GB+512,jd,,,,,,,,pending,
MEDIUM,华为,HUAWEI Pura X Max,12GB+512,tmall,,,,,,,,pending,
MEDIUM,华为,HUAWEI Pura X Max,12GB+512,pdd,,,,,,,,pending,
MEDIUM,华为,HUAWEI Pura X Max,16GB+512,jd,,,,,,,,pending,
MEDIUM,华为,HUAWEI Pura X Max,16GB+512,tmall,,,,,,,,pending,
MEDIUM,华为,HUAWEI Pura X Max,16GB+512,pdd,,,,,,,,pending,
MEDIUM,华为,HUAWEI Pura X Max,16GB+1TB,jd,,,,,,,,pending,
MEDIUM,华为,HUAWEI Pura X Max,16GB+1TB,tmall,,,,,,,,pending,
MEDIUM,华为,HUAWEI Pura X Max,16GB+1TB,pdd,,,,,,,,pending,
MEDIUM,华为,HUAWEI Mate 70 Pro,256,jd,,,,,,,,pending,
MEDIUM,华为,HUAWEI Mate 70 Pro,256,tmall,,,,,,,,pending,
MEDIUM,华为,HUAWEI Mate 70 Pro,256,pdd,,,,,,,,pending,
MEDIUM,华为,HUAWEI Mate 70 Pro,512,jd,,,,,,,,pending,
MEDIUM,华为,HUAWEI Mate 70 Pro,512,tmall,,,,,,,,pending,
MEDIUM,华为,HUAWEI Mate 70 Pro,512,pdd,,,,,,,,pending,
MEDIUM,华为,HUAWEI Mate 70 Pro,1TB,jd,,,,,,,,pending,
MEDIUM,华为,HUAWEI Mate 70 Pro,1TB,tmall,,,,,,,,pending,
MEDIUM,华为,HUAWEI Mate 70 Pro,1TB,pdd,,,,,,,,pending,
MEDIUM,华为,HUAWEI Pura 80 Ultra,512,jd,,,,,,,,pending,
MEDIUM,华为,HUAWEI Pura 80 Ultra,512,tmall,,,,,,,,pending,
MEDIUM,华为,HUAWEI Pura 80 Ultra,512,pdd,,,,,,,,pending,
MEDIUM,华为,HUAWEI Pura 80 Ultra,1TB,jd,,,,,,,,pending,
MEDIUM,华为,HUAWEI Pura 80 Ultra,1TB,tmall,,,,,,,,pending,
MEDIUM,华为,HUAWEI Pura 80 Ultra,1TB,pdd,,,,,,,,pending,
MEDIUM,OPPO,OPPO Find X9 Ultra,12GB+256,jd,,,,,,,,pending,
MEDIUM,OPPO,OPPO Find X9 Ultra,12GB+256,tmall,,,,,,,,pending,
MEDIUM,OPPO,OPPO Find X9 Ultra,12GB+256,pdd,,,,,,,,pending,
MEDIUM,OPPO,OPPO Find X9 Ultra,12GB+512,jd,,,,,,,,pending,
MEDIUM,OPPO,OPPO Find X9 Ultra,12GB+512,tmall,,,,,,,,pending,
MEDIUM,OPPO,OPPO Find X9 Ultra,12GB+512,pdd,,,,,,,,pending,
MEDIUM,OPPO,OPPO Find X9 Ultra,16GB+512,jd,,,,,,,,pending,
MEDIUM,OPPO,OPPO Find X9 Ultra,16GB+512,tmall,,,,,,,,pending,
MEDIUM,OPPO,OPPO Find X9 Ultra,16GB+512,pdd,,,,,,,,pending,
MEDIUM,OPPO,OPPO Find X9 Ultra,16GB+1TB,jd,,,,,,,,pending,
MEDIUM,OPPO,OPPO Find X9 Ultra,16GB+1TB,tmall,,,,,,,,pending,
MEDIUM,OPPO,OPPO Find X9 Ultra,16GB+1TB,pdd,,,,,,,,pending,
MEDIUM,OPPO,OPPO Find X9s Pro,12GB+256,jd,,,,,,,,pending,
MEDIUM,OPPO,OPPO Find X9s Pro,12GB+256,tmall,,,,,,,,pending,
MEDIUM,OPPO,OPPO Find X9s Pro,12GB+256,pdd,,,,,,,,pending,
MEDIUM,OPPO,OPPO Find X9s Pro,12GB+512,jd,,,,,,,,pending,
MEDIUM,OPPO,OPPO Find X9s Pro,12GB+512,tmall,,,,,,,,pending,
MEDIUM,OPPO,OPPO Find X9s Pro,12GB+512,pdd,,,,,,,,pending,
MEDIUM,OPPO,OPPO Find X9s Pro,16GB+512,jd,,,,,,,,pending,
MEDIUM,OPPO,OPPO Find X9s Pro,16GB+512,tmall,,,,,,,,pending,
MEDIUM,OPPO,OPPO Find X9s Pro,16GB+512,pdd,,,,,,,,pending,
MEDIUM,OPPO,OPPO Find X9s Pro,16GB+1TB,jd,,,,,,,,pending,
MEDIUM,OPPO,OPPO Find X9s Pro,16GB+1TB,tmall,,,,,,,,pending,
MEDIUM,OPPO,OPPO Find X9s Pro,16GB+1TB,pdd,,,,,,,,pending,
MEDIUM,OPPO,OPPO Find X9 Pro,12GB+256,jd,,,,,,,,pending,
MEDIUM,OPPO,OPPO Find X9 Pro,12GB+256,tmall,,,,,,,,pending,
MEDIUM,OPPO,OPPO Find X9 Pro,12GB+256,pdd,,,,,,,,pending,
MEDIUM,OPPO,OPPO Find X9 Pro,12GB+512,jd,,,,,,,,pending,
MEDIUM,OPPO,OPPO Find X9 Pro,12GB+512,tmall,,,,,,,,pending,
MEDIUM,OPPO,OPPO Find X9 Pro,12GB+512,pdd,,,,,,,,pending,
MEDIUM,OPPO,OPPO Find X9 Pro,16GB+512,jd,,,,,,,,pending,
MEDIUM,OPPO,OPPO Find X9 Pro,16GB+512,tmall,,,,,,,,pending,
MEDIUM,OPPO,OPPO Find X9 Pro,16GB+512,pdd,,,,,,,,pending,
MEDIUM,OPPO,OPPO Find X9 Pro,16GB+1TB,jd,,,,,,,,pending,
MEDIUM,OPPO,OPPO Find X9 Pro,16GB+1TB,tmall,,,,,,,,pending,
MEDIUM,OPPO,OPPO Find X9 Pro,16GB+1TB,pdd,,,,,,,,pending,
MEDIUM,OPPO,OPPO Find X9,12GB+256,jd,,,,,,,,pending,
MEDIUM,OPPO,OPPO Find X9,12GB+256,tmall,,,,,,,,pending,
MEDIUM,OPPO,OPPO Find X9,12GB+256,pdd,,,,,,,,pending,
MEDIUM,OPPO,OPPO Find X9,12GB+512,jd,,,,,,,,pending,
MEDIUM,OPPO,OPPO Find X9,12GB+512,tmall,,,,,,,,pending,
MEDIUM,OPPO,OPPO Find X9,12GB+512,pdd,,,,,,,,pending,
MEDIUM,OPPO,OPPO Find X9,16GB+256,jd,,,,,,,,pending,
MEDIUM,OPPO,OPPO Find X9,16GB+256,tmall,,,,,,,,pending,
MEDIUM,OPPO,OPPO Find X9,16GB+256,pdd,,,,,,,,pending,
MEDIUM,OPPO,OPPO Find X9,16GB+512,jd,,,,,,,,pending,
MEDIUM,OPPO,OPPO Find X9,16GB+512,tmall,,,,,,,,pending,
MEDIUM,OPPO,OPPO Find X9,16GB+512,pdd,,,,,,,,pending,
MEDIUM,OPPO,OPPO Find X9,16GB+1TB,jd,,,,,,,,pending,
MEDIUM,OPPO,OPPO Find X9,16GB+1TB,tmall,,,,,,,,pending,
MEDIUM,OPPO,OPPO Find X9,16GB+1TB,pdd,,,,,,,,pending,
MEDIUM,OPPO,OPPO Reno16 Pro,12GB+256,jd,,,,,,,,pending,
MEDIUM,OPPO,OPPO Reno16 Pro,12GB+256,tmall,,,,,,,,pending,
MEDIUM,OPPO,OPPO Reno16 Pro,12GB+256,pdd,,,,,,,,pending,
MEDIUM,OPPO,OPPO Reno16 Pro,12GB+512,jd,,,,,,,,pending,
MEDIUM,OPPO,OPPO Reno16 Pro,12GB+512,tmall,,,,,,,,pending,
MEDIUM,OPPO,OPPO Reno16 Pro,12GB+512,pdd,,,,,,,,pending,
MEDIUM,OPPO,OPPO Reno16 Pro,16GB+512,jd,,,,,,,,pending,
MEDIUM,OPPO,OPPO Reno16 Pro,16GB+512,tmall,,,,,,,,pending,
MEDIUM,OPPO,OPPO Reno16 Pro,16GB+512,pdd,,,,,,,,pending,
MEDIUM,OPPO,OPPO Reno16,12GB+256,jd,,,,,,,,pending,
MEDIUM,OPPO,OPPO Reno16,12GB+256,tmall,,,,,,,,pending,
MEDIUM,OPPO,OPPO Reno16,12GB+256,pdd,,,,,,,,pending,
MEDIUM,OPPO,OPPO Reno16,12GB+512,jd,,,,,,,,pending,
MEDIUM,OPPO,OPPO Reno16,12GB+512,tmall,,,,,,,,pending,
MEDIUM,OPPO,OPPO Reno16,12GB+512,pdd,,,,,,,,pending,
MEDIUM,OPPO,OPPO Reno16,16GB+256,jd,,,,,,,,pending,
MEDIUM,OPPO,OPPO Reno16,16GB+256,tmall,,,,,,,,pending,
MEDIUM,OPPO,OPPO Reno16,16GB+256,pdd,,,,,,,,pending,
MEDIUM,OPPO,OPPO Reno16,16GB+512,jd,,,,,,,,pending,
MEDIUM,OPPO,OPPO Reno16,16GB+512,tmall,,,,,,,,pending,
MEDIUM,OPPO,OPPO Reno16,16GB+512,pdd,,,,,,,,pending,
MEDIUM,OPPO,OPPO Reno16,16GB+1TB,jd,,,,,,,,pending,
MEDIUM,OPPO,OPPO Reno16,16GB+1TB,tmall,,,,,,,,pending,
MEDIUM,OPPO,OPPO Reno16,16GB+1TB,pdd,,,,,,,,pending,
MEDIUM,OPPO,OPPO K15 Pro,12GB+256,jd,,,,,,,,pending,
MEDIUM,OPPO,OPPO K15 Pro,12GB+256,tmall,,,,,,,,pending,
MEDIUM,OPPO,OPPO K15 Pro,12GB+256,pdd,,,,,,,,pending,
MEDIUM,OPPO,OPPO K15 Pro,12GB+512,jd,,,,,,,,pending,
MEDIUM,OPPO,OPPO K15 Pro,12GB+512,tmall,,,,,,,,pending,
MEDIUM,OPPO,OPPO K15 Pro,12GB+512,pdd,,,,,,,,pending,
MEDIUM,OPPO,OPPO A6s Pro,8GB+128,jd,,,,,,,,pending,
MEDIUM,OPPO,OPPO A6s Pro,8GB+128,tmall,,,,,,,,pending,
MEDIUM,OPPO,OPPO A6s Pro,8GB+128,pdd,,,,,,,,pending,
MEDIUM,OPPO,OPPO A6s Pro,8GB+256,jd,,,,,,,,pending,
MEDIUM,OPPO,OPPO A6s Pro,8GB+256,tmall,,,,,,,,pending,
MEDIUM,OPPO,OPPO A6s Pro,8GB+256,pdd,,,,,,,,pending,
MEDIUM,OPPO,OPPO A6s Pro,12GB+256,jd,,,,,,,,pending,
MEDIUM,OPPO,OPPO A6s Pro,12GB+256,tmall,,,,,,,,pending,
MEDIUM,OPPO,OPPO A6s Pro,12GB+256,pdd,,,,,,,,pending,
MEDIUM,OPPO,OPPO A6s Pro,12GB+512,jd,,,,,,,,pending,
MEDIUM,OPPO,OPPO A6s Pro,12GB+512,tmall,,,,,,,,pending,
MEDIUM,OPPO,OPPO A6s Pro,12GB+512,pdd,,,,,,,,pending,
HIGH,vivo,vivo X300 Ultra,12GB+256,jd,6999.00,,,,,,,pending,
HIGH,vivo,vivo X300 Ultra,12GB+256,tmall,6999.00,,,,,,,pending,
HIGH,vivo,vivo X300 Ultra,12GB+256,pdd,6999.00,,,,,,,pending,
HIGH,vivo,vivo X300 Ultra,12GB+512,jd,7499.00,,,,,,,pending,
HIGH,vivo,vivo X300 Ultra,12GB+512,tmall,7499.00,,,,,,,pending,
HIGH,vivo,vivo X300 Ultra,12GB+512,pdd,7499.00,,,,,,,pending,
HIGH,vivo,vivo X300 Ultra,16GB+512,jd,7999.00,,,,,,,pending,
HIGH,vivo,vivo X300 Ultra,16GB+512,tmall,7999.00,,,,,,,pending,
HIGH,vivo,vivo X300 Ultra,16GB+512,pdd,7999.00,,,,,,,pending,
MEDIUM,vivo,vivo X300 Ultra,16GB+1TB,jd,,,,,,,,pending,
MEDIUM,vivo,vivo X300 Ultra,16GB+1TB,tmall,,,,,,,,pending,
MEDIUM,vivo,vivo X300 Ultra,16GB+1TB,pdd,,,,,,,,pending,
HIGH,vivo,vivo X300 Pro,12GB+256,jd,5699.00,,,,,,,pending,
HIGH,vivo,vivo X300 Pro,12GB+256,tmall,5699.00,,,,,,,pending,
HIGH,vivo,vivo X300 Pro,12GB+256,pdd,5699.00,,,,,,,pending,
HIGH,vivo,vivo X300 Pro,16GB+512,jd,6499.00,,,,,,,pending,
HIGH,vivo,vivo X300 Pro,16GB+512,tmall,6499.00,,,,,,,pending,
HIGH,vivo,vivo X300 Pro,16GB+512,pdd,6499.00,,,,,,,pending,
MEDIUM,vivo,vivo X300 Pro,16GB+1TB,jd,,,,,,,,pending,
MEDIUM,vivo,vivo X300 Pro,16GB+1TB,tmall,,,,,,,,pending,
MEDIUM,vivo,vivo X300 Pro,16GB+1TB,pdd,,,,,,,,pending,
HIGH,vivo,vivo X300 Pro,12GB+512,jd,5999.00,,,,,,,pending,
HIGH,vivo,vivo X300 Pro,12GB+512,tmall,5999.00,,,,,,,pending,
HIGH,vivo,vivo X300 Pro,12GB+512,pdd,5999.00,,,,,,,pending,
HIGH,vivo,vivo X300,16GB+1TB,jd,6299.00,,,,,,,pending,
HIGH,vivo,vivo X300,16GB+1TB,tmall,6299.00,,,,,,,pending,
HIGH,vivo,vivo X300,16GB+1TB,pdd,6299.00,,,,,,,pending,
HIGH,vivo,vivo X300,12GB+256,jd,4599.00,,,,,,,pending,
HIGH,vivo,vivo X300,12GB+256,tmall,4599.00,,,,,,,pending,
HIGH,vivo,vivo X300,12GB+256,pdd,4599.00,,,,,,,pending,
HIGH,vivo,vivo X300,16GB+256,jd,4999.00,,,,,,,pending,
HIGH,vivo,vivo X300,16GB+256,tmall,4999.00,,,,,,,pending,
HIGH,vivo,vivo X300,16GB+256,pdd,4999.00,,,,,,,pending,
HIGH,vivo,vivo X300,12GB+512,jd,5299.00,,,,,,,pending,
HIGH,vivo,vivo X300,12GB+512,tmall,5299.00,,,,,,,pending,
HIGH,vivo,vivo X300,12GB+512,pdd,5299.00,,,,,,,pending,
HIGH,vivo,vivo X300,16GB+512,jd,5699.00,,,,,,,pending,
HIGH,vivo,vivo X300,16GB+512,tmall,5699.00,,,,,,,pending,
HIGH,vivo,vivo X300,16GB+512,pdd,5699.00,,,,,,,pending,
HIGH,vivo,vivo S50 Pro mini,12GB+256,jd,3699.00,,,,,,,pending,
HIGH,vivo,vivo S50 Pro mini,12GB+256,tmall,3699.00,,,,,,,pending,
HIGH,vivo,vivo S50 Pro mini,12GB+256,pdd,3699.00,,,,,,,pending,
HIGH,vivo,vivo S50 Pro mini,12GB+512,jd,3999.00,,,,,,,pending,
HIGH,vivo,vivo S50 Pro mini,12GB+512,tmall,3999.00,,,,,,,pending,
HIGH,vivo,vivo S50 Pro mini,12GB+512,pdd,3999.00,,,,,,,pending,
HIGH,vivo,vivo S50 Pro mini,16GB+512,jd,4299.00,,,,,,,pending,
HIGH,vivo,vivo S50 Pro mini,16GB+512,tmall,4299.00,,,,,,,pending,
HIGH,vivo,vivo S50 Pro mini,16GB+512,pdd,4299.00,,,,,,,pending,
HIGH,vivo,vivo S50,12GB+256,jd,2999.00,,,,,,,pending,
HIGH,vivo,vivo S50,12GB+256,tmall,2999.00,,,,,,,pending,
HIGH,vivo,vivo S50,12GB+256,pdd,2999.00,,,,,,,pending,
HIGH,vivo,vivo S50,12GB+512,jd,3299.00,,,,,,,pending,
HIGH,vivo,vivo S50,12GB+512,tmall,3299.00,,,,,,,pending,
HIGH,vivo,vivo S50,12GB+512,pdd,3299.00,,,,,,,pending,
HIGH,vivo,vivo S50,16GB+256,jd,3399.00,,,,,,,pending,
HIGH,vivo,vivo S50,16GB+256,tmall,3399.00,,,,,,,pending,
HIGH,vivo,vivo S50,16GB+256,pdd,3399.00,,,,,,,pending,
HIGH,vivo,vivo S50,16GB+512,jd,3599.00,,,,,,,pending,
HIGH,vivo,vivo S50,16GB+512,tmall,3599.00,,,,,,,pending,
HIGH,vivo,vivo S50,16GB+512,pdd,3599.00,,,,,,,pending,
HIGH,vivo,vivo Y500,12GB+512,jd,1999.00,,,,,,,pending,
HIGH,vivo,vivo Y500,12GB+512,tmall,1999.00,,,,,,,pending,
HIGH,vivo,vivo Y500,12GB+512,pdd,1999.00,,,,,,,pending,
HIGH,vivo,vivo Y500,12GB+256,jd,1799.00,,,,,,,pending,
HIGH,vivo,vivo Y500,12GB+256,tmall,1799.00,,,,,,,pending,
HIGH,vivo,vivo Y500,12GB+256,pdd,1799.00,,,,,,,pending,
HIGH,vivo,vivo Y500,8GB+256,jd,1599.00,,,,,,,pending,
HIGH,vivo,vivo Y500,8GB+256,tmall,1599.00,,,,,,,pending,
HIGH,vivo,vivo Y500,8GB+256,pdd,1599.00,,,,,,,pending,
HIGH,vivo,vivo Y500,8GB+128,jd,1399.00,,,,,,,pending,
HIGH,vivo,vivo Y500,8GB+128,tmall,1399.00,,,,,,,pending,
HIGH,vivo,vivo Y500,8GB+128,pdd,1399.00,,,,,,,pending,
MEDIUM,vivo,iQOO 15 Ultra,16GB+256,jd,,,,,,,,pending,
MEDIUM,vivo,iQOO 15 Ultra,16GB+256,tmall,,,,,,,,pending,
MEDIUM,vivo,iQOO 15 Ultra,16GB+256,pdd,,,,,,,,pending,
HIGH,vivo,iQOO 15 Ultra,16GB+512,jd,6499.00,,,,,,,pending,
HIGH,vivo,iQOO 15 Ultra,16GB+512,tmall,6499.00,,,,,,,pending,
HIGH,vivo,iQOO 15 Ultra,16GB+512,pdd,6499.00,,,,,,,pending,
HIGH,vivo,iQOO 15 Ultra,16GB+1TB,jd,7499.00,,,,,,,pending,
HIGH,vivo,iQOO 15 Ultra,16GB+1TB,tmall,7499.00,,,,,,,pending,
HIGH,vivo,iQOO 15 Ultra,16GB+1TB,pdd,7499.00,,,,,,,pending,
HIGH,vivo,iQOO 15 Ultra,24GB+1TB,jd,8199.00,,,,,,,pending,
HIGH,vivo,iQOO 15 Ultra,24GB+1TB,tmall,8199.00,,,,,,,pending,
HIGH,vivo,iQOO 15 Ultra,24GB+1TB,pdd,8199.00,,,,,,,pending,
MEDIUM,vivo,iQOO 15,12GB+256,tmall,,,,,,,,pending,
MEDIUM,vivo,iQOO 15,12GB+256,pdd,,,,,,,,pending,
HIGH,vivo,iQOO 15,16GB+256,jd,5299.00,,,,,,,pending,
HIGH,vivo,iQOO 15,16GB+256,pdd,5299.00,,,,,,,pending,
HIGH,vivo,iQOO 15,12GB+512,jd,5599.00,,,,,,,pending,
HIGH,vivo,iQOO 15,12GB+512,tmall,5599.00,,,,,,,pending,
HIGH,vivo,iQOO 15,12GB+512,pdd,5599.00,,,,,,,pending,
HIGH,vivo,iQOO 15,16GB+512,jd,5999.00,,,,,,,pending,
HIGH,vivo,iQOO 15,16GB+512,tmall,5999.00,,,,,,,pending,
HIGH,vivo,iQOO 15,16GB+512,pdd,5999.00,,,,,,,pending,
HIGH,vivo,iQOO 15,16GB+1TB,jd,6999.00,,,,,,,pending,
HIGH,vivo,iQOO 15,16GB+1TB,tmall,6999.00,,,,,,,pending,
HIGH,vivo,iQOO 15,16GB+1TB,pdd,6999.00,,,,,,,pending,
MEDIUM,realme,真我GT8 Pro,12GB+256,jd,,,,,,,,pending,
MEDIUM,realme,真我GT8 Pro,12GB+256,tmall,,,,,,,,pending,
MEDIUM,realme,真我GT8 Pro,12GB+256,pdd,,,,,,,,pending,
MEDIUM,realme,真我GT8 Pro,12GB+512,jd,,,,,,,,pending,
MEDIUM,realme,真我GT8 Pro,12GB+512,tmall,,,,,,,,pending,
MEDIUM,realme,真我GT8 Pro,12GB+512,pdd,,,,,,,,pending,
MEDIUM,realme,真我GT8 Pro,16GB+256,jd,,,,,,,,pending,
MEDIUM,realme,真我GT8 Pro,16GB+256,tmall,,,,,,,,pending,
MEDIUM,realme,真我GT8 Pro,16GB+256,pdd,,,,,,,,pending,
MEDIUM,realme,真我GT8 Pro,16GB+512,jd,,,,,,,,pending,
MEDIUM,realme,真我GT8 Pro,16GB+512,tmall,,,,,,,,pending,
MEDIUM,realme,真我GT8 Pro,16GB+512,pdd,,,,,,,,pending,
MEDIUM,realme,真我GT8 Pro,16GB+1TB,jd,,,,,,,,pending,
MEDIUM,realme,真我GT8 Pro,16GB+1TB,tmall,,,,,,,,pending,
MEDIUM,realme,真我GT8 Pro,16GB+1TB,pdd,,,,,,,,pending,
MEDIUM,realme,真我GT8,12GB+256,jd,,,,,,,,pending,
MEDIUM,realme,真我GT8,12GB+256,tmall,,,,,,,,pending,
MEDIUM,realme,真我GT8,12GB+256,pdd,,,,,,,,pending,
MEDIUM,realme,真我GT8,12GB+512,jd,,,,,,,,pending,
MEDIUM,realme,真我GT8,12GB+512,tmall,,,,,,,,pending,
MEDIUM,realme,真我GT8,12GB+512,pdd,,,,,,,,pending,
MEDIUM,realme,真我GT8,16GB+256,jd,,,,,,,,pending,
MEDIUM,realme,真我GT8,16GB+256,tmall,,,,,,,,pending,
MEDIUM,realme,真我GT8,16GB+256,pdd,,,,,,,,pending,
MEDIUM,realme,真我GT8,16GB+512,jd,,,,,,,,pending,
MEDIUM,realme,真我GT8,16GB+512,tmall,,,,,,,,pending,
MEDIUM,realme,真我GT8,16GB+512,pdd,,,,,,,,pending,
MEDIUM,realme,真我GT8,16GB+1TB,jd,,,,,,,,pending,
MEDIUM,realme,真我GT8,16GB+1TB,tmall,,,,,,,,pending,
MEDIUM,realme,真我GT8,16GB+1TB,pdd,,,,,,,,pending,
MEDIUM,realme,真我GT7,16GB+1TB,jd,,,,,,,,pending,
MEDIUM,realme,真我GT7,16GB+1TB,tmall,,,,,,,,pending,
MEDIUM,realme,真我GT7,16GB+1TB,pdd,,,,,,,,pending,
MEDIUM,realme,真我GT7,24GB+1TB,jd,,,,,,,,pending,
MEDIUM,realme,真我GT7,24GB+1TB,tmall,,,,,,,,pending,
MEDIUM,realme,真我GT7,24GB+1TB,pdd,,,,,,,,pending,
MEDIUM,realme,真我GT7 Pro,16GB+1TB,jd,,,,,,,,pending,
MEDIUM,realme,真我GT7 Pro,16GB+1TB,tmall,,,,,,,,pending,
MEDIUM,realme,真我GT7 Pro,16GB+1TB,pdd,,,,,,,,pending,
MEDIUM,realme,真我Neo8,12GB+256,jd,,,,,,,,pending,
MEDIUM,realme,真我Neo8,12GB+256,tmall,,,,,,,,pending,
MEDIUM,realme,真我Neo8,12GB+256,pdd,,,,,,,,pending,
MEDIUM,realme,真我Neo8,16GB+256,jd,,,,,,,,pending,
MEDIUM,realme,真我Neo8,16GB+256,tmall,,,,,,,,pending,
MEDIUM,realme,真我Neo8,16GB+256,pdd,,,,,,,,pending,
MEDIUM,realme,真我Neo8,12GB+512,jd,,,,,,,,pending,
MEDIUM,realme,真我Neo8,12GB+512,tmall,,,,,,,,pending,
MEDIUM,realme,真我Neo8,12GB+512,pdd,,,,,,,,pending,
MEDIUM,realme,真我Neo8,16GB+512,jd,,,,,,,,pending,
MEDIUM,realme,真我Neo8,16GB+512,tmall,,,,,,,,pending,
MEDIUM,realme,真我Neo8,16GB+512,pdd,,,,,,,,pending,
MEDIUM,realme,真我Neo8,16GB+1TB,jd,,,,,,,,pending,
MEDIUM,realme,真我Neo8,16GB+1TB,tmall,,,,,,,,pending,
MEDIUM,realme,真我Neo8,16GB+1TB,pdd,,,,,,,,pending,
MEDIUM,realme,真我Neo7 Turbo,16GB+512,jd,,,,,,,,pending,
MEDIUM,realme,真我Neo7 Turbo,16GB+512,tmall,,,,,,,,pending,
MEDIUM,realme,真我Neo7 Turbo,16GB+512,pdd,,,,,,,,pending,
MEDIUM,realme,真我15 Pro,16GB+512,jd,,,,,,,,pending,
MEDIUM,realme,真我15 Pro,16GB+512,tmall,,,,,,,,pending,
MEDIUM,realme,真我15 Pro,16GB+512,pdd,,,,,,,,pending,
MEDIUM,realme,真我V70,8GB+256,jd,,,,,,,,pending,
MEDIUM,realme,真我V70,8GB+256,tmall,,,,,,,,pending,
MEDIUM,realme,真我V70,8GB+256,pdd,,,,,,,,pending,
MEDIUM,三星,Samsung Galaxy S26 Ultra,12GB+256,jd,,,,,,,,pending,
MEDIUM,三星,Samsung Galaxy S26 Ultra,12GB+256,tmall,,,,,,,,pending,
MEDIUM,三星,Samsung Galaxy S26 Ultra,12GB+256,pdd,,,,,,,,pending,
MEDIUM,三星,Samsung Galaxy S26 Ultra,12GB+512,jd,,,,,,,,pending,
MEDIUM,三星,Samsung Galaxy S26 Ultra,12GB+512,tmall,,,,,,,,pending,
MEDIUM,三星,Samsung Galaxy S26 Ultra,12GB+512,pdd,,,,,,,,pending,
MEDIUM,三星,Samsung Galaxy S26 Ultra,16GB+1TB,jd,,,,,,,,pending,
MEDIUM,三星,Samsung Galaxy S26 Ultra,16GB+1TB,tmall,,,,,,,,pending,
MEDIUM,三星,Samsung Galaxy S26 Ultra,16GB+1TB,pdd,,,,,,,,pending,
MEDIUM,三星,Samsung Galaxy S26,12GB+256,jd,,,,,,,,pending,
MEDIUM,三星,Samsung Galaxy S26,12GB+256,tmall,,,,,,,,pending,
MEDIUM,三星,Samsung Galaxy S26,12GB+256,pdd,,,,,,,,pending,
MEDIUM,三星,Samsung Galaxy S26,12GB+512,jd,,,,,,,,pending,
MEDIUM,三星,Samsung Galaxy S26,12GB+512,tmall,,,,,,,,pending,
MEDIUM,三星,Samsung Galaxy S26,12GB+512,pdd,,,,,,,,pending,
MEDIUM,三星,Samsung Galaxy S26,16GB+1TB,jd,,,,,,,,pending,
MEDIUM,三星,Samsung Galaxy S26,16GB+1TB,tmall,,,,,,,,pending,
MEDIUM,三星,Samsung Galaxy S26,16GB+1TB,pdd,,,,,,,,pending,
MEDIUM,三星,Samsung Galaxy Z Fold8,12GB+256,jd,,,,,,,,pending,
MEDIUM,三星,Samsung Galaxy Z Fold8,12GB+256,tmall,,,,,,,,pending,
MEDIUM,三星,Samsung Galaxy Z Fold8,12GB+256,pdd,,,,,,,,pending,
MEDIUM,三星,Samsung Galaxy Z Fold8,12GB+512,jd,,,,,,,,pending,
MEDIUM,三星,Samsung Galaxy Z Fold8,12GB+512,tmall,,,,,,,,pending,
MEDIUM,三星,Samsung Galaxy Z Fold8,12GB+512,pdd,,,,,,,,pending,
MEDIUM,三星,Samsung Galaxy Z Fold8,16GB+1TB,jd,,,,,,,,pending,
MEDIUM,三星,Samsung Galaxy Z Fold8,16GB+1TB,tmall,,,,,,,,pending,
MEDIUM,三星,Samsung Galaxy Z Fold8,16GB+1TB,pdd,,,,,,,,pending,
MEDIUM,三星,Samsung Galaxy Z Flip8,12GB+256,jd,,,,,,,,pending,
MEDIUM,三星,Samsung Galaxy Z Flip8,12GB+256,tmall,,,,,,,,pending,
MEDIUM,三星,Samsung Galaxy Z Flip8,12GB+256,pdd,,,,,,,,pending,
MEDIUM,三星,Samsung Galaxy Z Flip8,12GB+512,jd,,,,,,,,pending,
MEDIUM,三星,Samsung Galaxy Z Flip8,12GB+512,tmall,,,,,,,,pending,
MEDIUM,三星,Samsung Galaxy Z Flip8,12GB+512,pdd,,,,,,,,pending,
MEDIUM,三星,Samsung Galaxy S25 Ultra,12GB+256,jd,,,,,,,,pending,
MEDIUM,三星,Samsung Galaxy S25 Ultra,12GB+256,tmall,,,,,,,,pending,
MEDIUM,三星,Samsung Galaxy S25 Ultra,12GB+256,pdd,,,,,,,,pending,
MEDIUM,三星,Samsung Galaxy S25 Ultra,16GB+1TB,jd,,,,,,,,pending,
MEDIUM,三星,Samsung Galaxy S25 Ultra,16GB+1TB,tmall,,,,,,,,pending,
MEDIUM,三星,Samsung Galaxy S25 Ultra,16GB+1TB,pdd,,,,,,,,pending,
MEDIUM,三星,Samsung Galaxy S25,12GB+256,jd,,,,,,,,pending,
MEDIUM,三星,Samsung Galaxy S25,12GB+256,tmall,,,,,,,,pending,
MEDIUM,三星,Samsung Galaxy S25,12GB+256,pdd,,,,,,,,pending,
MEDIUM,魅族,魅族 22,12GB+256,jd,,,,,,,,pending,
MEDIUM,魅族,魅族 22,12GB+256,tmall,,,,,,,,pending,
MEDIUM,魅族,魅族 22,12GB+256,pdd,,,,,,,,pending,
MEDIUM,魅族,魅族 22,12GB+512,jd,,,,,,,,pending,
MEDIUM,魅族,魅族 22,12GB+512,tmall,,,,,,,,pending,
MEDIUM,魅族,魅族 22,12GB+512,pdd,,,,,,,,pending,
MEDIUM,魅族,魅族 22,16GB+512,jd,,,,,,,,pending,
MEDIUM,魅族,魅族 22,16GB+512,tmall,,,,,,,,pending,
MEDIUM,魅族,魅族 22,16GB+512,pdd,,,,,,,,pending,
MEDIUM,魅族,魅族 22,16GB+1TB,jd,,,,,,,,pending,
MEDIUM,魅族,魅族 22,16GB+1TB,tmall,,,,,,,,pending,
MEDIUM,魅族,魅族 22,16GB+1TB,pdd,,,,,,,,pending,
MEDIUM,魅族,魅族 Note 16 Pro,12GB+256,jd,,,,,,,,pending,
MEDIUM,魅族,魅族 Note 16 Pro,12GB+256,tmall,,,,,,,,pending,
MEDIUM,魅族,魅族 Note 16 Pro,12GB+256,pdd,,,,,,,,pending,
MEDIUM,魅族,魅族 Note 16 Pro,16GB+512,jd,,,,,,,,pending,
MEDIUM,魅族,魅族 Note 16 Pro,16GB+512,tmall,,,,,,,,pending,
MEDIUM,魅族,魅族 Note 16 Pro,16GB+512,pdd,,,,,,,,pending,
MEDIUM,魅族,魅族 Note 16,8GB+128,jd,,,,,,,,pending,
MEDIUM,魅族,魅族 Note 16,8GB+128,tmall,,,,,,,,pending,
MEDIUM,魅族,魅族 Note 16,8GB+128,pdd,,,,,,,,pending,
MEDIUM,魅族,魅族 Note 16,8GB+256,jd,,,,,,,,pending,
MEDIUM,魅族,魅族 Note 16,8GB+256,tmall,,,,,,,,pending,
MEDIUM,魅族,魅族 Note 16,8GB+256,pdd,,,,,,,,pending,
MEDIUM,魅族,魅族 Note 16,12GB+256,jd,,,,,,,,pending,
MEDIUM,魅族,魅族 Note 16,12GB+256,tmall,,,,,,,,pending,
MEDIUM,魅族,魅族 Note 16,12GB+256,pdd,,,,,,,,pending,
MEDIUM,魅族,魅族 Lucky 08,8GB+256,jd,,,,,,,,pending,
MEDIUM,魅族,魅族 Lucky 08,8GB+256,tmall,,,,,,,,pending,
MEDIUM,魅族,魅族 Lucky 08,8GB+256,pdd,,,,,,,,pending,
MEDIUM,魅族,魅族 21 Note,16GB+256,jd,,,,,,,,pending,
MEDIUM,魅族,魅族 21 Note,16GB+256,tmall,,,,,,,,pending,
MEDIUM,魅族,魅族 21 Note,16GB+256,pdd,,,,,,,,pending,
MEDIUM,魅族,魅族 21 Note,16GB+512,jd,,,,,,,,pending,
MEDIUM,魅族,魅族 21 Note,16GB+512,tmall,,,,,,,,pending,
MEDIUM,魅族,魅族 21 Note,16GB+512,pdd,,,,,,,,pending,
MEDIUM,荣耀,荣耀600 Pro,12GB+512GB,jd,,,,,,,,pending,
MEDIUM,荣耀,荣耀600 Pro,12GB+512GB,tmall,,,,,,,,pending,
MEDIUM,荣耀,荣耀600 Pro,12GB+512GB,pdd,,,,,,,,pending,
HIGH,荣耀,荣耀Magic8 Pro,12GB+512GB,jd,5999.00,,,,,,,pending,
HIGH,荣耀,荣耀Magic8 Pro,12GB+512GB,tmall,5999.00,,,,,,,pending,
HIGH,荣耀,荣耀Magic8 Pro,12GB+512GB,pdd,5999.00,,,,,,,pending,
MEDIUM,荣耀,荣耀Magic8 Pro,16GB+512GB,jd,,,,,,,,pending,
MEDIUM,荣耀,荣耀Magic8 Pro,16GB+512GB,tmall,,,,,,,,pending,
MEDIUM,荣耀,荣耀Magic8 Pro,16GB+512GB,pdd,,,,,,,,pending,
MEDIUM,荣耀,荣耀Magic8 Pro,16GB+1024GB,jd,,,,,,,,pending,
MEDIUM,荣耀,荣耀Magic8 Pro,16GB+1024GB,tmall,,,,,,,,pending,
MEDIUM,荣耀,荣耀Magic8 Pro,16GB+1024GB,pdd,,,,,,,,pending,
MEDIUM,一加,一加 13,12GB+256GB,jd,,,,,,,,pending,
MEDIUM,一加,一加 13,12GB+256GB,tmall,,,,,,,,pending,
MEDIUM,一加,一加 13,12GB+256GB,pdd,,,,,,,,pending,
MEDIUM,一加,一加 13,12GB+512GB,jd,,,,,,,,pending,
MEDIUM,一加,一加 13,12GB+512GB,tmall,,,,,,,,pending,
MEDIUM,一加,一加 13,12GB+512GB,pdd,,,,,,,,pending,
MEDIUM,一加,一加 13,16GB+512GB,jd,,,,,,,,pending,
MEDIUM,一加,一加 13,16GB+512GB,tmall,,,,,,,,pending,
MEDIUM,一加,一加 13,16GB+512GB,pdd,,,,,,,,pending,
MEDIUM,一加,一加 13,24GB+1024GB,jd,,,,,,,,pending,
MEDIUM,一加,一加 13,24GB+1024GB,tmall,,,,,,,,pending,
MEDIUM,一加,一加 13,24GB+1024GB,pdd,,,,,,,,pending,
MEDIUM,一加,一加 Ace 6,12GB+256GB,jd,,,,,,,,pending,
MEDIUM,一加,一加 Ace 6,12GB+256GB,tmall,,,,,,,,pending,
MEDIUM,一加,一加 Ace 6,12GB+256GB,pdd,,,,,,,,pending,
MEDIUM,一加,一加 Ace 6,12GB+512GB,jd,,,,,,,,pending,
MEDIUM,一加,一加 Ace 6,12GB+512GB,tmall,,,,,,,,pending,
MEDIUM,一加,一加 Ace 6,12GB+512GB,pdd,,,,,,,,pending,
MEDIUM,一加,一加 Ace 6,16GB+256GB,jd,,,,,,,,pending,
MEDIUM,一加,一加 Ace 6,16GB+256GB,tmall,,,,,,,,pending,
MEDIUM,一加,一加 Ace 6,16GB+256GB,pdd,,,,,,,,pending,
MEDIUM,一加,一加 Ace 6,16GB+512GB,jd,,,,,,,,pending,
MEDIUM,一加,一加 Ace 6,16GB+512GB,tmall,,,,,,,,pending,
MEDIUM,一加,一加 Ace 6,16GB+512GB,pdd,,,,,,,,pending,
MEDIUM,一加,一加 Ace 6,16GB+1024GB,jd,,,,,,,,pending,
MEDIUM,一加,一加 Ace 6,16GB+1024GB,tmall,,,,,,,,pending,
MEDIUM,一加,一加 Ace 6,16GB+1024GB,pdd,,,,,,,,pending,
MEDIUM,一加,一加 Ace 5,12GB+256GB,jd,,,,,,,,pending,
MEDIUM,一加,一加 Ace 5,12GB+256GB,tmall,,,,,,,,pending,
MEDIUM,一加,一加 Ace 5,12GB+256GB,pdd,,,,,,,,pending,
MEDIUM,一加,一加 Ace 5,12GB+512GB,jd,,,,,,,,pending,
MEDIUM,一加,一加 Ace 5,12GB+512GB,tmall,,,,,,,,pending,
MEDIUM,一加,一加 Ace 5,12GB+512GB,pdd,,,,,,,,pending,
MEDIUM,一加,一加 Ace 5,16GB+256GB,jd,,,,,,,,pending,
MEDIUM,一加,一加 Ace 5,16GB+256GB,tmall,,,,,,,,pending,
MEDIUM,一加,一加 Ace 5,16GB+256GB,pdd,,,,,,,,pending,
MEDIUM,一加,一加 Ace 5,16GB+512GB,jd,,,,,,,,pending,
MEDIUM,一加,一加 Ace 5,16GB+512GB,tmall,,,,,,,,pending,
MEDIUM,一加,一加 Ace 5,16GB+512GB,pdd,,,,,,,,pending,
MEDIUM,一加,一加 Ace 5,16GB+1024GB,jd,,,,,,,,pending,
MEDIUM,一加,一加 Ace 5,16GB+1024GB,tmall,,,,,,,,pending,
MEDIUM,一加,一加 Ace 5,16GB+1024GB,pdd,,,,,,,,pending,
MEDIUM,Apple,iPhone 18 Pro,256,jd,,,,,,,,pending,
MEDIUM,Apple,iPhone 18 Pro,256,tmall,,,,,,,,pending,
MEDIUM,Apple,iPhone 18 Pro,256,pdd,,,,,,,,pending,
MEDIUM,Apple,iPhone 18 Pro,512,jd,,,,,,,,pending,
MEDIUM,Apple,iPhone 18 Pro,512,tmall,,,,,,,,pending,
MEDIUM,Apple,iPhone 18 Pro,512,pdd,,,,,,,,pending,
MEDIUM,Apple,iPhone 18 Pro,1TB,jd,,,,,,,,pending,
MEDIUM,Apple,iPhone 18 Pro,1TB,tmall,,,,,,,,pending,
MEDIUM,Apple,iPhone 18 Pro,1TB,pdd,,,,,,,,pending,
MEDIUM,Apple,iPhone 18 Pro,2TB,jd,,,,,,,,pending,
MEDIUM,Apple,iPhone 18 Pro,2TB,tmall,,,,,,,,pending,
MEDIUM,Apple,iPhone 18 Pro,2TB,pdd,,,,,,,,pending,
MEDIUM,Apple,iPhone Duo,256,jd,,,,,,,,pending,
MEDIUM,Apple,iPhone Duo,256,tmall,,,,,,,,pending,
MEDIUM,Apple,iPhone Duo,256,pdd,,,,,,,,pending,
MEDIUM,Apple,iPhone Duo,512,jd,,,,,,,,pending,
MEDIUM,Apple,iPhone Duo,512,tmall,,,,,,,,pending,
MEDIUM,Apple,iPhone Duo,512,pdd,,,,,,,,pending,
MEDIUM,Apple,iPhone Duo,1TB,jd,,,,,,,,pending,
MEDIUM,Apple,iPhone Duo,1TB,tmall,,,,,,,,pending,
MEDIUM,Apple,iPhone Duo,1TB,pdd,,,,,,,,pending,
MEDIUM,华为,HUAWEI Mate 70 Pro+,512,jd,,,,,,,,pending,
MEDIUM,华为,HUAWEI Mate 70 Pro+,512,tmall,,,,,,,,pending,
MEDIUM,华为,HUAWEI Mate 70 Pro+,512,pdd,,,,,,,,pending,
MEDIUM,华为,HUAWEI Mate 70 Pro+,1TB,jd,,,,,,,,pending,
MEDIUM,华为,HUAWEI Mate 70 Pro+,1TB,tmall,,,,,,,,pending,
MEDIUM,华为,HUAWEI Mate 70 Pro+,1TB,pdd,,,,,,,,pending,
MEDIUM,华为,HUAWEI Mate 70 RS 非凡大师,512,jd,,,,,,,,pending,
MEDIUM,华为,HUAWEI Mate 70 RS 非凡大师,512,tmall,,,,,,,,pending,
MEDIUM,华为,HUAWEI Mate 70 RS 非凡大师,512,pdd,,,,,,,,pending,
MEDIUM,华为,HUAWEI Mate 70 RS 非凡大师,1TB,jd,,,,,,,,pending,
MEDIUM,华为,HUAWEI Mate 70 RS 非凡大师,1TB,tmall,,,,,,,,pending,
MEDIUM,华为,HUAWEI Mate 70 RS 非凡大师,1TB,pdd,,,,,,,,pending,
MEDIUM,华为,HUAWEI Mate X6,12GB+256,jd,,,,,,,,pending,
MEDIUM,华为,HUAWEI Mate X6,12GB+256,tmall,,,,,,,,pending,
MEDIUM,华为,HUAWEI Mate X6,12GB+256,pdd,,,,,,,,pending,
MEDIUM,华为,HUAWEI Mate X6,12GB+512,jd,,,,,,,,pending,
MEDIUM,华为,HUAWEI Mate X6,12GB+512,tmall,,,,,,,,pending,
MEDIUM,华为,HUAWEI Mate X6,12GB+512,pdd,,,,,,,,pending,
MEDIUM,华为,HUAWEI Mate X6,16GB+512,jd,,,,,,,,pending,
MEDIUM,华为,HUAWEI Mate X6,16GB+512,tmall,,,,,,,,pending,
MEDIUM,华为,HUAWEI Mate X6,16GB+512,pdd,,,,,,,,pending,
MEDIUM,华为,HUAWEI Mate X6,16GB+1TB,jd,,,,,,,,pending,
MEDIUM,华为,HUAWEI Mate X6,16GB+1TB,tmall,,,,,,,,pending,
MEDIUM,华为,HUAWEI Mate X6,16GB+1TB,pdd,,,,,,,,pending,
MEDIUM,华为,HUAWEI Mate XT 非凡大师,256,jd,,,,,,,,pending,
MEDIUM,华为,HUAWEI Mate XT 非凡大师,256,tmall,,,,,,,,pending,
MEDIUM,华为,HUAWEI Mate XT 非凡大师,256,pdd,,,,,,,,pending,
MEDIUM,华为,HUAWEI Mate XT 非凡大师,512,jd,,,,,,,,pending,
MEDIUM,华为,HUAWEI Mate XT 非凡大师,512,tmall,,,,,,,,pending,
MEDIUM,华为,HUAWEI Mate XT 非凡大师,512,pdd,,,,,,,,pending,
MEDIUM,华为,HUAWEI Mate XT 非凡大师,1TB,jd,,,,,,,,pending,
MEDIUM,华为,HUAWEI Mate XT 非凡大师,1TB,tmall,,,,,,,,pending,
MEDIUM,华为,HUAWEI Mate XT 非凡大师,1TB,pdd,,,,,,,,pending,
MEDIUM,华为,HUAWEI Pura 80,256,jd,,,,,,,,pending,
MEDIUM,华为,HUAWEI Pura 80,256,tmall,,,,,,,,pending,
MEDIUM,华为,HUAWEI Pura 80,256,pdd,,,,,,,,pending,
MEDIUM,华为,HUAWEI Pura 80,512,jd,,,,,,,,pending,
MEDIUM,华为,HUAWEI Pura 80,512,tmall,,,,,,,,pending,
MEDIUM,华为,HUAWEI Pura 80,512,pdd,,,,,,,,pending,
MEDIUM,华为,HUAWEI Pura 80,1TB,jd,,,,,,,,pending,
MEDIUM,华为,HUAWEI Pura 80,1TB,tmall,,,,,,,,pending,
MEDIUM,华为,HUAWEI Pura 80,1TB,pdd,,,,,,,,pending,
MEDIUM,华为,HUAWEI Pura 80 Pro,256,jd,,,,,,,,pending,
MEDIUM,华为,HUAWEI Pura 80 Pro,256,tmall,,,,,,,,pending,
MEDIUM,华为,HUAWEI Pura 80 Pro,256,pdd,,,,,,,,pending,
MEDIUM,华为,HUAWEI Pura 80 Pro,512,jd,,,,,,,,pending,
MEDIUM,华为,HUAWEI Pura 80 Pro,512,tmall,,,,,,,,pending,
MEDIUM,华为,HUAWEI Pura 80 Pro,512,pdd,,,,,,,,pending,
MEDIUM,华为,HUAWEI Pura 80 Pro,1TB,jd,,,,,,,,pending,
MEDIUM,华为,HUAWEI Pura 80 Pro,1TB,tmall,,,,,,,,pending,
MEDIUM,华为,HUAWEI Pura 80 Pro,1TB,pdd,,,,,,,,pending,
MEDIUM,华为,HUAWEI Pura 80 Pro+,512,jd,,,,,,,,pending,
MEDIUM,华为,HUAWEI Pura 80 Pro+,512,tmall,,,,,,,,pending,
MEDIUM,华为,HUAWEI Pura 80 Pro+,512,pdd,,,,,,,,pending,
MEDIUM,华为,HUAWEI Pura 80 Pro+,1TB,jd,,,,,,,,pending,
MEDIUM,华为,HUAWEI Pura 80 Pro+,1TB,tmall,,,,,,,,pending,
MEDIUM,华为,HUAWEI Pura 80 Pro+,1TB,pdd,,,,,,,,pending,
MEDIUM,华为,HUAWEI Pura X,12GB+256,jd,,,,,,,,pending,
MEDIUM,华为,HUAWEI Pura X,12GB+256,tmall,,,,,,,,pending,
MEDIUM,华为,HUAWEI Pura X,12GB+256,pdd,,,,,,,,pending,
MEDIUM,华为,HUAWEI Pura X,12GB+512,jd,,,,,,,,pending,
MEDIUM,华为,HUAWEI Pura X,12GB+512,tmall,,,,,,,,pending,
MEDIUM,华为,HUAWEI Pura X,12GB+512,pdd,,,,,,,,pending,
MEDIUM,华为,HUAWEI Pura X,16GB+512,jd,,,,,,,,pending,
MEDIUM,华为,HUAWEI Pura X,16GB+512,tmall,,,,,,,,pending,
MEDIUM,华为,HUAWEI Pura X,16GB+512,pdd,,,,,,,,pending,
MEDIUM,华为,HUAWEI Pura X,16GB+1TB,jd,,,,,,,,pending,
MEDIUM,华为,HUAWEI Pura X,16GB+1TB,tmall,,,,,,,,pending,
MEDIUM,华为,HUAWEI Pura X,16GB+1TB,pdd,,,,,,,,pending,
MEDIUM,OPPO,OPPO Find N5,16GB+512,jd,,,,,,,,pending,
MEDIUM,OPPO,OPPO Find N5,16GB+512,tmall,,,,,,,,pending,
MEDIUM,OPPO,OPPO Find N5,16GB+512,pdd,,,,,,,,pending,
MEDIUM,OPPO,OPPO Find N5,12GB+256,jd,,,,,,,,pending,
MEDIUM,OPPO,OPPO Find N5,12GB+256,tmall,,,,,,,,pending,
MEDIUM,OPPO,OPPO Find N5,12GB+256,pdd,,,,,,,,pending,
MEDIUM,OPPO,OPPO Find N6,12GB+256,jd,,,,,,,,pending,
MEDIUM,OPPO,OPPO Find N6,12GB+256,tmall,,,,,,,,pending,
MEDIUM,OPPO,OPPO Find N6,12GB+256,pdd,,,,,,,,pending,
MEDIUM,OPPO,OPPO Find N6,16GB+512,jd,,,,,,,,pending,
MEDIUM,OPPO,OPPO Find N6,16GB+512,tmall,,,,,,,,pending,
MEDIUM,OPPO,OPPO Find N6,16GB+512,pdd,,,,,,,,pending,
MEDIUM,OPPO,OPPO Find X8,12GB+256,jd,,,,,,,,pending,
MEDIUM,OPPO,OPPO Find X8,12GB+256,tmall,,,,,,,,pending,
MEDIUM,OPPO,OPPO Find X8,12GB+256,pdd,,,,,,,,pending,
MEDIUM,OPPO,OPPO Find X8,12GB+512,jd,,,,,,,,pending,
MEDIUM,OPPO,OPPO Find X8,12GB+512,tmall,,,,,,,,pending,
MEDIUM,OPPO,OPPO Find X8,12GB+512,pdd,,,,,,,,pending,
MEDIUM,OPPO,OPPO Find X8,16GB+256,jd,,,,,,,,pending,
MEDIUM,OPPO,OPPO Find X8,16GB+256,tmall,,,,,,,,pending,
MEDIUM,OPPO,OPPO Find X8,16GB+256,pdd,,,,,,,,pending,
MEDIUM,OPPO,OPPO Find X8,16GB+512,jd,,,,,,,,pending,
MEDIUM,OPPO,OPPO Find X8,16GB+512,tmall,,,,,,,,pending,
MEDIUM,OPPO,OPPO Find X8,16GB+512,pdd,,,,,,,,pending,
MEDIUM,OPPO,OPPO Find X8,16GB+1TB,jd,,,,,,,,pending,
MEDIUM,OPPO,OPPO Find X8,16GB+1TB,tmall,,,,,,,,pending,
MEDIUM,OPPO,OPPO Find X8,16GB+1TB,pdd,,,,,,,,pending,
MEDIUM,OPPO,OPPO Find X8 Pro,12GB+256,jd,,,,,,,,pending,
MEDIUM,OPPO,OPPO Find X8 Pro,12GB+256,tmall,,,,,,,,pending,
MEDIUM,OPPO,OPPO Find X8 Pro,12GB+256,pdd,,,,,,,,pending,
MEDIUM,OPPO,OPPO Find X8 Pro,12GB+512,jd,,,,,,,,pending,
MEDIUM,OPPO,OPPO Find X8 Pro,12GB+512,tmall,,,,,,,,pending,
MEDIUM,OPPO,OPPO Find X8 Pro,12GB+512,pdd,,,,,,,,pending,
MEDIUM,OPPO,OPPO Find X8 Pro,16GB+512,jd,,,,,,,,pending,
MEDIUM,OPPO,OPPO Find X8 Pro,16GB+512,tmall,,,,,,,,pending,
MEDIUM,OPPO,OPPO Find X8 Pro,16GB+512,pdd,,,,,,,,pending,
MEDIUM,OPPO,OPPO Find X8 Pro,16GB+1TB,jd,,,,,,,,pending,
MEDIUM,OPPO,OPPO Find X8 Pro,16GB+1TB,tmall,,,,,,,,pending,
MEDIUM,OPPO,OPPO Find X8 Pro,16GB+1TB,pdd,,,,,,,,pending,
MEDIUM,OPPO,OPPO Find X8 Pro 卫星通信版,16GB+1TB,jd,,,,,,,,pending,
MEDIUM,OPPO,OPPO Find X8 Pro 卫星通信版,16GB+1TB,tmall,,,,,,,,pending,
MEDIUM,OPPO,OPPO Find X8 Pro 卫星通信版,16GB+1TB,pdd,,,,,,,,pending,
MEDIUM,OPPO,OPPO Find X8s,12GB+256,jd,,,,,,,,pending,
MEDIUM,OPPO,OPPO Find X8s,12GB+256,tmall,,,,,,,,pending,
MEDIUM,OPPO,OPPO Find X8s,12GB+256,pdd,,,,,,,,pending,
MEDIUM,OPPO,OPPO Find X8s,12GB+512,jd,,,,,,,,pending,
MEDIUM,OPPO,OPPO Find X8s,12GB+512,tmall,,,,,,,,pending,
MEDIUM,OPPO,OPPO Find X8s,12GB+512,pdd,,,,,,,,pending,
MEDIUM,OPPO,OPPO Find X8s,16GB+256,jd,,,,,,,,pending,
MEDIUM,OPPO,OPPO Find X8s,16GB+256,tmall,,,,,,,,pending,
MEDIUM,OPPO,OPPO Find X8s,16GB+256,pdd,,,,,,,,pending,
MEDIUM,OPPO,OPPO Find X8s,16GB+512,jd,,,,,,,,pending,
MEDIUM,OPPO,OPPO Find X8s,16GB+512,tmall,,,,,,,,pending,
MEDIUM,OPPO,OPPO Find X8s,16GB+512,pdd,,,,,,,,pending,
MEDIUM,OPPO,OPPO Find X8s+,16GB+1TB,jd,,,,,,,,pending,
MEDIUM,OPPO,OPPO Find X8s+,16GB+1TB,tmall,,,,,,,,pending,
MEDIUM,OPPO,OPPO Find X8s+,16GB+1TB,pdd,,,,,,,,pending,
MEDIUM,OPPO,OPPO Find X8s+,16GB+512,jd,,,,,,,,pending,
MEDIUM,OPPO,OPPO Find X8s+,16GB+512,tmall,,,,,,,,pending,
MEDIUM,OPPO,OPPO Find X8s+,16GB+512,pdd,,,,,,,,pending,
MEDIUM,OPPO,OPPO Find X8s+,12GB+512,jd,,,,,,,,pending,
MEDIUM,OPPO,OPPO Find X8s+,12GB+512,tmall,,,,,,,,pending,
MEDIUM,OPPO,OPPO Find X8s+,12GB+512,pdd,,,,,,,,pending,
MEDIUM,OPPO,OPPO Find X8s+,12GB+256,jd,,,,,,,,pending,
MEDIUM,OPPO,OPPO Find X8s+,12GB+256,tmall,,,,,,,,pending,
MEDIUM,OPPO,OPPO Find X8s+,12GB+256,pdd,,,,,,,,pending,
MEDIUM,OPPO,OPPO Find X8 Ultra,12GB+256,jd,,,,,,,,pending,
MEDIUM,OPPO,OPPO Find X8 Ultra,12GB+256,tmall,,,,,,,,pending,
MEDIUM,OPPO,OPPO Find X8 Ultra,12GB+256,pdd,,,,,,,,pending,
MEDIUM,OPPO,OPPO Find X8 Ultra,16GB+512,jd,,,,,,,,pending,
MEDIUM,OPPO,OPPO Find X8 Ultra,16GB+512,tmall,,,,,,,,pending,
MEDIUM,OPPO,OPPO Find X8 Ultra,16GB+512,pdd,,,,,,,,pending,
MEDIUM,OPPO,OPPO Find X9 Pro 卫星通信版,12GB+512,jd,,,,,,,,pending,
MEDIUM,OPPO,OPPO Find X9 Pro 卫星通信版,12GB+512,tmall,,,,,,,,pending,
MEDIUM,OPPO,OPPO Find X9 Pro 卫星通信版,12GB+512,pdd,,,,,,,,pending,
MEDIUM,OPPO,OPPO Find X9 Pro 卫星通信版,16GB+1TB,jd,,,,,,,,pending,
MEDIUM,OPPO,OPPO Find X9 Pro 卫星通信版,16GB+1TB,tmall,,,,,,,,pending,
MEDIUM,OPPO,OPPO Find X9 Pro 卫星通信版,16GB+1TB,pdd,,,,,,,,pending,
MEDIUM,OPPO,OPPO Reno13,12GB+256,jd,,,,,,,,pending,
MEDIUM,OPPO,OPPO Reno13,12GB+256,tmall,,,,,,,,pending,
MEDIUM,OPPO,OPPO Reno13,12GB+256,pdd,,,,,,,,pending,
MEDIUM,OPPO,OPPO Reno13,12GB+512,jd,,,,,,,,pending,
MEDIUM,OPPO,OPPO Reno13,12GB+512,tmall,,,,,,,,pending,
MEDIUM,OPPO,OPPO Reno13,12GB+512,pdd,,,,,,,,pending,
MEDIUM,OPPO,OPPO Reno13,16GB+256,jd,,,,,,,,pending,
MEDIUM,OPPO,OPPO Reno13,16GB+256,tmall,,,,,,,,pending,
MEDIUM,OPPO,OPPO Reno13,16GB+256,pdd,,,,,,,,pending,
MEDIUM,OPPO,OPPO Reno13,16GB+512,jd,,,,,,,,pending,
MEDIUM,OPPO,OPPO Reno13,16GB+512,tmall,,,,,,,,pending,
MEDIUM,OPPO,OPPO Reno13,16GB+512,pdd,,,,,,,,pending,
MEDIUM,OPPO,OPPO Reno13,16GB+1TB,jd,,,,,,,,pending,
MEDIUM,OPPO,OPPO Reno13,16GB+1TB,tmall,,,,,,,,pending,
MEDIUM,OPPO,OPPO Reno13,16GB+1TB,pdd,,,,,,,,pending,
MEDIUM,OPPO,OPPO Reno13 Pro,12GB+256,jd,,,,,,,,pending,
MEDIUM,OPPO,OPPO Reno13 Pro,12GB+256,tmall,,,,,,,,pending,
MEDIUM,OPPO,OPPO Reno13 Pro,12GB+256,pdd,,,,,,,,pending,
MEDIUM,OPPO,OPPO Reno13 Pro,12GB+512,jd,,,,,,,,pending,
MEDIUM,OPPO,OPPO Reno13 Pro,12GB+512,tmall,,,,,,,,pending,
MEDIUM,OPPO,OPPO Reno13 Pro,12GB+512,pdd,,,,,,,,pending,
MEDIUM,OPPO,OPPO Reno13 Pro,16GB+512,jd,,,,,,,,pending,
MEDIUM,OPPO,OPPO Reno13 Pro,16GB+512,tmall,,,,,,,,pending,
MEDIUM,OPPO,OPPO Reno13 Pro,16GB+512,pdd,,,,,,,,pending,
MEDIUM,OPPO,OPPO Reno13 Pro,16GB+1TB,jd,,,,,,,,pending,
MEDIUM,OPPO,OPPO Reno13 Pro,16GB+1TB,tmall,,,,,,,,pending,
MEDIUM,OPPO,OPPO Reno13 Pro,16GB+1TB,pdd,,,,,,,,pending,
MEDIUM,OPPO,OPPO Reno14,12GB+256,jd,,,,,,,,pending,
MEDIUM,OPPO,OPPO Reno14,12GB+256,tmall,,,,,,,,pending,
MEDIUM,OPPO,OPPO Reno14,12GB+256,pdd,,,,,,,,pending,
MEDIUM,OPPO,OPPO Reno14,12GB+512,jd,,,,,,,,pending,
MEDIUM,OPPO,OPPO Reno14,12GB+512,tmall,,,,,,,,pending,
MEDIUM,OPPO,OPPO Reno14,12GB+512,pdd,,,,,,,,pending,
MEDIUM,OPPO,OPPO Reno14,16GB+256,jd,,,,,,,,pending,
MEDIUM,OPPO,OPPO Reno14,16GB+256,tmall,,,,,,,,pending,
MEDIUM,OPPO,OPPO Reno14,16GB+256,pdd,,,,,,,,pending,
MEDIUM,OPPO,OPPO Reno14,16GB+512,jd,,,,,,,,pending,
MEDIUM,OPPO,OPPO Reno14,16GB+512,tmall,,,,,,,,pending,
MEDIUM,OPPO,OPPO Reno14,16GB+512,pdd,,,,,,,,pending,
MEDIUM,OPPO,OPPO Reno14,16GB+1TB,jd,,,,,,,,pending,
MEDIUM,OPPO,OPPO Reno14,16GB+1TB,tmall,,,,,,,,pending,
MEDIUM,OPPO,OPPO Reno14,16GB+1TB,pdd,,,,,,,,pending,
MEDIUM,OPPO,OPPO Reno14 Pro,12GB+256,jd,,,,,,,,pending,
MEDIUM,OPPO,OPPO Reno14 Pro,12GB+256,tmall,,,,,,,,pending,
MEDIUM,OPPO,OPPO Reno14 Pro,12GB+256,pdd,,,,,,,,pending,
MEDIUM,OPPO,OPPO Reno14 Pro,12GB+512,jd,,,,,,,,pending,
MEDIUM,OPPO,OPPO Reno14 Pro,12GB+512,tmall,,,,,,,,pending,
MEDIUM,OPPO,OPPO Reno14 Pro,12GB+512,pdd,,,,,,,,pending,
MEDIUM,OPPO,OPPO Reno14 Pro,16GB+512,jd,,,,,,,,pending,
MEDIUM,OPPO,OPPO Reno14 Pro,16GB+512,tmall,,,,,,,,pending,
MEDIUM,OPPO,OPPO Reno14 Pro,16GB+512,pdd,,,,,,,,pending,
MEDIUM,OPPO,OPPO Reno14 Pro,16GB+1TB,jd,,,,,,,,pending,
MEDIUM,OPPO,OPPO Reno14 Pro,16GB+1TB,tmall,,,,,,,,pending,
MEDIUM,OPPO,OPPO Reno14 Pro,16GB+1TB,pdd,,,,,,,,pending,
MEDIUM,OPPO,OPPO Reno15,12GB+256,jd,,,,,,,,pending,
MEDIUM,OPPO,OPPO Reno15,12GB+256,tmall,,,,,,,,pending,
MEDIUM,OPPO,OPPO Reno15,12GB+256,pdd,,,,,,,,pending,
MEDIUM,OPPO,OPPO Reno15,12GB+512,jd,,,,,,,,pending,
MEDIUM,OPPO,OPPO Reno15,12GB+512,tmall,,,,,,,,pending,
MEDIUM,OPPO,OPPO Reno15,12GB+512,pdd,,,,,,,,pending,
MEDIUM,OPPO,OPPO Reno15,16GB+256,jd,,,,,,,,pending,
MEDIUM,OPPO,OPPO Reno15,16GB+256,tmall,,,,,,,,pending,
MEDIUM,OPPO,OPPO Reno15,16GB+256,pdd,,,,,,,,pending,
MEDIUM,OPPO,OPPO Reno15,16GB+512,jd,,,,,,,,pending,
MEDIUM,OPPO,OPPO Reno15,16GB+512,tmall,,,,,,,,pending,
MEDIUM,OPPO,OPPO Reno15,16GB+512,pdd,,,,,,,,pending,
MEDIUM,OPPO,OPPO Reno15,16GB+1TB,jd,,,,,,,,pending,
MEDIUM,OPPO,OPPO Reno15,16GB+1TB,tmall,,,,,,,,pending,
MEDIUM,OPPO,OPPO Reno15,16GB+1TB,pdd,,,,,,,,pending,
MEDIUM,OPPO,OPPO Reno15 Pro,12GB+256,jd,,,,,,,,pending,
MEDIUM,OPPO,OPPO Reno15 Pro,12GB+256,tmall,,,,,,,,pending,
MEDIUM,OPPO,OPPO Reno15 Pro,12GB+256,pdd,,,,,,,,pending,
MEDIUM,OPPO,OPPO Reno15 Pro,12GB+512,jd,,,,,,,,pending,
MEDIUM,OPPO,OPPO Reno15 Pro,12GB+512,tmall,,,,,,,,pending,
MEDIUM,OPPO,OPPO Reno15 Pro,12GB+512,pdd,,,,,,,,pending,
MEDIUM,OPPO,OPPO Reno15 Pro,16GB+512,jd,,,,,,,,pending,
MEDIUM,OPPO,OPPO Reno15 Pro,16GB+512,tmall,,,,,,,,pending,
MEDIUM,OPPO,OPPO Reno15 Pro,16GB+512,pdd,,,,,,,,pending,
MEDIUM,OPPO,OPPO Reno15 Pro,16GB+1TB,jd,,,,,,,,pending,
MEDIUM,OPPO,OPPO Reno15 Pro,16GB+1TB,tmall,,,,,,,,pending,
MEDIUM,OPPO,OPPO Reno15 Pro,16GB+1TB,pdd,,,,,,,,pending,
MEDIUM,OPPO,OPPO Reno15c,12GB+256,jd,,,,,,,,pending,
MEDIUM,OPPO,OPPO Reno15c,12GB+256,tmall,,,,,,,,pending,
MEDIUM,OPPO,OPPO Reno15c,12GB+256,pdd,,,,,,,,pending,
MEDIUM,OPPO,OPPO Reno15c,12GB+512,jd,,,,,,,,pending,
MEDIUM,OPPO,OPPO Reno15c,12GB+512,tmall,,,,,,,,pending,
MEDIUM,OPPO,OPPO Reno15c,12GB+512,pdd,,,,,,,,pending,
MEDIUM,OPPO,OPPO K12 Plus,8GB+256,jd,,,,,,,,pending,
MEDIUM,OPPO,OPPO K12 Plus,8GB+256,tmall,,,,,,,,pending,
MEDIUM,OPPO,OPPO K12 Plus,8GB+256,pdd,,,,,,,,pending,
MEDIUM,OPPO,OPPO K12 Plus,12GB+256,jd,,,,,,,,pending,
MEDIUM,OPPO,OPPO K12 Plus,12GB+256,tmall,,,,,,,,pending,
MEDIUM,OPPO,OPPO K12 Plus,12GB+256,pdd,,,,,,,,pending,
MEDIUM,OPPO,OPPO K12 Plus,12GB+512,jd,,,,,,,,pending,
MEDIUM,OPPO,OPPO K12 Plus,12GB+512,tmall,,,,,,,,pending,
MEDIUM,OPPO,OPPO K12 Plus,12GB+512,pdd,,,,,,,,pending,
MEDIUM,OPPO,OPPO K12s,8GB+128,jd,,,,,,,,pending,
MEDIUM,OPPO,OPPO K12s,8GB+128,tmall,,,,,,,,pending,
MEDIUM,OPPO,OPPO K12s,8GB+128,pdd,,,,,,,,pending,
MEDIUM,OPPO,OPPO K12s,8GB+256,jd,,,,,,,,pending,
MEDIUM,OPPO,OPPO K12s,8GB+256,tmall,,,,,,,,pending,
MEDIUM,OPPO,OPPO K12s,8GB+256,pdd,,,,,,,,pending,
MEDIUM,OPPO,OPPO K12s,12GB+256,jd,,,,,,,,pending,
MEDIUM,OPPO,OPPO K12s,12GB+256,tmall,,,,,,,,pending,
MEDIUM,OPPO,OPPO K12s,12GB+256,pdd,,,,,,,,pending,
MEDIUM,OPPO,OPPO K12s,12GB+512,jd,,,,,,,,pending,
MEDIUM,OPPO,OPPO K12s,12GB+512,tmall,,,,,,,,pending,
MEDIUM,OPPO,OPPO K12s,12GB+512,pdd,,,,,,,,pending,
MEDIUM,OPPO,OPPO K13 Turbo,12GB+256,jd,,,,,,,,pending,
MEDIUM,OPPO,OPPO K13 Turbo,12GB+256,tmall,,,,,,,,pending,
MEDIUM,OPPO,OPPO K13 Turbo,12GB+256,pdd,,,,,,,,pending,
MEDIUM,OPPO,OPPO K13 Turbo,12GB+512,jd,,,,,,,,pending,
MEDIUM,OPPO,OPPO K13 Turbo,12GB+512,tmall,,,,,,,,pending,
MEDIUM,OPPO,OPPO K13 Turbo,12GB+512,pdd,,,,,,,,pending,
MEDIUM,OPPO,OPPO K13 Turbo,16GB+256,jd,,,,,,,,pending,
MEDIUM,OPPO,OPPO K13 Turbo,16GB+256,tmall,,,,,,,,pending,
MEDIUM,OPPO,OPPO K13 Turbo,16GB+256,pdd,,,,,,,,pending,
MEDIUM,OPPO,OPPO K13 Turbo Pro,12GB+256,jd,,,,,,,,pending,
MEDIUM,OPPO,OPPO K13 Turbo Pro,12GB+256,tmall,,,,,,,,pending,
MEDIUM,OPPO,OPPO K13 Turbo Pro,12GB+256,pdd,,,,,,,,pending,
MEDIUM,OPPO,OPPO K13 Turbo Pro,12GB+512,jd,,,,,,,,pending,
MEDIUM,OPPO,OPPO K13 Turbo Pro,12GB+512,tmall,,,,,,,,pending,
MEDIUM,OPPO,OPPO K13 Turbo Pro,12GB+512,pdd,,,,,,,,pending,
MEDIUM,OPPO,OPPO K13 Turbo Pro,16GB+256,jd,,,,,,,,pending,
MEDIUM,OPPO,OPPO K13 Turbo Pro,16GB+256,tmall,,,,,,,,pending,
MEDIUM,OPPO,OPPO K13 Turbo Pro,16GB+256,pdd,,,,,,,,pending,
MEDIUM,OPPO,OPPO K13 Turbo Pro,16GB+512,jd,,,,,,,,pending,
MEDIUM,OPPO,OPPO K13 Turbo Pro,16GB+512,tmall,,,,,,,,pending,
MEDIUM,OPPO,OPPO K13 Turbo Pro,16GB+512,pdd,,,,,,,,pending,
MEDIUM,OPPO,OPPO K15 Pro+,12GB+256,jd,,,,,,,,pending,
MEDIUM,OPPO,OPPO K15 Pro+,12GB+256,tmall,,,,,,,,pending,
MEDIUM,OPPO,OPPO K15 Pro+,12GB+256,pdd,,,,,,,,pending,
MEDIUM,OPPO,OPPO K15 Pro+,12GB+512,jd,,,,,,,,pending,
MEDIUM,OPPO,OPPO K15 Pro+,12GB+512,tmall,,,,,,,,pending,
MEDIUM,OPPO,OPPO K15 Pro+,12GB+512,pdd,,,,,,,,pending,
MEDIUM,OPPO,OPPO A5,8GB+128,jd,,,,,,,,pending,
MEDIUM,OPPO,OPPO A5,8GB+128,tmall,,,,,,,,pending,
MEDIUM,OPPO,OPPO A5,8GB+128,pdd,,,,,,,,pending,
MEDIUM,OPPO,OPPO A5,8GB+256,jd,,,,,,,,pending,
MEDIUM,OPPO,OPPO A5,8GB+256,tmall,,,,,,,,pending,
MEDIUM,OPPO,OPPO A5,8GB+256,pdd,,,,,,,,pending,
MEDIUM,OPPO,OPPO A5,12GB+256,jd,,,,,,,,pending,
MEDIUM,OPPO,OPPO A5,12GB+256,tmall,,,,,,,,pending,
MEDIUM,OPPO,OPPO A5,12GB+256,pdd,,,,,,,,pending,
MEDIUM,OPPO,OPPO A5,12GB+512,jd,,,,,,,,pending,
MEDIUM,OPPO,OPPO A5,12GB+512,tmall,,,,,,,,pending,
MEDIUM,OPPO,OPPO A5,12GB+512,pdd,,,,,,,,pending,
MEDIUM,OPPO,OPPO A5 Pro,8GB+256,jd,,,,,,,,pending,
MEDIUM,OPPO,OPPO A5 Pro,8GB+256,tmall,,,,,,,,pending,
MEDIUM,OPPO,OPPO A5 Pro,8GB+256,pdd,,,,,,,,pending,
MEDIUM,OPPO,OPPO A5 Pro,8GB+512,jd,,,,,,,,pending,
MEDIUM,OPPO,OPPO A5 Pro,8GB+512,tmall,,,,,,,,pending,
MEDIUM,OPPO,OPPO A5 Pro,8GB+512,pdd,,,,,,,,pending,
MEDIUM,OPPO,OPPO A5 Pro,12GB+256,jd,,,,,,,,pending,
MEDIUM,OPPO,OPPO A5 Pro,12GB+256,tmall,,,,,,,,pending,
MEDIUM,OPPO,OPPO A5 Pro,12GB+256,pdd,,,,,,,,pending,
MEDIUM,OPPO,OPPO A5 Pro,12GB+512,jd,,,,,,,,pending,
MEDIUM,OPPO,OPPO A5 Pro,12GB+512,tmall,,,,,,,,pending,
MEDIUM,OPPO,OPPO A5 Pro,12GB+512,pdd,,,,,,,,pending,
MEDIUM,OPPO,OPPO A5 活力版,8GB+256,jd,,,,,,,,pending,
MEDIUM,OPPO,OPPO A5 活力版,8GB+256,tmall,,,,,,,,pending,
MEDIUM,OPPO,OPPO A5 活力版,8GB+256,pdd,,,,,,,,pending,
MEDIUM,OPPO,OPPO A5 活力版,12GB+256,jd,,,,,,,,pending,
MEDIUM,OPPO,OPPO A5 活力版,12GB+256,tmall,,,,,,,,pending,
MEDIUM,OPPO,OPPO A5 活力版,12GB+256,pdd,,,,,,,,pending,
MEDIUM,OPPO,OPPO A5 活力版,12GB+512,jd,,,,,,,,pending,
MEDIUM,OPPO,OPPO A5 活力版,12GB+512,tmall,,,,,,,,pending,
MEDIUM,OPPO,OPPO A5 活力版,12GB+512,pdd,,,,,,,,pending,
MEDIUM,OPPO,OPPO A5m,6GB+128,jd,,,,,,,,pending,
MEDIUM,OPPO,OPPO A5m,6GB+128,tmall,,,,,,,,pending,
MEDIUM,OPPO,OPPO A5m,6GB+128,pdd,,,,,,,,pending,
MEDIUM,OPPO,OPPO A5m,8GB+256,jd,,,,,,,,pending,
MEDIUM,OPPO,OPPO A5m,8GB+256,tmall,,,,,,,,pending,
MEDIUM,OPPO,OPPO A5m,8GB+256,pdd,,,,,,,,pending,
MEDIUM,OPPO,OPPO A5x,6GB+128,jd,,,,,,,,pending,
MEDIUM,OPPO,OPPO A5x,6GB+128,tmall,,,,,,,,pending,
MEDIUM,OPPO,OPPO A5x,6GB+128,pdd,,,,,,,,pending,
MEDIUM,OPPO,OPPO A5x,8GB+256,jd,,,,,,,,pending,
MEDIUM,OPPO,OPPO A5x,8GB+256,tmall,,,,,,,,pending,
MEDIUM,OPPO,OPPO A5x,8GB+256,pdd,,,,,,,,pending,
MEDIUM,OPPO,OPPO A5x,12GB+256,jd,,,,,,,,pending,
MEDIUM,OPPO,OPPO A5x,12GB+256,tmall,,,,,,,,pending,
MEDIUM,OPPO,OPPO A5x,12GB+256,pdd,,,,,,,,pending,
MEDIUM,OPPO,OPPO A6,8GB+256,jd,,,,,,,,pending,
MEDIUM,OPPO,OPPO A6,8GB+256,tmall,,,,,,,,pending,
MEDIUM,OPPO,OPPO A6,8GB+256,pdd,,,,,,,,pending,
MEDIUM,OPPO,OPPO A6,12GB+256,jd,,,,,,,,pending,
MEDIUM,OPPO,OPPO A6,12GB+256,tmall,,,,,,,,pending,
MEDIUM,OPPO,OPPO A6,12GB+256,pdd,,,,,,,,pending,
MEDIUM,OPPO,OPPO A6,12GB+512,jd,,,,,,,,pending,
MEDIUM,OPPO,OPPO A6,12GB+512,tmall,,,,,,,,pending,
MEDIUM,OPPO,OPPO A6,12GB+512,pdd,,,,,,,,pending,
MEDIUM,OPPO,OPPO A6 Pro,8GB+256,jd,,,,,,,,pending,
MEDIUM,OPPO,OPPO A6 Pro,8GB+256,tmall,,,,,,,,pending,
MEDIUM,OPPO,OPPO A6 Pro,8GB+256,pdd,,,,,,,,pending,
MEDIUM,OPPO,OPPO A6 Pro,12GB+256,jd,,,,,,,,pending,
MEDIUM,OPPO,OPPO A6 Pro,12GB+256,tmall,,,,,,,,pending,
MEDIUM,OPPO,OPPO A6 Pro,12GB+256,pdd,,,,,,,,pending,
MEDIUM,OPPO,OPPO A6 Pro,16GB+256,jd,,,,,,,,pending,
MEDIUM,OPPO,OPPO A6 Pro,16GB+256,tmall,,,,,,,,pending,
MEDIUM,OPPO,OPPO A6 Pro,16GB+256,pdd,,,,,,,,pending,
MEDIUM,OPPO,OPPO A6 Pro,16GB+512,jd,,,,,,,,pending,
MEDIUM,OPPO,OPPO A6 Pro,16GB+512,tmall,,,,,,,,pending,
MEDIUM,OPPO,OPPO A6 Pro,16GB+512,pdd,,,,,,,,pending,
MEDIUM,OPPO,OPPO A6k,8GB+256,jd,,,,,,,,pending,
MEDIUM,OPPO,OPPO A6k,8GB+256,tmall,,,,,,,,pending,
MEDIUM,OPPO,OPPO A6k,8GB+256,pdd,,,,,,,,pending,
MEDIUM,OPPO,OPPO A6k,8GB+512,jd,,,,,,,,pending,
MEDIUM,OPPO,OPPO A6k,8GB+512,tmall,,,,,,,,pending,
MEDIUM,OPPO,OPPO A6k,8GB+512,pdd,,,,,,,,pending,
MEDIUM,OPPO,OPPO A6k,12GB+256,jd,,,,,,,,pending,
MEDIUM,OPPO,OPPO A6k,12GB+256,tmall,,,,,,,,pending,
MEDIUM,OPPO,OPPO A6k,12GB+256,pdd,,,,,,,,pending,
MEDIUM,OPPO,OPPO A6m,6GB+128,jd,,,,,,,,pending,
MEDIUM,OPPO,OPPO A6m,6GB+128,tmall,,,,,,,,pending,
MEDIUM,OPPO,OPPO A6m,6GB+128,pdd,,,,,,,,pending,
MEDIUM,OPPO,OPPO A6m,6GB+256,jd,,,,,,,,pending,
MEDIUM,OPPO,OPPO A6m,6GB+256,tmall,,,,,,,,pending,
MEDIUM,OPPO,OPPO A6m,6GB+256,pdd,,,,,,,,pending,
MEDIUM,OPPO,OPPO A6t,6GB+128,jd,,,,,,,,pending,
MEDIUM,OPPO,OPPO A6t,6GB+128,tmall,,,,,,,,pending,
MEDIUM,OPPO,OPPO A6t,6GB+128,pdd,,,,,,,,pending,
MEDIUM,OPPO,OPPO A6x,6GB+128,jd,,,,,,,,pending,
MEDIUM,OPPO,OPPO A6x,6GB+128,tmall,,,,,,,,pending,
MEDIUM,OPPO,OPPO A6x,6GB+128,pdd,,,,,,,,pending,
MEDIUM,OPPO,OPPO A6x,6GB+256,jd,,,,,,,,pending,
MEDIUM,OPPO,OPPO A6x,6GB+256,tmall,,,,,,,,pending,
MEDIUM,OPPO,OPPO A6x,6GB+256,pdd,,,,,,,,pending,
MEDIUM,OPPO,OPPO A6x,8GB+256,jd,,,,,,,,pending,
MEDIUM,OPPO,OPPO A6x,8GB+256,tmall,,,,,,,,pending,
MEDIUM,OPPO,OPPO A6x,8GB+256,pdd,,,,,,,,pending,
MEDIUM,OPPO,OPPO A7 Pro,6GB+256,jd,,,,,,,,pending,
MEDIUM,OPPO,OPPO A7 Pro,6GB+256,tmall,,,,,,,,pending,
MEDIUM,OPPO,OPPO A7 Pro,6GB+256,pdd,,,,,,,,pending,
MEDIUM,OPPO,OPPO A7 Pro,8GB+256,jd,,,,,,,,pending,
MEDIUM,OPPO,OPPO A7 Pro,8GB+256,tmall,,,,,,,,pending,
MEDIUM,OPPO,OPPO A7 Pro,8GB+256,pdd,,,,,,,,pending,
MEDIUM,OPPO,OPPO A7 Pro Max,8GB+128,jd,,,,,,,,pending,
MEDIUM,OPPO,OPPO A7 Pro Max,8GB+128,tmall,,,,,,,,pending,
MEDIUM,OPPO,OPPO A7 Pro Max,8GB+128,pdd,,,,,,,,pending,
MEDIUM,OPPO,OPPO A7 Pro Max,8GB+256,jd,,,,,,,,pending,
MEDIUM,OPPO,OPPO A7 Pro Max,8GB+256,tmall,,,,,,,,pending,
MEDIUM,OPPO,OPPO A7 Pro Max,8GB+256,pdd,,,,,,,,pending,
MEDIUM,OPPO,OPPO A7 Pro Max,12GB+256,jd,,,,,,,,pending,
MEDIUM,OPPO,OPPO A7 Pro Max,12GB+256,tmall,,,,,,,,pending,
MEDIUM,OPPO,OPPO A7 Pro Max,12GB+256,pdd,,,,,,,,pending,
MEDIUM,OPPO,OPPO A7 Pro Max,12GB+512,jd,,,,,,,,pending,
MEDIUM,OPPO,OPPO A7 Pro Max,12GB+512,tmall,,,,,,,,pending,
MEDIUM,OPPO,OPPO A7 Pro Max,12GB+512,pdd,,,,,,,,pending,
HIGH,vivo,vivo X200,12GB+256,jd,4299.00,,,,,,,pending,
HIGH,vivo,vivo X200,12GB+256,tmall,4299.00,,,,,,,pending,
HIGH,vivo,vivo X200,12GB+256,pdd,4299.00,,,,,,,pending,
HIGH,vivo,vivo X200,12GB+512,jd,4699.00,,,,,,,pending,
HIGH,vivo,vivo X200,12GB+512,tmall,4699.00,,,,,,,pending,
HIGH,vivo,vivo X200,12GB+512,pdd,4699.00,,,,,,,pending,
HIGH,vivo,vivo X200,16GB+512,jd,4999.00,,,,,,,pending,
HIGH,vivo,vivo X200,16GB+512,tmall,4999.00,,,,,,,pending,
HIGH,vivo,vivo X200,16GB+512,pdd,4999.00,,,,,,,pending,
HIGH,vivo,vivo X200,16GB+1TB,jd,5499.00,,,,,,,pending,
HIGH,vivo,vivo X200,16GB+1TB,tmall,5499.00,,,,,,,pending,
HIGH,vivo,vivo X200,16GB+1TB,pdd,5499.00,,,,,,,pending,
HIGH,vivo,vivo X200 Pro mini,12GB+256,jd,4699.00,,,,,,,pending,
HIGH,vivo,vivo X200 Pro mini,12GB+256,tmall,4699.00,,,,,,,pending,
HIGH,vivo,vivo X200 Pro mini,12GB+256,pdd,4699.00,,,,,,,pending,
HIGH,vivo,vivo X200 Pro mini,12GB+512,jd,4999.00,,,,,,,pending,
HIGH,vivo,vivo X200 Pro mini,12GB+512,tmall,4999.00,,,,,,,pending,
HIGH,vivo,vivo X200 Pro mini,12GB+512,pdd,4999.00,,,,,,,pending,
HIGH,vivo,vivo X200 Pro mini,16GB+512,jd,5299.00,,,,,,,pending,
HIGH,vivo,vivo X200 Pro mini,16GB+512,tmall,5299.00,,,,,,,pending,
HIGH,vivo,vivo X200 Pro mini,16GB+512,pdd,5299.00,,,,,,,pending,
HIGH,vivo,vivo X200 Pro mini,16GB+1TB,jd,5799.00,,,,,,,pending,
HIGH,vivo,vivo X200 Pro mini,16GB+1TB,tmall,5799.00,,,,,,,pending,
HIGH,vivo,vivo X200 Pro mini,16GB+1TB,pdd,5799.00,,,,,,,pending,
HIGH,vivo,vivo X200 Ultra,12GB+256,jd,6499.00,,,,,,,pending,
HIGH,vivo,vivo X200 Ultra,12GB+256,tmall,6499.00,,,,,,,pending,
HIGH,vivo,vivo X200 Ultra,12GB+256,pdd,6499.00,,,,,,,pending,
HIGH,vivo,vivo X200 Ultra,16GB+512,jd,6999.00,,,,,,,pending,
HIGH,vivo,vivo X200 Ultra,16GB+512,tmall,6999.00,,,,,,,pending,
HIGH,vivo,vivo X200 Ultra,16GB+512,pdd,6999.00,,,,,,,pending,
MEDIUM,vivo,vivo X200 Ultra,16GB+1TB,jd,,,,,,,,pending,
MEDIUM,vivo,vivo X200 Ultra,16GB+1TB,tmall,,,,,,,,pending,
MEDIUM,vivo,vivo X200 Ultra,16GB+1TB,pdd,,,,,,,,pending,
HIGH,vivo,vivo S20,8GB+256,jd,2299.00,,,,,,,pending,
HIGH,vivo,vivo S20,8GB+256,tmall,2299.00,,,,,,,pending,
HIGH,vivo,vivo S20,8GB+256,pdd,2299.00,,,,,,,pending,
HIGH,vivo,vivo S20,12GB+256,jd,2599.00,,,,,,,pending,
HIGH,vivo,vivo S20,12GB+256,tmall,2599.00,,,,,,,pending,
HIGH,vivo,vivo S20,12GB+256,pdd,2599.00,,,,,,,pending,
HIGH,vivo,vivo S20,12GB+512,jd,2799.00,,,,,,,pending,
HIGH,vivo,vivo S20,12GB+512,tmall,2799.00,,,,,,,pending,
HIGH,vivo,vivo S20,12GB+512,pdd,2799.00,,,,,,,pending,
HIGH,vivo,vivo S20,16GB+512,jd,2999.00,,,,,,,pending,
HIGH,vivo,vivo S20,16GB+512,tmall,2999.00,,,,,,,pending,
HIGH,vivo,vivo S20,16GB+512,pdd,2999.00,,,,,,,pending,
MEDIUM,vivo,vivo S20 Pro,12GB+256,jd,,,,,,,,pending,
MEDIUM,vivo,vivo S20 Pro,12GB+256,tmall,,,,,,,,pending,
MEDIUM,vivo,vivo S20 Pro,12GB+256,pdd,,,,,,,,pending,
MEDIUM,vivo,vivo S20 Pro,12GB+512,jd,,,,,,,,pending,
MEDIUM,vivo,vivo S20 Pro,12GB+512,tmall,,,,,,,,pending,
MEDIUM,vivo,vivo S20 Pro,12GB+512,pdd,,,,,,,,pending,
MEDIUM,vivo,vivo S20 Pro,16GB+512,jd,,,,,,,,pending,
MEDIUM,vivo,vivo S20 Pro,16GB+512,tmall,,,,,,,,pending,
MEDIUM,vivo,vivo S20 Pro,16GB+512,pdd,,,,,,,,pending,
HIGH,vivo,vivo S30,12GB+256,jd,2699.00,,,,,,,pending,
HIGH,vivo,vivo S30,12GB+256,tmall,2699.00,,,,,,,pending,
HIGH,vivo,vivo S30,12GB+256,pdd,2699.00,,,,,,,pending,
HIGH,vivo,vivo S30,12GB+512,jd,2999.00,,,,,,,pending,
HIGH,vivo,vivo S30,12GB+512,tmall,2999.00,,,,,,,pending,
HIGH,vivo,vivo S30,12GB+512,pdd,2999.00,,,,,,,pending,
HIGH,vivo,vivo S30,16GB+512,jd,3299.00,,,,,,,pending,
HIGH,vivo,vivo S30,16GB+512,tmall,3299.00,,,,,,,pending,
HIGH,vivo,vivo S30,16GB+512,pdd,3299.00,,,,,,,pending,
HIGH,vivo,vivo S30 Pro mini,12GB+256,jd,3499.00,,,,,,,pending,
HIGH,vivo,vivo S30 Pro mini,12GB+256,tmall,3499.00,,,,,,,pending,
HIGH,vivo,vivo S30 Pro mini,12GB+256,pdd,3499.00,,,,,,,pending,
HIGH,vivo,vivo S30 Pro mini,12GB+512,jd,3799.00,,,,,,,pending,
HIGH,vivo,vivo S30 Pro mini,12GB+512,tmall,3799.00,,,,,,,pending,
HIGH,vivo,vivo S30 Pro mini,12GB+512,pdd,3799.00,,,,,,,pending,
HIGH,vivo,vivo S30 Pro mini,16GB+512,jd,3999.00,,,,,,,pending,
HIGH,vivo,vivo S30 Pro mini,16GB+512,tmall,3999.00,,,,,,,pending,
HIGH,vivo,vivo S30 Pro mini,16GB+512,pdd,3999.00,,,,,,,pending,
HIGH,vivo,vivo Y300,12GB+512,jd,1999.00,,,,,,,pending,
HIGH,vivo,vivo Y300,12GB+512,tmall,1999.00,,,,,,,pending,
HIGH,vivo,vivo Y300,12GB+512,pdd,1999.00,,,,,,,pending,
HIGH,vivo,vivo Y300,12GB+256,jd,1799.00,,,,,,,pending,
HIGH,vivo,vivo Y300,12GB+256,tmall,1799.00,,,,,,,pending,
HIGH,vivo,vivo Y300,12GB+256,pdd,1799.00,,,,,,,pending,
HIGH,vivo,vivo Y300,8GB+256,jd,1599.00,,,,,,,pending,
HIGH,vivo,vivo Y300,8GB+256,tmall,1599.00,,,,,,,pending,
HIGH,vivo,vivo Y300,8GB+256,pdd,1599.00,,,,,,,pending,
HIGH,vivo,vivo Y300,8GB+128,jd,1399.00,,,,,,,pending,
HIGH,vivo,vivo Y300,8GB+128,tmall,1399.00,,,,,,,pending,
HIGH,vivo,vivo Y300,8GB+128,pdd,1399.00,,,,,,,pending,
HIGH,vivo,vivo Y300 Pro,12GB+512,jd,2499.00,,,,,,,pending,
HIGH,vivo,vivo Y300 Pro,12GB+512,tmall,2499.00,,,,,,,pending,
HIGH,vivo,vivo Y300 Pro,12GB+512,pdd,2499.00,,,,,,,pending,
HIGH,vivo,vivo Y300 Pro,12GB+256,jd,2199.00,,,,,,,pending,
HIGH,vivo,vivo Y300 Pro,12GB+256,tmall,2199.00,,,,,,,pending,
HIGH,vivo,vivo Y300 Pro,12GB+256,pdd,2199.00,,,,,,,pending,
HIGH,vivo,vivo Y300 Pro,8GB+256,jd,1999.00,,,,,,,pending,
HIGH,vivo,vivo Y300 Pro,8GB+256,tmall,1999.00,,,,,,,pending,
HIGH,vivo,vivo Y300 Pro,8GB+256,pdd,1999.00,,,,,,,pending,
HIGH,vivo,vivo Y300 Pro,8GB+128,jd,1799.00,,,,,,,pending,
HIGH,vivo,vivo Y300 Pro,8GB+128,tmall,1799.00,,,,,,,pending,
HIGH,vivo,vivo Y300 Pro,8GB+128,pdd,1799.00,,,,,,,pending,
HIGH,vivo,vivo Y300i,12GB+512,jd,1799.00,,,,,,,pending,
HIGH,vivo,vivo Y300i,12GB+512,tmall,1799.00,,,,,,,pending,
HIGH,vivo,vivo Y300i,12GB+512,pdd,1799.00,,,,,,,pending,
HIGH,vivo,vivo Y300i,12GB+256,jd,1599.00,,,,,,,pending,
HIGH,vivo,vivo Y300i,12GB+256,tmall,1599.00,,,,,,,pending,
HIGH,vivo,vivo Y300i,12GB+256,pdd,1599.00,,,,,,,pending,
HIGH,vivo,vivo Y300i,8GB+256,jd,1499.00,,,,,,,pending,
HIGH,vivo,vivo Y300i,8GB+256,tmall,1499.00,,,,,,,pending,
HIGH,vivo,vivo Y300i,8GB+256,pdd,1499.00,,,,,,,pending,
HIGH,vivo,vivo Y300i,8GB+128,jd,1099.00,,,,,,,pending,
HIGH,vivo,vivo Y300i,8GB+128,tmall,1099.00,,,,,,,pending,
HIGH,vivo,vivo Y300i,8GB+128,pdd,1099.00,,,,,,,pending,
HIGH,vivo,iQOO 13,12GB+256,jd,3999.00,,,,,,,pending,
HIGH,vivo,iQOO 13,12GB+256,tmall,3999.00,,,,,,,pending,
HIGH,vivo,iQOO 13,12GB+256,pdd,3999.00,,,,,,,pending,
HIGH,vivo,iQOO 13,12GB+512,jd,4499.00,,,,,,,pending,
HIGH,vivo,iQOO 13,12GB+512,tmall,4499.00,,,,,,,pending,
HIGH,vivo,iQOO 13,12GB+512,pdd,4499.00,,,,,,,pending,
HIGH,vivo,iQOO 13,16GB+256,jd,4299.00,,,,,,,pending,
HIGH,vivo,iQOO 13,16GB+256,tmall,4299.00,,,,,,,pending,
HIGH,vivo,iQOO 13,16GB+256,pdd,4299.00,,,,,,,pending,
HIGH,vivo,iQOO 13,16GB+512,jd,4699.00,,,,,,,pending,
HIGH,vivo,iQOO 13,16GB+512,tmall,4699.00,,,,,,,pending,
HIGH,vivo,iQOO 13,16GB+512,pdd,4699.00,,,,,,,pending,
HIGH,vivo,iQOO 13,16GB+1TB,jd,5199.00,,,,,,,pending,
HIGH,vivo,iQOO 13,16GB+1TB,tmall,5199.00,,,,,,,pending,
HIGH,vivo,iQOO 13,16GB+1TB,pdd,5199.00,,,,,,,pending,
HIGH,vivo,iQOO Neo10,12GB+256,jd,2399.00,,,,,,,pending,
HIGH,vivo,iQOO Neo10,12GB+256,tmall,2399.00,,,,,,,pending,
HIGH,vivo,iQOO Neo10,12GB+256,pdd,2399.00,,,,,,,pending,
HIGH,vivo,iQOO Neo10,12GB+512,jd,2799.00,,,,,,,pending,
HIGH,vivo,iQOO Neo10,12GB+512,tmall,2799.00,,,,,,,pending,
HIGH,vivo,iQOO Neo10,12GB+512,pdd,2799.00,,,,,,,pending,
HIGH,vivo,iQOO Neo10,16GB+256,jd,2599.00,,,,,,,pending,
HIGH,vivo,iQOO Neo10,16GB+256,tmall,2599.00,,,,,,,pending,
HIGH,vivo,iQOO Neo10,16GB+256,pdd,2599.00,,,,,,,pending,
HIGH,vivo,iQOO Neo10,16GB+512,jd,3099.00,,,,,,,pending,
HIGH,vivo,iQOO Neo10,16GB+512,tmall,3099.00,,,,,,,pending,
HIGH,vivo,iQOO Neo10,16GB+512,pdd,3099.00,,,,,,,pending,
HIGH,vivo,iQOO Neo10,16GB+1TB,jd,3599.00,,,,,,,pending,
HIGH,vivo,iQOO Neo10,16GB+1TB,tmall,3599.00,,,,,,,pending,
HIGH,vivo,iQOO Neo10,16GB+1TB,pdd,3599.00,,,,,,,pending,
HIGH,vivo,iQOO Neo10 Pro,12GB+256,jd,3199.00,,,,,,,pending,
HIGH,vivo,iQOO Neo10 Pro,12GB+256,tmall,3199.00,,,,,,,pending,
HIGH,vivo,iQOO Neo10 Pro,12GB+256,pdd,3199.00,,,,,,,pending,
HIGH,vivo,iQOO Neo10 Pro,12GB+512,jd,3499.00,,,,,,,pending,
HIGH,vivo,iQOO Neo10 Pro,12GB+512,tmall,3499.00,,,,,,,pending,
HIGH,vivo,iQOO Neo10 Pro,12GB+512,pdd,3499.00,,,,,,,pending,
HIGH,vivo,iQOO Neo10 Pro,16GB+256,jd,3399.00,,,,,,,pending,
HIGH,vivo,iQOO Neo10 Pro,16GB+256,tmall,3399.00,,,,,,,pending,
HIGH,vivo,iQOO Neo10 Pro,16GB+256,pdd,3399.00,,,,,,,pending,
HIGH,vivo,iQOO Neo10 Pro,16GB+512,jd,3799.00,,,,,,,pending,
HIGH,vivo,iQOO Neo10 Pro,16GB+512,tmall,3799.00,,,,,,,pending,
HIGH,vivo,iQOO Neo10 Pro,16GB+512,pdd,3799.00,,,,,,,pending,
HIGH,vivo,iQOO Neo10 Pro,16GB+1TB,jd,4299.00,,,,,,,pending,
HIGH,vivo,iQOO Neo10 Pro,16GB+1TB,tmall,4299.00,,,,,,,pending,
HIGH,vivo,iQOO Neo10 Pro,16GB+1TB,pdd,4299.00,,,,,,,pending,
HIGH,vivo,iQOO Neo10 Pro+,12GB+256,jd,2999.00,,,,,,,pending,
HIGH,vivo,iQOO Neo10 Pro+,12GB+256,tmall,2999.00,,,,,,,pending,
HIGH,vivo,iQOO Neo10 Pro+,12GB+256,pdd,2999.00,,,,,,,pending,
HIGH,vivo,iQOO Neo10 Pro+,12GB+512,jd,3499.00,,,,,,,pending,
HIGH,vivo,iQOO Neo10 Pro+,12GB+512,tmall,3499.00,,,,,,,pending,
HIGH,vivo,iQOO Neo10 Pro+,12GB+512,pdd,3499.00,,,,,,,pending,
HIGH,vivo,iQOO Neo10 Pro+,16GB+256,jd,3299.00,,,,,,,pending,
HIGH,vivo,iQOO Neo10 Pro+,16GB+256,tmall,3299.00,,,,,,,pending,
HIGH,vivo,iQOO Neo10 Pro+,16GB+256,pdd,3299.00,,,,,,,pending,
HIGH,vivo,iQOO Neo10 Pro+,16GB+512,jd,3699.00,,,,,,,pending,
HIGH,vivo,iQOO Neo10 Pro+,16GB+512,tmall,3699.00,,,,,,,pending,
HIGH,vivo,iQOO Neo10 Pro+,16GB+512,pdd,3699.00,,,,,,,pending,
MEDIUM,vivo,iQOO Neo10 Pro+,16GB+1TB,jd,,,,,,,,pending,
MEDIUM,vivo,iQOO Neo10 Pro+,16GB+1TB,tmall,,,,,,,,pending,
MEDIUM,vivo,iQOO Neo10 Pro+,16GB+1TB,pdd,,,,,,,,pending,
HIGH,vivo,iQOO Z10 Turbo,12GB+256,jd,2699.00,,,,,,,pending,
HIGH,vivo,iQOO Z10 Turbo,12GB+256,tmall,2699.00,,,,,,,pending,
HIGH,vivo,iQOO Z10 Turbo,12GB+256,pdd,2699.00,,,,,,,pending,
HIGH,vivo,iQOO Z10 Turbo,16GB+256,jd,3099.00,,,,,,,pending,
HIGH,vivo,iQOO Z10 Turbo,16GB+256,tmall,3099.00,,,,,,,pending,
HIGH,vivo,iQOO Z10 Turbo,16GB+256,pdd,3099.00,,,,,,,pending,
HIGH,vivo,iQOO Z10 Turbo,12GB+512,jd,3199.00,,,,,,,pending,
HIGH,vivo,iQOO Z10 Turbo,12GB+512,tmall,3199.00,,,,,,,pending,
HIGH,vivo,iQOO Z10 Turbo,12GB+512,pdd,3199.00,,,,,,,pending,
HIGH,vivo,iQOO Z10 Turbo,16GB+512,jd,3599.00,,,,,,,pending,
HIGH,vivo,iQOO Z10 Turbo,16GB+512,tmall,3599.00,,,,,,,pending,
HIGH,vivo,iQOO Z10 Turbo,16GB+512,pdd,3599.00,,,,,,,pending,
HIGH,vivo,iQOO Z10 Turbo Pro,12GB+256,jd,1999.00,,,,,,,pending,
HIGH,vivo,iQOO Z10 Turbo Pro,12GB+256,tmall,1999.00,,,,,,,pending,
HIGH,vivo,iQOO Z10 Turbo Pro,12GB+256,pdd,1999.00,,,,,,,pending,
HIGH,vivo,iQOO Z10 Turbo Pro,12GB+512,jd,2399.00,,,,,,,pending,
HIGH,vivo,iQOO Z10 Turbo Pro,12GB+512,tmall,2399.00,,,,,,,pending,
HIGH,vivo,iQOO Z10 Turbo Pro,12GB+512,pdd,2399.00,,,,,,,pending,
HIGH,vivo,iQOO Z10 Turbo Pro,16GB+256,jd,2199.00,,,,,,,pending,
HIGH,vivo,iQOO Z10 Turbo Pro,16GB+256,tmall,2199.00,,,,,,,pending,
HIGH,vivo,iQOO Z10 Turbo Pro,16GB+256,pdd,2199.00,,,,,,,pending,
HIGH,vivo,iQOO Z10 Turbo Pro,16GB+512,jd,2599.00,,,,,,,pending,
HIGH,vivo,iQOO Z10 Turbo Pro,16GB+512,tmall,2599.00,,,,,,,pending,
HIGH,vivo,iQOO Z10 Turbo Pro,16GB+512,pdd,2599.00,,,,,,,pending,
HIGH,vivo,iQOO Z10x,8GB+128,jd,1499.00,,,,,,,pending,
HIGH,vivo,iQOO Z10x,8GB+128,tmall,1499.00,,,,,,,pending,
HIGH,vivo,iQOO Z10x,8GB+128,pdd,1499.00,,,,,,,pending,
HIGH,vivo,iQOO Z10x,8GB+256,jd,1699.00,,,,,,,pending,
HIGH,vivo,iQOO Z10x,8GB+256,tmall,1699.00,,,,,,,pending,
HIGH,vivo,iQOO Z10x,8GB+256,pdd,1699.00,,,,,,,pending,
HIGH,vivo,iQOO Z10x,12GB+256,jd,1899.00,,,,,,,pending,
HIGH,vivo,iQOO Z10x,12GB+256,tmall,1899.00,,,,,,,pending,
HIGH,vivo,iQOO Z10x,12GB+256,pdd,1899.00,,,,,,,pending,
HIGH,vivo,iQOO Z10x,12GB+512,jd,2099.00,,,,,,,pending,
HIGH,vivo,iQOO Z10x,12GB+512,tmall,2099.00,,,,,,,pending,
HIGH,vivo,iQOO Z10x,12GB+512,pdd,2099.00,,,,,,,pending,
MEDIUM,realme,真我15T,12GB+512,jd,,,,,,,,pending,
MEDIUM,realme,真我15T,12GB+512,tmall,,,,,,,,pending,
MEDIUM,realme,真我15T,12GB+512,pdd,,,,,,,,pending,
MEDIUM,realme,真我15,16GB+256,jd,,,,,,,,pending,
MEDIUM,realme,真我15,16GB+256,tmall,,,,,,,,pending,
MEDIUM,realme,真我15,16GB+256,pdd,,,,,,,,pending,
MEDIUM,realme,真我V70s,8GB+256,jd,,,,,,,,pending,
MEDIUM,realme,真我V70s,8GB+256,tmall,,,,,,,,pending,
MEDIUM,realme,真我V70s,8GB+256,pdd,,,,,,,,pending,
MEDIUM,realme,真我Neo7,16GB+1TB,jd,,,,,,,,pending,
MEDIUM,realme,真我Neo7,16GB+1TB,tmall,,,,,,,,pending,
MEDIUM,realme,真我Neo7,16GB+1TB,pdd,,,,,,,,pending,
MEDIUM,realme,真我GT Neo6,16GB+1TB,jd,,,,,,,,pending,
MEDIUM,realme,真我GT Neo6,16GB+1TB,tmall,,,,,,,,pending,
MEDIUM,realme,真我GT Neo6,16GB+1TB,pdd,,,,,,,,pending,
MEDIUM,三星,Samsung Galaxy S25 Edge,12GB+256,jd,,,,,,,,pending,
MEDIUM,三星,Samsung Galaxy S25 Edge,12GB+256,tmall,,,,,,,,pending,
MEDIUM,三星,Samsung Galaxy S25 Edge,12GB+256,pdd,,,,,,,,pending,
MEDIUM,三星,Samsung Galaxy S25 Edge,12GB+512,jd,,,,,,,,pending,
MEDIUM,三星,Samsung Galaxy S25 Edge,12GB+512,tmall,,,,,,,,pending,
MEDIUM,三星,Samsung Galaxy S25 Edge,12GB+512,pdd,,,,,,,,pending,
MEDIUM,三星,Samsung Galaxy Z Fold7,12GB+256,jd,,,,,,,,pending,
MEDIUM,三星,Samsung Galaxy Z Fold7,12GB+256,tmall,,,,,,,,pending,
MEDIUM,三星,Samsung Galaxy Z Fold7,12GB+256,pdd,,,,,,,,pending,
MEDIUM,三星,Samsung Galaxy Z Fold7,12GB+512,jd,,,,,,,,pending,
MEDIUM,三星,Samsung Galaxy Z Fold7,12GB+512,tmall,,,,,,,,pending,
MEDIUM,三星,Samsung Galaxy Z Fold7,12GB+512,pdd,,,,,,,,pending,
MEDIUM,三星,Samsung Galaxy Z Fold7,16GB+1TB,jd,,,,,,,,pending,
MEDIUM,三星,Samsung Galaxy Z Fold7,16GB+1TB,tmall,,,,,,,,pending,
MEDIUM,三星,Samsung Galaxy Z Fold7,16GB+1TB,pdd,,,,,,,,pending,
MEDIUM,三星,Samsung Galaxy Z Flip7,12GB+256,jd,,,,,,,,pending,
MEDIUM,三星,Samsung Galaxy Z Flip7,12GB+256,tmall,,,,,,,,pending,
MEDIUM,三星,Samsung Galaxy Z Flip7,12GB+256,pdd,,,,,,,,pending,
MEDIUM,三星,Samsung Galaxy Z Flip7,12GB+512,jd,,,,,,,,pending,
MEDIUM,三星,Samsung Galaxy Z Flip7,12GB+512,tmall,,,,,,,,pending,
MEDIUM,三星,Samsung Galaxy Z Flip7,12GB+512,pdd,,,,,,,,pending,
MEDIUM,三星,Samsung Galaxy Z Fold8 Ultra,12GB+256,jd,,,,,,,,pending,
MEDIUM,三星,Samsung Galaxy Z Fold8 Ultra,12GB+256,tmall,,,,,,,,pending,
MEDIUM,三星,Samsung Galaxy Z Fold8 Ultra,12GB+256,pdd,,,,,,,,pending,
MEDIUM,三星,Samsung Galaxy Z Fold8 Ultra,12GB+512,jd,,,,,,,,pending,
MEDIUM,三星,Samsung Galaxy Z Fold8 Ultra,12GB+512,tmall,,,,,,,,pending,
MEDIUM,三星,Samsung Galaxy Z Fold8 Ultra,12GB+512,pdd,,,,,,,,pending,
MEDIUM,三星,Samsung Galaxy Z Fold8 Ultra,16GB+1TB,jd,,,,,,,,pending,
MEDIUM,三星,Samsung Galaxy Z Fold8 Ultra,16GB+1TB,tmall,,,,,,,,pending,
MEDIUM,三星,Samsung Galaxy Z Fold8 Ultra,16GB+1TB,pdd,,,,,,,,pending,
MEDIUM,魅族,魅族 21 PRO,12GB+256,jd,,,,,,,,pending,
MEDIUM,魅族,魅族 21 PRO,12GB+256,tmall,,,,,,,,pending,
MEDIUM,魅族,魅族 21 PRO,12GB+256,pdd,,,,,,,,pending,
