priority,brand,model,missing_fields,missing_variants,official_url,review_status,review_note
MEDIUM,小米,Xiaomi 17,image_url,no,https://www.mi.com/prod/xiaomi-17/specs,pending,
HIGH,小米,Xiaomi 17 Pro,,yes,https://www.mi.com/prod/xiaomi-17-pro/specs,pending,
MEDIUM,小米,REDMI K80 至尊版,release_date;cpu;refresh_rate;image_url,no,https://www.mi.com/prod/redmi-k80-ultra/specs,pending,
MEDIUM,realme,真我GT7,release_date;cpu;screen_size;main_camera_mp;image_url,no,https://www.realme.com/cn/realme-gt-7,pending,
MEDIUM,realme,真我GT7 Pro,release_date;cpu;weight_g;image_url,no,https://www.realme.com/cn/realme-gt-7-pro,pending,
MEDIUM,realme,真我V70,release_date;image_url,no,https://www.realme.com/cn/more-products/realme-v-70/specs,pending,
MEDIUM,魅族,魅族 22,release_date;cpu;screen_size;refresh_rate;main_camera_mp;battery_mah;weight_g;image_url,no,https://detail.meizu.com/item/meizu22.html,pending,
MEDIUM,魅族,魅族 21 Note,release_date;cpu;screen_size;refresh_rate;main_camera_mp;weight_g;image_url,no,https://detail.meizu.com/item/meizu21note.html,pending,
MEDIUM,华为,HUAWEI Mate 70 RS 非凡大师,release_date;cpu,no,https://consumer.huawei.com/cn/phones/mate70-rs-ultimate-design/specs/,pending,
MEDIUM,华为,HUAWEI Mate XT 非凡大师,release_date;cpu;refresh_rate,no,https://consumer.huawei.com/cn/phones/mate-xt-ultimate-design/specs/,pending,
MEDIUM,华为,HUAWEI Pura 80,cpu,no,https://consumer.huawei.com/cn/phones/pura80/specs/,pending,
MEDIUM,华为,HUAWEI Pura 80 Pro,cpu,no,https://consumer.huawei.com/cn/phones/pura80-pro/specs/,pending,
MEDIUM,华为,HUAWEI nova 14,cpu,no,https://consumer.huawei.com/cn/phones/nova14/,pending,
MEDIUM,华为,HUAWEI nova 14 Pro,cpu,no,https://consumer.huawei.com/cn/phones/nova14-pro/,pending,
MEDIUM,华为,HUAWEI nova 14 Ultra,release_date;cpu,no,https://consumer.huawei.com/cn/phones/nova14-ultra/,pending,
HIGH,小米,REDMI K90,,yes,https://www.mi.com/prod/redmi-k90/specs,pending,
HIGH,小米,REDMI Turbo 5,,yes,https://www.mi.com/prod/redmi-turbo-5/specs,pending,
HIGH,小米,REDMI Note 14,,yes,https://www.mi.com/prod/redmi-note-14/specs,pending,
MEDIUM,OPPO,OPPO Find X8 Pro 卫星通信版,release_date,no,https://www.oppo.com/cn/smartphones/series-find-x/find-x8-pro-satellite/specs/,pending,
MEDIUM,OPPO,OPPO Find X9 Pro 卫星通信版,release_date,no,https://www.oppo.com/cn/smartphones/series-find-x/find-x9-pro-satellite/specs/,pending,
MEDIUM,OPPO,OPPO K12s,release_date,no,https://www.oppo.com/cn/smartphones/series-k/k12s/specs/,pending,
MEDIUM,OPPO,OPPO A5 活力版,release_date,no,https://www.oppo.com/cn/smartphones/series-a/a5-energy-edition/specs/,pending,
MEDIUM,OPPO,OPPO A5m,release_date,no,https://www.oppo.com/cn/smartphones/series-a/a5m/specs/,pending,
MEDIUM,OPPO,OPPO A6m,release_date,no,https://www.oppo.com/cn/smartphones/series-a/a6m/specs/,pending,
MEDIUM,vivo,iQOO Neo10,image_url,no,https://www.vivo.com.cn/vivo/param/iqooneo10,pending,
MEDIUM,realme,真我V70s,release_date;image_url,no,https://www.realme.com/cn/more-products/realme-v-70s/specs,pending,
MEDIUM,realme,真我GT Neo6,release_date;image_url,no,https://www.realme.com/cn/realme-gt-neo-6/specs,pending,
HIGH,三星,Samsung W25 Flip,release_date;cpu;screen_size;refresh_rate;main_camera_mp;battery_mah;weight_g;image_url,yes,https://www.samsung.com.cn/smartphones/samsung-w25-flip/specs/,pending,
HIGH,荣耀,荣耀Robot Phone,,yes,https://www.honor.com/cn/phones/honor-robot-phone/,pending,
HIGH,荣耀,荣耀600 超级版,release_date;refresh_rate;image_url,yes,https://www.honor.com/cn/phones/honor-600/,pending,
HIGH,荣耀,荣耀600 元气版,release_date;refresh_rate;image_url,yes,https://www.honor.com/cn/phones/honor-600-genki/,pending,
HIGH,荣耀,荣耀Play11,release_date;cpu;screen_size;refresh_rate;main_camera_mp;weight_g;image_url,yes,https://www.honor.com/cn/phones/honor-play11/,pending,
HIGH,荣耀,荣耀Magic8 Pro Air,,yes,https://www.honor.com/cn/phones/honor-magic8-pro-air/,pending,
HIGH,荣耀,荣耀Magic8 RSR 保时捷设计,release_date;main_camera_mp;image_url,yes,https://www.honor.com/cn/phones/honor-magic8-rsr-porsche-design/,pending,
HIGH,荣耀,荣耀Magic V Flip2,release_date;refresh_rate;image_url,yes,https://www.honor.com/cn/phones/honor-magic-v-flip2/,pending,
HIGH,荣耀,荣耀500 Pro MOLLY 20周年限定版,release_date;refresh_rate;image_url,yes,https://www.honor.com/cn/phones/honor-500-pro-molly/,pending,
HIGH,荣耀,荣耀500 Pro,,yes,https://www.honor.com/cn/phones/honor-500-pro/,pending,
HIGH,荣耀,荣耀WIN Turbo,,yes,https://www.honor.com/cn/phones/honor-win-turbo/,pending,
HIGH,荣耀,荣耀WIN RT,,yes,https://www.honor.com/cn/phones/honor-win-rt/,pending,
HIGH,荣耀,荣耀WIN,,yes,https://www.honor.com/cn/phones/honor-win/,pending,
HIGH,荣耀,荣耀Power2,,yes,https://www.honor.com/cn/phones/honor-power2/,pending,
HIGH,荣耀,荣耀X80 Pro Max,,yes,https://www.honor.com/cn/phones/honor-x80-pro-max/,pending,
HIGH,荣耀,荣耀X70 Pro Max,,yes,https://www.honor.com/cn/phones/honor-x70-pro-max/,pending,
HIGH,荣耀,荣耀X80i,,yes,https://www.honor.com/cn/phones/honor-x80i/,pending,
HIGH,荣耀,荣耀X70 焕新版,release_date;refresh_rate;image_url,yes,https://www.honor.com/cn/phones/honor-x70-new/,pending,
HIGH,荣耀,荣耀X60 GT,,yes,https://www.honor.com/cn/phones/honor-x60-gt/,pending,
HIGH,荣耀,荣耀Play11T,release_date;cpu;screen_size;refresh_rate;main_camera_mp;weight_g;image_url,yes,https://www.honor.com/cn/phones/honor-play11t/,pending,
HIGH,荣耀,荣耀Play11 Plus,,yes,https://www.honor.com/cn/phones/honor-play11-plus/,pending,
HIGH,荣耀,荣耀Play10,,yes,https://www.honor.com/cn/phones/honor-play10/,pending,
HIGH,荣耀,荣耀Play11C,release_date;cpu;screen_size;refresh_rate;main_camera_mp;weight_g;image_url,yes,https://www.honor.com/cn/phones/honor-play11c/,pending,
HIGH,荣耀,荣耀畅玩80m,release_date;refresh_rate;image_url,yes,https://www.honor.com/cn/phones/honor-changwan-80m/,pending,
HIGH,荣耀,荣耀畅玩80 Plus,release_date;cpu;screen_size;refresh_rate;main_camera_mp;weight_g;image_url,yes,https://www.honor.com/cn/phones/honor-changwan-80-plus/,pending,
HIGH,荣耀,荣耀畅玩70C,release_date;cpu;screen_size;refresh_rate;main_camera_mp;weight_g;image_url,yes,https://www.honor.com/cn/phones/honor-changwan-70c/,pending,
HIGH,荣耀,荣耀畅玩80,release_date;refresh_rate;image_url,yes,https://www.honor.com/cn/phones/honor-changwan-80/,pending,
HIGH,荣耀,荣耀畅玩80 Pro,release_date;cpu;screen_size;refresh_rate;main_camera_mp;weight_g;image_url,yes,https://www.honor.com/cn/phones/honor-changwan-80-pro/,pending,
HIGH,荣耀,荣耀Magic8,,yes,https://www.honor.com/cn/phones/honor-magic8/,pending,
HIGH,荣耀,荣耀400 Pro,,yes,https://www.honor.com/cn/phones/honor-400-pro/,pending,
HIGH,荣耀,荣耀400,,yes,https://www.honor.com/cn/phones/honor-400/,pending,
HIGH,荣耀,荣耀Play10T,release_date;cpu;screen_size;refresh_rate;main_camera_mp;weight_g;image_url,yes,https://www.honor.com/cn/phones/honor-play10t/,pending,
HIGH,荣耀,荣耀畅玩70m Plus,release_date;refresh_rate;image_url,yes,https://www.honor.com/cn/phones/honor-changwan-70m-plus/,pending,
HIGH,荣耀,荣耀Play10C,,yes,https://www.honor.com/cn/phones/honor-play10c/,pending,
HIGH,荣耀,荣耀畅玩70 Plus,release_date;refresh_rate;image_url,yes,https://www.honor.com/cn/phones/honor-changwan-70-plus/,pending,
HIGH,荣耀,荣耀X70i,,yes,https://www.honor.com/cn/phones/honor-x70i/,pending,
HIGH,荣耀,荣耀X70,release_date;refresh_rate;image_url,yes,https://www.honor.com/cn/phones/honor-x70/,pending,
HIGH,荣耀,荣耀GT Pro,,yes,https://www.honor.com/cn/phones/honor-gt-pro/,pending,
HIGH,荣耀,荣耀Play 10A,release_date;cpu;screen_size;refresh_rate;main_camera_mp;weight_g;image_url,yes,https://www.honor.com/cn/phones/honor-play-10a/,pending,
HIGH,荣耀,荣耀畅玩60A,release_date;cpu;screen_size;refresh_rate;main_camera_mp;weight_g;image_url,yes,https://www.honor.com/cn/phones/honor-changwan-60a/,pending,
HIGH,华为,HUAWEI Mate XT 2 非凡大师,release_date;cpu;screen_size;refresh_rate;main_camera_mp;battery_mah;weight_g,yes,https://consumer.huawei.com/cn/phones/mate-xt-2-ultimate-design/,pending,
HIGH,华为,HUAWEI Pura X View,,yes,https://consumer.huawei.com/cn/phones/pura-x-view/,pending,
HIGH,一加,一加 Ace 5 竞速版,release_date;cpu;screen_size;refresh_rate;main_camera_mp;battery_mah;weight_g;image_url,yes,https://www.oneplus.com/cn/ace-5-racing/specs,pending,
HIGH,一加,一加 Ace 5 至尊版,release_date;cpu;screen_size;refresh_rate;main_camera_mp;battery_mah;weight_g;image_url,yes,https://www.oneplus.com/cn/ace-5-ultra/specs,pending,
HIGH,一加,一加 Ace 6T,,yes,https://www.oneplus.com/cn/ace-6t/specs,pending,
HIGH,小米,Xiaomi 16,release_date;cpu;screen_size;refresh_rate;main_camera_mp;battery_mah;weight_g;image_url,yes,https://www.mi.com/prod/xiaomi-16/specs,pending,
HIGH,小米,Xiaomi 16 Pro,release_date;cpu;screen_size;refresh_rate;main_camera_mp;battery_mah;weight_g;image_url,yes,https://www.mi.com/prod/xiaomi-16-pro/specs,pending,
HIGH,小米,Xiaomi 16 Ultra,release_date;cpu;screen_size;refresh_rate;main_camera_mp;battery_mah;weight_g;image_url,yes,https://www.mi.com/prod/xiaomi-16-ultra/specs,pending,
HIGH,三星,Samsung W26,release_date;cpu;screen_size;refresh_rate;main_camera_mp;battery_mah;weight_g;image_url,yes,https://www.samsung.com.cn/smartphones/samsung-w26/,pending,
HIGH,三星,Samsung Galaxy A57 5G,release_date;cpu;screen_size;refresh_rate;main_camera_mp;battery_mah;weight_g;image_url,yes,https://www.samsung.com.cn/smartphones/galaxy-a57-5g/,pending,
HIGH,vivo,vivo Y300+,,yes,https://www.vivo.com.cn/vivo/param/y300plus,pending,
MEDIUM,三星,Samsung Galaxy A56 5G,release_date;cpu;image_url,no,https://www.samsung.com.cn/smartphones/galaxy-a/galaxy-a56-5g-awesome-pink-256gb-sm-a5660licchc/,pending,
