brand,model_name,ram_gb,storage_gb,variant_name,platform,search_url,store_name,external_id,sku_text,product_title,product_url,region,regular_price,public_sale_price,gov_price,billion_subsidy_price,promotion_labels,promotion_stackable,in_stock,evidence_text_path,screenshot_path,reviewer,review_status
华为,HUAWEI Mate 70,12,256,12GB+256GB,jd,https://search.jd.com/Search?keyword=%E5%8D%8E%E4%B8%BA%20HUAWEI%20Mate%2070%2012GB%2B256GB%20%E5%AE%98%E6%96%B9%E6%97%97%E8%88%B0%E5%BA%97,,,12GB+256GB,,,中国大陆,,,,,,unknown,true,,,,pending
华为,HUAWEI Mate 70,12,256,12GB+256GB,tmall,https://list.tmall.com/search_product.htm?q=%E5%8D%8E%E4%B8%BA%20HUAWEI%20Mate%2070%2012GB%2B256GB%20%E5%AE%98%E6%96%B9%E6%97%97%E8%88%B0%E5%BA%97,,,12GB+256GB,,,中国大陆,,,,,,unknown,true,,,,pending
华为,HUAWEI Mate 70,12,256,12GB+256GB,pdd,https://mobile.yangkeduo.com/search_result.html?search_key=%E5%8D%8E%E4%B8%BA%20HUAWEI%20Mate%2070%2012GB%2B256GB%20%E5%AE%98%E6%96%B9%E6%97%97%E8%88%B0%E5%BA%97,,,12GB+256GB,,,中国大陆,,,,,,unknown,true,,,,pending
小米,Xiaomi 17,12,256,12GB+256GB,jd,https://search.jd.com/Search?keyword=%E5%B0%8F%E7%B1%B3%20Xiaomi%2017%2012GB%2B256GB%20%E5%AE%98%E6%96%B9%E6%97%97%E8%88%B0%E5%BA%97,,,12GB+256GB,,,中国大陆,,,,,,unknown,true,,,,pending
小米,Xiaomi 17,12,256,12GB+256GB,tmall,https://list.tmall.com/search_product.htm?q=%E5%B0%8F%E7%B1%B3%20Xiaomi%2017%2012GB%2B256GB%20%E5%AE%98%E6%96%B9%E6%97%97%E8%88%B0%E5%BA%97,,,12GB+256GB,,,中国大陆,,,,,,unknown,true,,,,pending
小米,Xiaomi 17,12,256,12GB+256GB,pdd,https://mobile.yangkeduo.com/search_result.html?search_key=%E5%B0%8F%E7%B1%B3%20Xiaomi%2017%2012GB%2B256GB%20%E5%AE%98%E6%96%B9%E6%97%97%E8%88%B0%E5%BA%97,,,12GB+256GB,,,中国大陆,,,,,,unknown,true,,,,pending
Apple,iPhone 17,,256,256GB,jd,https://search.jd.com/Search?keyword=Apple%20iPhone%2017%20256GB%20%E5%AE%98%E6%96%B9%E6%97%97%E8%88%B0%E5%BA%97,,,256GB,,,中国大陆,,,,,,unknown,true,,,,pending
Apple,iPhone 17,,256,256GB,tmall,https://list.tmall.com/search_product.htm?q=Apple%20iPhone%2017%20256GB%20%E5%AE%98%E6%96%B9%E6%97%97%E8%88%B0%E5%BA%97,,,256GB,,,中国大陆,,,,,,unknown,true,,,,pending
Apple,iPhone 17,,256,256GB,pdd,https://mobile.yangkeduo.com/search_result.html?search_key=Apple%20iPhone%2017%20256GB%20%E5%AE%98%E6%96%B9%E6%97%97%E8%88%B0%E5%BA%97,,,256GB,,,中国大陆,,,,,,unknown,true,,,,pending
Apple,iPhone 17,,512,512,jd,https://search.jd.com/Search?keyword=Apple%20iPhone%2017%20512%20%E5%AE%98%E6%96%B9%E6%97%97%E8%88%B0%E5%BA%97,,,512,,,中国大陆,,,,,,unknown,true,,,,pending
Apple,iPhone 17,,512,512,tmall,https://list.tmall.com/search_product.htm?q=Apple%20iPhone%2017%20512%20%E5%AE%98%E6%96%B9%E6%97%97%E8%88%B0%E5%BA%97,,,512,,,中国大陆,,,,,,unknown,true,,,,pending
Apple,iPhone 17,,512,512,pdd,https://mobile.yangkeduo.com/search_result.html?search_key=Apple%20iPhone%2017%20512%20%E5%AE%98%E6%96%B9%E6%97%97%E8%88%B0%E5%BA%97,,,512,,,中国大陆,,,,,,unknown,true,,,,pending
vivo,vivo X200 Pro,16,512,16GB+512GB,jd,https://search.jd.com/Search?keyword=vivo%20vivo%20X200%20Pro%2016GB%2B512GB%20%E5%AE%98%E6%96%B9%E6%97%97%E8%88%B0%E5%BA%97,,,16GB+512GB,,,中国大陆,,,,,,unknown,true,,,,pending
vivo,vivo X200 Pro,16,512,16GB+512GB,tmall,https://list.tmall.com/search_product.htm?q=vivo%20vivo%20X200%20Pro%2016GB%2B512GB%20%E5%AE%98%E6%96%B9%E6%97%97%E8%88%B0%E5%BA%97,,,16GB+512GB,,,中国大陆,,,,,,unknown,true,,,,pending
vivo,vivo X200 Pro,16,512,16GB+512GB,pdd,https://mobile.yangkeduo.com/search_result.html?search_key=vivo%20vivo%20X200%20Pro%2016GB%2B512GB%20%E5%AE%98%E6%96%B9%E6%97%97%E8%88%B0%E5%BA%97,,,16GB+512GB,,,中国大陆,,,,,,unknown,true,,,,pending
vivo,vivo X200 Pro,12,256,12GB+256,jd,https://search.jd.com/Search?keyword=vivo%20vivo%20X200%20Pro%2012GB%2B256%20%E5%AE%98%E6%96%B9%E6%97%97%E8%88%B0%E5%BA%97,,,12GB+256,,,中国大陆,,,,,,unknown,true,,,,pending
vivo,vivo X200 Pro,12,256,12GB+256,tmall,https://list.tmall.com/search_product.htm?q=vivo%20vivo%20X200%20Pro%2012GB%2B256%20%E5%AE%98%E6%96%B9%E6%97%97%E8%88%B0%E5%BA%97,,,12GB+256,,,中国大陆,,,,,,unknown,true,,,,pending
vivo,vivo X200 Pro,12,256,12GB+256,pdd,https://mobile.yangkeduo.com/search_result.html?search_key=vivo%20vivo%20X200%20Pro%2012GB%2B256%20%E5%AE%98%E6%96%B9%E6%97%97%E8%88%B0%E5%BA%97,,,12GB+256,,,中国大陆,,,,,,unknown,true,,,,pending
vivo,vivo X200 Pro,16,1024,16GB+1TB,jd,https://search.jd.com/Search?keyword=vivo%20vivo%20X200%20Pro%2016GB%2B1TB%20%E5%AE%98%E6%96%B9%E6%97%97%E8%88%B0%E5%BA%97,,,16GB+1TB,,,中国大陆,,,,,,unknown,true,,,,pending
vivo,vivo X200 Pro,16,1024,16GB+1TB,tmall,https://list.tmall.com/search_product.htm?q=vivo%20vivo%20X200%20Pro%2016GB%2B1TB%20%E5%AE%98%E6%96%B9%E6%97%97%E8%88%B0%E5%BA%97,,,16GB+1TB,,,中国大陆,,,,,,unknown,true,,,,pending
vivo,vivo X200 Pro,16,1024,16GB+1TB,pdd,https://mobile.yangkeduo.com/search_result.html?search_key=vivo%20vivo%20X200%20Pro%2016GB%2B1TB%20%E5%AE%98%E6%96%B9%E6%97%97%E8%88%B0%E5%BA%97,,,16GB+1TB,,,中国大陆,,,,,,unknown,true,,,,pending
Apple,iPhone 17 Pro,,256,256,jd,https://search.jd.com/Search?keyword=Apple%20iPhone%2017%20Pro%20256%20%E5%AE%98%E6%96%B9%E6%97%97%E8%88%B0%E5%BA%97,,,256,,,中国大陆,,,,,,unknown,true,,,,pending
Apple,iPhone 17 Pro,,256,256,tmall,https://list.tmall.com/search_product.htm?q=Apple%20iPhone%2017%20Pro%20256%20%E5%AE%98%E6%96%B9%E6%97%97%E8%88%B0%E5%BA%97,,,256,,,中国大陆,,,,,,unknown,true,,,,pending
Apple,iPhone 17 Pro,,256,256,pdd,https://mobile.yangkeduo.com/search_result.html?search_key=Apple%20iPhone%2017%20Pro%20256%20%E5%AE%98%E6%96%B9%E6%97%97%E8%88%B0%E5%BA%97,,,256,,,中国大陆,,,,,,unknown,true,,,,pending
Apple,iPhone 17 Pro,,512,512,jd,https://search.jd.com/Search?keyword=Apple%20iPhone%2017%20Pro%20512%20%E5%AE%98%E6%96%B9%E6%97%97%E8%88%B0%E5%BA%97,,,512,,,中国大陆,,,,,,unknown,true,,,,pending
Apple,iPhone 17 Pro,,512,512,tmall,https://list.tmall.com/search_product.htm?q=Apple%20iPhone%2017%20Pro%20512%20%E5%AE%98%E6%96%B9%E6%97%97%E8%88%B0%E5%BA%97,,,512,,,中国大陆,,,,,,unknown,true,,,,pending
Apple,iPhone 17 Pro,,512,512,pdd,https://mobile.yangkeduo.com/search_result.html?search_key=Apple%20iPhone%2017%20Pro%20512%20%E5%AE%98%E6%96%B9%E6%97%97%E8%88%B0%E5%BA%97,,,512,,,中国大陆,,,,,,unknown,true,,,,pending
Apple,iPhone 17 Pro,,1024,1TB,jd,https://search.jd.com/Search?keyword=Apple%20iPhone%2017%20Pro%201TB%20%E5%AE%98%E6%96%B9%E6%97%97%E8%88%B0%E5%BA%97,,,1TB,,,中国大陆,,,,,,unknown,true,,,,pending
Apple,iPhone 17 Pro,,1024,1TB,tmall,https://list.tmall.com/search_product.htm?q=Apple%20iPhone%2017%20Pro%201TB%20%E5%AE%98%E6%96%B9%E6%97%97%E8%88%B0%E5%BA%97,,,1TB,,,中国大陆,,,,,,unknown,true,,,,pending
Apple,iPhone 17 Pro,,1024,1TB,pdd,https://mobile.yangkeduo.com/search_result.html?search_key=Apple%20iPhone%2017%20Pro%201TB%20%E5%AE%98%E6%96%B9%E6%97%97%E8%88%B0%E5%BA%97,,,1TB,,,中国大陆,,,,,,unknown,true,,,,pending
Apple,iPhone 17 Pro Max,,256,256,jd,https://search.jd.com/Search?keyword=Apple%20iPhone%2017%20Pro%20Max%20256%20%E5%AE%98%E6%96%B9%E6%97%97%E8%88%B0%E5%BA%97,,,256,,,中国大陆,,,,,,unknown,true,,,,pending
Apple,iPhone 17 Pro Max,,256,256,tmall,https://list.tmall.com/search_product.htm?q=Apple%20iPhone%2017%20Pro%20Max%20256%20%E5%AE%98%E6%96%B9%E6%97%97%E8%88%B0%E5%BA%97,,,256,,,中国大陆,,,,,,unknown,true,,,,pending
Apple,iPhone 17 Pro Max,,256,256,pdd,https://mobile.yangkeduo.com/search_result.html?search_key=Apple%20iPhone%2017%20Pro%20Max%20256%20%E5%AE%98%E6%96%B9%E6%97%97%E8%88%B0%E5%BA%97,,,256,,,中国大陆,,,,,,unknown,true,,,,pending
Apple,iPhone 17 Pro Max,,512,512,jd,https://search.jd.com/Search?keyword=Apple%20iPhone%2017%20Pro%20Max%20512%20%E5%AE%98%E6%96%B9%E6%97%97%E8%88%B0%E5%BA%97,,,512,,,中国大陆,,,,,,unknown,true,,,,pending
Apple,iPhone 17 Pro Max,,512,512,tmall,https://list.tmall.com/search_product.htm?q=Apple%20iPhone%2017%20Pro%20Max%20512%20%E5%AE%98%E6%96%B9%E6%97%97%E8%88%B0%E5%BA%97,,,512,,,中国大陆,,,,,,unknown,true,,,,pending
Apple,iPhone 17 Pro Max,,512,512,pdd,https://mobile.yangkeduo.com/search_result.html?search_key=Apple%20iPhone%2017%20Pro%20Max%20512%20%E5%AE%98%E6%96%B9%E6%97%97%E8%88%B0%E5%BA%97,,,512,,,中国大陆,,,,,,unknown,true,,,,pending
Apple,iPhone 17 Pro Max,,1024,1TB,jd,https://search.jd.com/Search?keyword=Apple%20iPhone%2017%20Pro%20Max%201TB%20%E5%AE%98%E6%96%B9%E6%97%97%E8%88%B0%E5%BA%97,,,1TB,,,中国大陆,,,,,,unknown,true,,,,pending
Apple,iPhone 17 Pro Max,,1024,1TB,tmall,https://list.tmall.com/search_product.htm?q=Apple%20iPhone%2017%20Pro%20Max%201TB%20%E5%AE%98%E6%96%B9%E6%97%97%E8%88%B0%E5%BA%97,,,1TB,,,中国大陆,,,,,,unknown,true,,,,pending
Apple,iPhone 17 Pro Max,,1024,1TB,pdd,https://mobile.yangkeduo.com/search_result.html?search_key=Apple%20iPhone%2017%20Pro%20Max%201TB%20%E5%AE%98%E6%96%B9%E6%97%97%E8%88%B0%E5%BA%97,,,1TB,,,中国大陆,,,,,,unknown,true,,,,pending
Apple,iPhone 17 Pro Max,,2048,2TB,jd,https://search.jd.com/Search?keyword=Apple%20iPhone%2017%20Pro%20Max%202TB%20%E5%AE%98%E6%96%B9%E6%97%97%E8%88%B0%E5%BA%97,,,2TB,,,中国大陆,,,,,,unknown,true,,,,pending
Apple,iPhone 17 Pro Max,,2048,2TB,tmall,https://list.tmall.com/search_product.htm?q=Apple%20iPhone%2017%20Pro%20Max%202TB%20%E5%AE%98%E6%96%B9%E6%97%97%E8%88%B0%E5%BA%97,,,2TB,,,中国大陆,,,,,,unknown,true,,,,pending
Apple,iPhone 17 Pro Max,,2048,2TB,pdd,https://mobile.yangkeduo.com/search_result.html?search_key=Apple%20iPhone%2017%20Pro%20Max%202TB%20%E5%AE%98%E6%96%B9%E6%97%97%E8%88%B0%E5%BA%97,,,2TB,,,中国大陆,,,,,,unknown,true,,,,pending
Apple,iPhone Air,,256,256,jd,https://search.jd.com/Search?keyword=Apple%20iPhone%20Air%20256%20%E5%AE%98%E6%96%B9%E6%97%97%E8%88%B0%E5%BA%97,,,256,,,中国大陆,,,,,,unknown,true,,,,pending
Apple,iPhone Air,,256,256,tmall,https://list.tmall.com/search_product.htm?q=Apple%20iPhone%20Air%20256%20%E5%AE%98%E6%96%B9%E6%97%97%E8%88%B0%E5%BA%97,,,256,,,中国大陆,,,,,,unknown,true,,,,pending
Apple,iPhone Air,,256,256,pdd,https://mobile.yangkeduo.com/search_result.html?search_key=Apple%20iPhone%20Air%20256%20%E5%AE%98%E6%96%B9%E6%97%97%E8%88%B0%E5%BA%97,,,256,,,中国大陆,,,,,,unknown,true,,,,pending
Apple,iPhone Air,,512,512,jd,https://search.jd.com/Search?keyword=Apple%20iPhone%20Air%20512%20%E5%AE%98%E6%96%B9%E6%97%97%E8%88%B0%E5%BA%97,,,512,,,中国大陆,,,,,,unknown,true,,,,pending
Apple,iPhone Air,,512,512,tmall,https://list.tmall.com/search_product.htm?q=Apple%20iPhone%20Air%20512%20%E5%AE%98%E6%96%B9%E6%97%97%E8%88%B0%E5%BA%97,,,512,,,中国大陆,,,,,,unknown,true,,,,pending
Apple,iPhone Air,,512,512,pdd,https://mobile.yangkeduo.com/search_result.html?search_key=Apple%20iPhone%20Air%20512%20%E5%AE%98%E6%96%B9%E6%97%97%E8%88%B0%E5%BA%97,,,512,,,中国大陆,,,,,,unknown,true,,,,pending
Apple,iPhone Air,,1024,1TB,jd,https://search.jd.com/Search?keyword=Apple%20iPhone%20Air%201TB%20%E5%AE%98%E6%96%B9%E6%97%97%E8%88%B0%E5%BA%97,,,1TB,,,中国大陆,,,,,,unknown,true,,,,pending
Apple,iPhone Air,,1024,1TB,tmall,https://list.tmall.com/search_product.htm?q=Apple%20iPhone%20Air%201TB%20%E5%AE%98%E6%96%B9%E6%97%97%E8%88%B0%E5%BA%97,,,1TB,,,中国大陆,,,,,,unknown,true,,,,pending
Apple,iPhone Air,,1024,1TB,pdd,https://mobile.yangkeduo.com/search_result.html?search_key=Apple%20iPhone%20Air%201TB%20%E5%AE%98%E6%96%B9%E6%97%97%E8%88%B0%E5%BA%97,,,1TB,,,中国大陆,,,,,,unknown,true,,,,pending
Apple,iPhone 17e,,128,128,jd,https://search.jd.com/Search?keyword=Apple%20iPhone%2017e%20128%20%E5%AE%98%E6%96%B9%E6%97%97%E8%88%B0%E5%BA%97,,,128,,,中国大陆,,,,,,unknown,true,,,,pending
Apple,iPhone 17e,,128,128,tmall,https://list.tmall.com/search_product.htm?q=Apple%20iPhone%2017e%20128%20%E5%AE%98%E6%96%B9%E6%97%97%E8%88%B0%E5%BA%97,,,128,,,中国大陆,,,,,,unknown,true,,,,pending
Apple,iPhone 17e,,128,128,pdd,https://mobile.yangkeduo.com/search_result.html?search_key=Apple%20iPhone%2017e%20128%20%E5%AE%98%E6%96%B9%E6%97%97%E8%88%B0%E5%BA%97,,,128,,,中国大陆,,,,,,unknown,true,,,,pending
Apple,iPhone 17e,,256,256,jd,https://search.jd.com/Search?keyword=Apple%20iPhone%2017e%20256%20%E5%AE%98%E6%96%B9%E6%97%97%E8%88%B0%E5%BA%97,,,256,,,中国大陆,,,,,,unknown,true,,,,pending
Apple,iPhone 17e,,256,256,tmall,https://list.tmall.com/search_product.htm?q=Apple%20iPhone%2017e%20256%20%E5%AE%98%E6%96%B9%E6%97%97%E8%88%B0%E5%BA%97,,,256,,,中国大陆,,,,,,unknown,true,,,,pending
Apple,iPhone 17e,,256,256,pdd,https://mobile.yangkeduo.com/search_result.html?search_key=Apple%20iPhone%2017e%20256%20%E5%AE%98%E6%96%B9%E6%97%97%E8%88%B0%E5%BA%97,,,256,,,中国大陆,,,,,,unknown,true,,,,pending
Apple,iPhone 17e,,512,512,jd,https://search.jd.com/Search?keyword=Apple%20iPhone%2017e%20512%20%E5%AE%98%E6%96%B9%E6%97%97%E8%88%B0%E5%BA%97,,,512,,,中国大陆,,,,,,unknown,true,,,,pending
Apple,iPhone 17e,,512,512,tmall,https://list.tmall.com/search_product.htm?q=Apple%20iPhone%2017e%20512%20%E5%AE%98%E6%96%B9%E6%97%97%E8%88%B0%E5%BA%97,,,512,,,中国大陆,,,,,,unknown,true,,,,pending
Apple,iPhone 17e,,512,512,pdd,https://mobile.yangkeduo.com/search_result.html?search_key=Apple%20iPhone%2017e%20512%20%E5%AE%98%E6%96%B9%E6%97%97%E8%88%B0%E5%BA%97,,,512,,,中国大陆,,,,,,unknown,true,,,,pending
Apple,iPhone 16,,128,128,jd,https://search.jd.com/Search?keyword=Apple%20iPhone%2016%20128%20%E5%AE%98%E6%96%B9%E6%97%97%E8%88%B0%E5%BA%97,,,128,,,中国大陆,,,,,,unknown,true,,,,pending
Apple,iPhone 16,,128,128,tmall,https://list.tmall.com/search_product.htm?q=Apple%20iPhone%2016%20128%20%E5%AE%98%E6%96%B9%E6%97%97%E8%88%B0%E5%BA%97,,,128,,,中国大陆,,,,,,unknown,true,,,,pending
Apple,iPhone 16,,128,128,pdd,https://mobile.yangkeduo.com/search_result.html?search_key=Apple%20iPhone%2016%20128%20%E5%AE%98%E6%96%B9%E6%97%97%E8%88%B0%E5%BA%97,,,128,,,中国大陆,,,,,,unknown,true,,,,pending
Apple,iPhone 16,,256,256,jd,https://search.jd.com/Search?keyword=Apple%20iPhone%2016%20256%20%E5%AE%98%E6%96%B9%E6%97%97%E8%88%B0%E5%BA%97,,,256,,,中国大陆,,,,,,unknown,true,,,,pending
Apple,iPhone 16,,256,256,tmall,https://list.tmall.com/search_product.htm?q=Apple%20iPhone%2016%20256%20%E5%AE%98%E6%96%B9%E6%97%97%E8%88%B0%E5%BA%97,,,256,,,中国大陆,,,,,,unknown,true,,,,pending
Apple,iPhone 16,,256,256,pdd,https://mobile.yangkeduo.com/search_result.html?search_key=Apple%20iPhone%2016%20256%20%E5%AE%98%E6%96%B9%E6%97%97%E8%88%B0%E5%BA%97,,,256,,,中国大陆,,,,,,unknown,true,,,,pending
Apple,iPhone 16,,512,512,jd,https://search.jd.com/Search?keyword=Apple%20iPhone%2016%20512%20%E5%AE%98%E6%96%B9%E6%97%97%E8%88%B0%E5%BA%97,,,512,,,中国大陆,,,,,,unknown,true,,,,pending
Apple,iPhone 16,,512,512,tmall,https://list.tmall.com/search_product.htm?q=Apple%20iPhone%2016%20512%20%E5%AE%98%E6%96%B9%E6%97%97%E8%88%B0%E5%BA%97,,,512,,,中国大陆,,,,,,unknown,true,,,,pending
Apple,iPhone 16,,512,512,pdd,https://mobile.yangkeduo.com/search_result.html?search_key=Apple%20iPhone%2016%20512%20%E5%AE%98%E6%96%B9%E6%97%97%E8%88%B0%E5%BA%97,,,512,,,中国大陆,,,,,,unknown,true,,,,pending
OPPO,OPPO Find X9 Ultra,12,256,12GB+256,jd,https://search.jd.com/Search?keyword=OPPO%20OPPO%20Find%20X9%20Ultra%2012GB%2B256%20%E5%AE%98%E6%96%B9%E6%97%97%E8%88%B0%E5%BA%97,,,12GB+256,,,中国大陆,,,,,,unknown,true,,,,pending
OPPO,OPPO Find X9 Ultra,12,256,12GB+256,tmall,https://list.tmall.com/search_product.htm?q=OPPO%20OPPO%20Find%20X9%20Ultra%2012GB%2B256%20%E5%AE%98%E6%96%B9%E6%97%97%E8%88%B0%E5%BA%97,,,12GB+256,,,中国大陆,,,,,,unknown,true,,,,pending
OPPO,OPPO Find X9 Ultra,12,256,12GB+256,pdd,https://mobile.yangkeduo.com/search_result.html?search_key=OPPO%20OPPO%20Find%20X9%20Ultra%2012GB%2B256%20%E5%AE%98%E6%96%B9%E6%97%97%E8%88%B0%E5%BA%97,,,12GB+256,,,中国大陆,,,,,,unknown,true,,,,pending
OPPO,OPPO Find X9 Ultra,12,512,12GB+512,jd,https://search.jd.com/Search?keyword=OPPO%20OPPO%20Find%20X9%20Ultra%2012GB%2B512%20%E5%AE%98%E6%96%B9%E6%97%97%E8%88%B0%E5%BA%97,,,12GB+512,,,中国大陆,,,,,,unknown,true,,,,pending
OPPO,OPPO Find X9 Ultra,12,512,12GB+512,tmall,https://list.tmall.com/search_product.htm?q=OPPO%20OPPO%20Find%20X9%20Ultra%2012GB%2B512%20%E5%AE%98%E6%96%B9%E6%97%97%E8%88%B0%E5%BA%97,,,12GB+512,,,中国大陆,,,,,,unknown,true,,,,pending
OPPO,OPPO Find X9 Ultra,12,512,12GB+512,pdd,https://mobile.yangkeduo.com/search_result.html?search_key=OPPO%20OPPO%20Find%20X9%20Ultra%2012GB%2B512%20%E5%AE%98%E6%96%B9%E6%97%97%E8%88%B0%E5%BA%97,,,12GB+512,,,中国大陆,,,,,,unknown,true,,,,pending
OPPO,OPPO Find X9 Ultra,16,512,16GB+512,jd,https://search.jd.com/Search?keyword=OPPO%20OPPO%20Find%20X9%20Ultra%2016GB%2B512%20%E5%AE%98%E6%96%B9%E6%97%97%E8%88%B0%E5%BA%97,,,16GB+512,,,中国大陆,,,,,,unknown,true,,,,pending
OPPO,OPPO Find X9 Ultra,16,512,16GB+512,tmall,https://list.tmall.com/search_product.htm?q=OPPO%20OPPO%20Find%20X9%20Ultra%2016GB%2B512%20%E5%AE%98%E6%96%B9%E6%97%97%E8%88%B0%E5%BA%97,,,16GB+512,,,中国大陆,,,,,,unknown,true,,,,pending
OPPO,OPPO Find X9 Ultra,16,512,16GB+512,pdd,https://mobile.yangkeduo.com/search_result.html?search_key=OPPO%20OPPO%20Find%20X9%20Ultra%2016GB%2B512%20%E5%AE%98%E6%96%B9%E6%97%97%E8%88%B0%E5%BA%97,,,16GB+512,,,中国大陆,,,,,,unknown,true,,,,pending
OPPO,OPPO Find X9 Ultra,16,1024,16GB+1TB,jd,https://search.jd.com/Search?keyword=OPPO%20OPPO%20Find%20X9%20Ultra%2016GB%2B1TB%20%E5%AE%98%E6%96%B9%E6%97%97%E8%88%B0%E5%BA%97,,,16GB+1TB,,,中国大陆,,,,,,unknown,true,,,,pending
OPPO,OPPO Find X9 Ultra,16,1024,16GB+1TB,tmall,https://list.tmall.com/search_product.htm?q=OPPO%20OPPO%20Find%20X9%20Ultra%2016GB%2B1TB%20%E5%AE%98%E6%96%B9%E6%97%97%E8%88%B0%E5%BA%97,,,16GB+1TB,,,中国大陆,,,,,,unknown,true,,,,pending
OPPO,OPPO Find X9 Ultra,16,1024,16GB+1TB,pdd,https://mobile.yangkeduo.com/search_result.html?search_key=OPPO%20OPPO%20Find%20X9%20Ultra%2016GB%2B1TB%20%E5%AE%98%E6%96%B9%E6%97%97%E8%88%B0%E5%BA%97,,,16GB+1TB,,,中国大陆,,,,,,unknown,true,,,,pending
OPPO,OPPO Find X9s Pro,12,256,12GB+256,jd,https://search.jd.com/Search?keyword=OPPO%20OPPO%20Find%20X9s%20Pro%2012GB%2B256%20%E5%AE%98%E6%96%B9%E6%97%97%E8%88%B0%E5%BA%97,,,12GB+256,,,中国大陆,,,,,,unknown,true,,,,pending
OPPO,OPPO Find X9s Pro,12,256,12GB+256,tmall,https://list.tmall.com/search_product.htm?q=OPPO%20OPPO%20Find%20X9s%20Pro%2012GB%2B256%20%E5%AE%98%E6%96%B9%E6%97%97%E8%88%B0%E5%BA%97,,,12GB+256,,,中国大陆,,,,,,unknown,true,,,,pending
OPPO,OPPO Find X9s Pro,12,256,12GB+256,pdd,https://mobile.yangkeduo.com/search_result.html?search_key=OPPO%20OPPO%20Find%20X9s%20Pro%2012GB%2B256%20%E5%AE%98%E6%96%B9%E6%97%97%E8%88%B0%E5%BA%97,,,12GB+256,,,中国大陆,,,,,,unknown,true,,,,pending
OPPO,OPPO Find X9s Pro,12,512,12GB+512,jd,https://search.jd.com/Search?keyword=OPPO%20OPPO%20Find%20X9s%20Pro%2012GB%2B512%20%E5%AE%98%E6%96%B9%E6%97%97%E8%88%B0%E5%BA%97,,,12GB+512,,,中国大陆,,,,,,unknown,true,,,,pending
OPPO,OPPO Find X9s Pro,12,512,12GB+512,tmall,https://list.tmall.com/search_product.htm?q=OPPO%20OPPO%20Find%20X9s%20Pro%2012GB%2B512%20%E5%AE%98%E6%96%B9%E6%97%97%E8%88%B0%E5%BA%97,,,12GB+512,,,中国大陆,,,,,,unknown,true,,,,pending
OPPO,OPPO Find X9s Pro,12,512,12GB+512,pdd,https://mobile.yangkeduo.com/search_result.html?search_key=OPPO%20OPPO%20Find%20X9s%20Pro%2012GB%2B512%20%E5%AE%98%E6%96%B9%E6%97%97%E8%88%B0%E5%BA%97,,,12GB+512,,,中国大陆,,,,,,unknown,true,,,,pending
OPPO,OPPO Find X9s Pro,16,512,16GB+512,jd,https://search.jd.com/Search?keyword=OPPO%20OPPO%20Find%20X9s%20Pro%2016GB%2B512%20%E5%AE%98%E6%96%B9%E6%97%97%E8%88%B0%E5%BA%97,,,16GB+512,,,中国大陆,,,,,,unknown,true,,,,pending
OPPO,OPPO Find X9s Pro,16,512,16GB+512,tmall,https://list.tmall.com/search_product.htm?q=OPPO%20OPPO%20Find%20X9s%20Pro%2016GB%2B512%20%E5%AE%98%E6%96%B9%E6%97%97%E8%88%B0%E5%BA%97,,,16GB+512,,,中国大陆,,,,,,unknown,true,,,,pending
OPPO,OPPO Find X9s Pro,16,512,16GB+512,pdd,https://mobile.yangkeduo.com/search_result.html?search_key=OPPO%20OPPO%20Find%20X9s%20Pro%2016GB%2B512%20%E5%AE%98%E6%96%B9%E6%97%97%E8%88%B0%E5%BA%97,,,16GB+512,,,中国大陆,,,,,,unknown,true,,,,pending
OPPO,OPPO Find X9s Pro,16,1024,16GB+1TB,jd,https://search.jd.com/Search?keyword=OPPO%20OPPO%20Find%20X9s%20Pro%2016GB%2B1TB%20%E5%AE%98%E6%96%B9%E6%97%97%E8%88%B0%E5%BA%97,,,16GB+1TB,,,中国大陆,,,,,,unknown,true,,,,pending
OPPO,OPPO Find X9s Pro,16,1024,16GB+1TB,tmall,https://list.tmall.com/search_product.htm?q=OPPO%20OPPO%20Find%20X9s%20Pro%2016GB%2B1TB%20%E5%AE%98%E6%96%B9%E6%97%97%E8%88%B0%E5%BA%97,,,16GB+1TB,,,中国大陆,,,,,,unknown,true,,,,pending
OPPO,OPPO Find X9s Pro,16,1024,16GB+1TB,pdd,https://mobile.yangkeduo.com/search_result.html?search_key=OPPO%20OPPO%20Find%20X9s%20Pro%2016GB%2B1TB%20%E5%AE%98%E6%96%B9%E6%97%97%E8%88%B0%E5%BA%97,,,16GB+1TB,,,中国大陆,,,,,,unknown,true,,,,pending
OPPO,OPPO Find X9 Pro,12,256,12GB+256,jd,https://search.jd.com/Search?keyword=OPPO%20OPPO%20Find%20X9%20Pro%2012GB%2B256%20%E5%AE%98%E6%96%B9%E6%97%97%E8%88%B0%E5%BA%97,,,12GB+256,,,中国大陆,,,,,,unknown,true,,,,pending
OPPO,OPPO Find X9 Pro,12,256,12GB+256,tmall,https://list.tmall.com/search_product.htm?q=OPPO%20OPPO%20Find%20X9%20Pro%2012GB%2B256%20%E5%AE%98%E6%96%B9%E6%97%97%E8%88%B0%E5%BA%97,,,12GB+256,,,中国大陆,,,,,,unknown,true,,,,pending
OPPO,OPPO Find X9 Pro,12,256,12GB+256,pdd,https://mobile.yangkeduo.com/search_result.html?search_key=OPPO%20OPPO%20Find%20X9%20Pro%2012GB%2B256%20%E5%AE%98%E6%96%B9%E6%97%97%E8%88%B0%E5%BA%97,,,12GB+256,,,中国大陆,,,,,,unknown,true,,,,pending
OPPO,OPPO Find X9 Pro,12,512,12GB+512,jd,https://search.jd.com/Search?keyword=OPPO%20OPPO%20Find%20X9%20Pro%2012GB%2B512%20%E5%AE%98%E6%96%B9%E6%97%97%E8%88%B0%E5%BA%97,,,12GB+512,,,中国大陆,,,,,,unknown,true,,,,pending
OPPO,OPPO Find X9 Pro,12,512,12GB+512,tmall,https://list.tmall.com/search_product.htm?q=OPPO%20OPPO%20Find%20X9%20Pro%2012GB%2B512%20%E5%AE%98%E6%96%B9%E6%97%97%E8%88%B0%E5%BA%97,,,12GB+512,,,中国大陆,,,,,,unknown,true,,,,pending
OPPO,OPPO Find X9 Pro,12,512,12GB+512,pdd,https://mobile.yangkeduo.com/search_result.html?search_key=OPPO%20OPPO%20Find%20X9%20Pro%2012GB%2B512%20%E5%AE%98%E6%96%B9%E6%97%97%E8%88%B0%E5%BA%97,,,12GB+512,,,中国大陆,,,,,,unknown,true,,,,pending
OPPO,OPPO Find X9 Pro,16,512,16GB+512,jd,https://search.jd.com/Search?keyword=OPPO%20OPPO%20Find%20X9%20Pro%2016GB%2B512%20%E5%AE%98%E6%96%B9%E6%97%97%E8%88%B0%E5%BA%97,,,16GB+512,,,中国大陆,,,,,,unknown,true,,,,pending
OPPO,OPPO Find X9 Pro,16,512,16GB+512,tmall,https://list.tmall.com/search_product.htm?q=OPPO%20OPPO%20Find%20X9%20Pro%2016GB%2B512%20%E5%AE%98%E6%96%B9%E6%97%97%E8%88%B0%E5%BA%97,,,16GB+512,,,中国大陆,,,,,,unknown,true,,,,pending
OPPO,OPPO Find X9 Pro,16,512,16GB+512,pdd,https://mobile.yangkeduo.com/search_result.html?search_key=OPPO%20OPPO%20Find%20X9%20Pro%2016GB%2B512%20%E5%AE%98%E6%96%B9%E6%97%97%E8%88%B0%E5%BA%97,,,16GB+512,,,中国大陆,,,,,,unknown,true,,,,pending
OPPO,OPPO Find X9 Pro,16,1024,16GB+1TB,jd,https://search.jd.com/Search?keyword=OPPO%20OPPO%20Find%20X9%20Pro%2016GB%2B1TB%20%E5%AE%98%E6%96%B9%E6%97%97%E8%88%B0%E5%BA%97,,,16GB+1TB,,,中国大陆,,,,,,unknown,true,,,,pending
OPPO,OPPO Find X9 Pro,16,1024,16GB+1TB,tmall,https://list.tmall.com/search_product.htm?q=OPPO%20OPPO%20Find%20X9%20Pro%2016GB%2B1TB%20%E5%AE%98%E6%96%B9%E6%97%97%E8%88%B0%E5%BA%97,,,16GB+1TB,,,中国大陆,,,,,,unknown,true,,,,pending
OPPO,OPPO Find X9 Pro,16,1024,16GB+1TB,pdd,https://mobile.yangkeduo.com/search_result.html?search_key=OPPO%20OPPO%20Find%20X9%20Pro%2016GB%2B1TB%20%E5%AE%98%E6%96%B9%E6%97%97%E8%88%B0%E5%BA%97,,,16GB+1TB,,,中国大陆,,,,,,unknown,true,,,,pending
OPPO,OPPO Find X9,12,256,12GB+256,jd,https://search.jd.com/Search?keyword=OPPO%20OPPO%20Find%20X9%2012GB%2B256%20%E5%AE%98%E6%96%B9%E6%97%97%E8%88%B0%E5%BA%97,,,12GB+256,,,中国大陆,,,,,,unknown,true,,,,pending
OPPO,OPPO Find X9,12,256,12GB+256,tmall,https://list.tmall.com/search_product.htm?q=OPPO%20OPPO%20Find%20X9%2012GB%2B256%20%E5%AE%98%E6%96%B9%E6%97%97%E8%88%B0%E5%BA%97,,,12GB+256,,,中国大陆,,,,,,unknown,true,,,,pending
OPPO,OPPO Find X9,12,256,12GB+256,pdd,https://mobile.yangkeduo.com/search_result.html?search_key=OPPO%20OPPO%20Find%20X9%2012GB%2B256%20%E5%AE%98%E6%96%B9%E6%97%97%E8%88%B0%E5%BA%97,,,12GB+256,,,中国大陆,,,,,,unknown,true,,,,pending
OPPO,OPPO Find X9,12,512,12GB+512,jd,https://search.jd.com/Search?keyword=OPPO%20OPPO%20Find%20X9%2012GB%2B512%20%E5%AE%98%E6%96%B9%E6%97%97%E8%88%B0%E5%BA%97,,,12GB+512,,,中国大陆,,,,,,unknown,true,,,,pending
OPPO,OPPO Find X9,12,512,12GB+512,tmall,https://list.tmall.com/search_product.htm?q=OPPO%20OPPO%20Find%20X9%2012GB%2B512%20%E5%AE%98%E6%96%B9%E6%97%97%E8%88%B0%E5%BA%97,,,12GB+512,,,中国大陆,,,,,,unknown,true,,,,pending
OPPO,OPPO Find X9,12,512,12GB+512,pdd,https://mobile.yangkeduo.com/search_result.html?search_key=OPPO%20OPPO%20Find%20X9%2012GB%2B512%20%E5%AE%98%E6%96%B9%E6%97%97%E8%88%B0%E5%BA%97,,,12GB+512,,,中国大陆,,,,,,unknown,true,,,,pending
OPPO,OPPO Find X9,16,256,16GB+256,jd,https://search.jd.com/Search?keyword=OPPO%20OPPO%20Find%20X9%2016GB%2B256%20%E5%AE%98%E6%96%B9%E6%97%97%E8%88%B0%E5%BA%97,,,16GB+256,,,中国大陆,,,,,,unknown,true,,,,pending
OPPO,OPPO Find X9,16,256,16GB+256,tmall,https://list.tmall.com/search_product.htm?q=OPPO%20OPPO%20Find%20X9%2016GB%2B256%20%E5%AE%98%E6%96%B9%E6%97%97%E8%88%B0%E5%BA%97,,,16GB+256,,,中国大陆,,,,,,unknown,true,,,,pending
OPPO,OPPO Find X9,16,256,16GB+256,pdd,https://mobile.yangkeduo.com/search_result.html?search_key=OPPO%20OPPO%20Find%20X9%2016GB%2B256%20%E5%AE%98%E6%96%B9%E6%97%97%E8%88%B0%E5%BA%97,,,16GB+256,,,中国大陆,,,,,,unknown,true,,,,pending
OPPO,OPPO Find X9,16,512,16GB+512,jd,https://search.jd.com/Search?keyword=OPPO%20OPPO%20Find%20X9%2016GB%2B512%20%E5%AE%98%E6%96%B9%E6%97%97%E8%88%B0%E5%BA%97,,,16GB+512,,,中国大陆,,,,,,unknown,true,,,,pending
OPPO,OPPO Find X9,16,512,16GB+512,tmall,https://list.tmall.com/search_product.htm?q=OPPO%20OPPO%20Find%20X9%2016GB%2B512%20%E5%AE%98%E6%96%B9%E6%97%97%E8%88%B0%E5%BA%97,,,16GB+512,,,中国大陆,,,,,,unknown,true,,,,pending
OPPO,OPPO Find X9,16,512,16GB+512,pdd,https://mobile.yangkeduo.com/search_result.html?search_key=OPPO%20OPPO%20Find%20X9%2016GB%2B512%20%E5%AE%98%E6%96%B9%E6%97%97%E8%88%B0%E5%BA%97,,,16GB+512,,,中国大陆,,,,,,unknown,true,,,,pending
OPPO,OPPO Find X9,16,1024,16GB+1TB,jd,https://search.jd.com/Search?keyword=OPPO%20OPPO%20Find%20X9%2016GB%2B1TB%20%E5%AE%98%E6%96%B9%E6%97%97%E8%88%B0%E5%BA%97,,,16GB+1TB,,,中国大陆,,,,,,unknown,true,,,,pending
OPPO,OPPO Find X9,16,1024,16GB+1TB,tmall,https://list.tmall.com/search_product.htm?q=OPPO%20OPPO%20Find%20X9%2016GB%2B1TB%20%E5%AE%98%E6%96%B9%E6%97%97%E8%88%B0%E5%BA%97,,,16GB+1TB,,,中国大陆,,,,,,unknown,true,,,,pending
OPPO,OPPO Find X9,16,1024,16GB+1TB,pdd,https://mobile.yangkeduo.com/search_result.html?search_key=OPPO%20OPPO%20Find%20X9%2016GB%2B1TB%20%E5%AE%98%E6%96%B9%E6%97%97%E8%88%B0%E5%BA%97,,,16GB+1TB,,,中国大陆,,,,,,unknown,true,,,,pending
OPPO,OPPO Reno16 Pro,12,256,12GB+256,jd,https://search.jd.com/Search?keyword=OPPO%20OPPO%20Reno16%20Pro%2012GB%2B256%20%E5%AE%98%E6%96%B9%E6%97%97%E8%88%B0%E5%BA%97,,,12GB+256,,,中国大陆,,,,,,unknown,true,,,,pending
OPPO,OPPO Reno16 Pro,12,256,12GB+256,tmall,https://list.tmall.com/search_product.htm?q=OPPO%20OPPO%20Reno16%20Pro%2012GB%2B256%20%E5%AE%98%E6%96%B9%E6%97%97%E8%88%B0%E5%BA%97,,,12GB+256,,,中国大陆,,,,,,unknown,true,,,,pending
OPPO,OPPO Reno16 Pro,12,256,12GB+256,pdd,https://mobile.yangkeduo.com/search_result.html?search_key=OPPO%20OPPO%20Reno16%20Pro%2012GB%2B256%20%E5%AE%98%E6%96%B9%E6%97%97%E8%88%B0%E5%BA%97,,,12GB+256,,,中国大陆,,,,,,unknown,true,,,,pending
OPPO,OPPO Reno16 Pro,12,512,12GB+512,jd,https://search.jd.com/Search?keyword=OPPO%20OPPO%20Reno16%20Pro%2012GB%2B512%20%E5%AE%98%E6%96%B9%E6%97%97%E8%88%B0%E5%BA%97,,,12GB+512,,,中国大陆,,,,,,unknown,true,,,,pending
OPPO,OPPO Reno16 Pro,12,512,12GB+512,tmall,https://list.tmall.com/search_product.htm?q=OPPO%20OPPO%20Reno16%20Pro%2012GB%2B512%20%E5%AE%98%E6%96%B9%E6%97%97%E8%88%B0%E5%BA%97,,,12GB+512,,,中国大陆,,,,,,unknown,true,,,,pending
OPPO,OPPO Reno16 Pro,12,512,12GB+512,pdd,https://mobile.yangkeduo.com/search_result.html?search_key=OPPO%20OPPO%20Reno16%20Pro%2012GB%2B512%20%E5%AE%98%E6%96%B9%E6%97%97%E8%88%B0%E5%BA%97,,,12GB+512,,,中国大陆,,,,,,unknown,true,,,,pending
OPPO,OPPO Reno16 Pro,16,512,16GB+512,jd,https://search.jd.com/Search?keyword=OPPO%20OPPO%20Reno16%20Pro%2016GB%2B512%20%E5%AE%98%E6%96%B9%E6%97%97%E8%88%B0%E5%BA%97,,,16GB+512,,,中国大陆,,,,,,unknown,true,,,,pending
OPPO,OPPO Reno16 Pro,16,512,16GB+512,tmall,https://list.tmall.com/search_product.htm?q=OPPO%20OPPO%20Reno16%20Pro%2016GB%2B512%20%E5%AE%98%E6%96%B9%E6%97%97%E8%88%B0%E5%BA%97,,,16GB+512,,,中国大陆,,,,,,unknown,true,,,,pending
OPPO,OPPO Reno16 Pro,16,512,16GB+512,pdd,https://mobile.yangkeduo.com/search_result.html?search_key=OPPO%20OPPO%20Reno16%20Pro%2016GB%2B512%20%E5%AE%98%E6%96%B9%E6%97%97%E8%88%B0%E5%BA%97,,,16GB+512,,,中国大陆,,,,,,unknown,true,,,,pending
OPPO,OPPO Reno16,12,256,12GB+256,jd,https://search.jd.com/Search?keyword=OPPO%20OPPO%20Reno16%2012GB%2B256%20%E5%AE%98%E6%96%B9%E6%97%97%E8%88%B0%E5%BA%97,,,12GB+256,,,中国大陆,,,,,,unknown,true,,,,pending
OPPO,OPPO Reno16,12,256,12GB+256,tmall,https://list.tmall.com/search_product.htm?q=OPPO%20OPPO%20Reno16%2012GB%2B256%20%E5%AE%98%E6%96%B9%E6%97%97%E8%88%B0%E5%BA%97,,,12GB+256,,,中国大陆,,,,,,unknown,true,,,,pending
OPPO,OPPO Reno16,12,256,12GB+256,pdd,https://mobile.yangkeduo.com/search_result.html?search_key=OPPO%20OPPO%20Reno16%2012GB%2B256%20%E5%AE%98%E6%96%B9%E6%97%97%E8%88%B0%E5%BA%97,,,12GB+256,,,中国大陆,,,,,,unknown,true,,,,pending
OPPO,OPPO Reno16,12,512,12GB+512,jd,https://search.jd.com/Search?keyword=OPPO%20OPPO%20Reno16%2012GB%2B512%20%E5%AE%98%E6%96%B9%E6%97%97%E8%88%B0%E5%BA%97,,,12GB+512,,,中国大陆,,,,,,unknown,true,,,,pending
OPPO,OPPO Reno16,12,512,12GB+512,tmall,https://list.tmall.com/search_product.htm?q=OPPO%20OPPO%20Reno16%2012GB%2B512%20%E5%AE%98%E6%96%B9%E6%97%97%E8%88%B0%E5%BA%97,,,12GB+512,,,中国大陆,,,,,,unknown,true,,,,pending
OPPO,OPPO Reno16,12,512,12GB+512,pdd,https://mobile.yangkeduo.com/search_result.html?search_key=OPPO%20OPPO%20Reno16%2012GB%2B512%20%E5%AE%98%E6%96%B9%E6%97%97%E8%88%B0%E5%BA%97,,,12GB+512,,,中国大陆,,,,,,unknown,true,,,,pending
OPPO,OPPO Reno16,16,256,16GB+256,jd,https://search.jd.com/Search?keyword=OPPO%20OPPO%20Reno16%2016GB%2B256%20%E5%AE%98%E6%96%B9%E6%97%97%E8%88%B0%E5%BA%97,,,16GB+256,,,中国大陆,,,,,,unknown,true,,,,pending
OPPO,OPPO Reno16,16,256,16GB+256,tmall,https://list.tmall.com/search_product.htm?q=OPPO%20OPPO%20Reno16%2016GB%2B256%20%E5%AE%98%E6%96%B9%E6%97%97%E8%88%B0%E5%BA%97,,,16GB+256,,,中国大陆,,,,,,unknown,true,,,,pending
OPPO,OPPO Reno16,16,256,16GB+256,pdd,https://mobile.yangkeduo.com/search_result.html?search_key=OPPO%20OPPO%20Reno16%2016GB%2B256%20%E5%AE%98%E6%96%B9%E6%97%97%E8%88%B0%E5%BA%97,,,16GB+256,,,中国大陆,,,,,,unknown,true,,,,pending
OPPO,OPPO Reno16,16,512,16GB+512,jd,https://search.jd.com/Search?keyword=OPPO%20OPPO%20Reno16%2016GB%2B512%20%E5%AE%98%E6%96%B9%E6%97%97%E8%88%B0%E5%BA%97,,,16GB+512,,,中国大陆,,,,,,unknown,true,,,,pending
OPPO,OPPO Reno16,16,512,16GB+512,tmall,https://list.tmall.com/search_product.htm?q=OPPO%20OPPO%20Reno16%2016GB%2B512%20%E5%AE%98%E6%96%B9%E6%97%97%E8%88%B0%E5%BA%97,,,16GB+512,,,中国大陆,,,,,,unknown,true,,,,pending
OPPO,OPPO Reno16,16,512,16GB+512,pdd,https://mobile.yangkeduo.com/search_result.html?search_key=OPPO%20OPPO%20Reno16%2016GB%2B512%20%E5%AE%98%E6%96%B9%E6%97%97%E8%88%B0%E5%BA%97,,,16GB+512,,,中国大陆,,,,,,unknown,true,,,,pending
OPPO,OPPO Reno16,16,1024,16GB+1TB,jd,https://search.jd.com/Search?keyword=OPPO%20OPPO%20Reno16%2016GB%2B1TB%20%E5%AE%98%E6%96%B9%E6%97%97%E8%88%B0%E5%BA%97,,,16GB+1TB,,,中国大陆,,,,,,unknown,true,,,,pending
OPPO,OPPO Reno16,16,1024,16GB+1TB,tmall,https://list.tmall.com/search_product.htm?q=OPPO%20OPPO%20Reno16%2016GB%2B1TB%20%E5%AE%98%E6%96%B9%E6%97%97%E8%88%B0%E5%BA%97,,,16GB+1TB,,,中国大陆,,,,,,unknown,true,,,,pending
OPPO,OPPO Reno16,16,1024,16GB+1TB,pdd,https://mobile.yangkeduo.com/search_result.html?search_key=OPPO%20OPPO%20Reno16%2016GB%2B1TB%20%E5%AE%98%E6%96%B9%E6%97%97%E8%88%B0%E5%BA%97,,,16GB+1TB,,,中国大陆,,,,,,unknown,true,,,,pending
OPPO,OPPO K15 Pro,12,256,12GB+256,jd,https://search.jd.com/Search?keyword=OPPO%20OPPO%20K15%20Pro%2012GB%2B256%20%E5%AE%98%E6%96%B9%E6%97%97%E8%88%B0%E5%BA%97,,,12GB+256,,,中国大陆,,,,,,unknown,true,,,,pending
OPPO,OPPO K15 Pro,12,256,12GB+256,tmall,https://list.tmall.com/search_product.htm?q=OPPO%20OPPO%20K15%20Pro%2012GB%2B256%20%E5%AE%98%E6%96%B9%E6%97%97%E8%88%B0%E5%BA%97,,,12GB+256,,,中国大陆,,,,,,unknown,true,,,,pending
OPPO,OPPO K15 Pro,12,256,12GB+256,pdd,https://mobile.yangkeduo.com/search_result.html?search_key=OPPO%20OPPO%20K15%20Pro%2012GB%2B256%20%E5%AE%98%E6%96%B9%E6%97%97%E8%88%B0%E5%BA%97,,,12GB+256,,,中国大陆,,,,,,unknown,true,,,,pending
OPPO,OPPO K15 Pro,12,512,12GB+512,jd,https://search.jd.com/Search?keyword=OPPO%20OPPO%20K15%20Pro%2012GB%2B512%20%E5%AE%98%E6%96%B9%E6%97%97%E8%88%B0%E5%BA%97,,,12GB+512,,,中国大陆,,,,,,unknown,true,,,,pending
OPPO,OPPO K15 Pro,12,512,12GB+512,tmall,https://list.tmall.com/search_product.htm?q=OPPO%20OPPO%20K15%20Pro%2012GB%2B512%20%E5%AE%98%E6%96%B9%E6%97%97%E8%88%B0%E5%BA%97,,,12GB+512,,,中国大陆,,,,,,unknown,true,,,,pending
OPPO,OPPO K15 Pro,12,512,12GB+512,pdd,https://mobile.yangkeduo.com/search_result.html?search_key=OPPO%20OPPO%20K15%20Pro%2012GB%2B512%20%E5%AE%98%E6%96%B9%E6%97%97%E8%88%B0%E5%BA%97,,,12GB+512,,,中国大陆,,,,,,unknown,true,,,,pending
OPPO,OPPO A6s Pro,8,128,8GB+128,jd,https://search.jd.com/Search?keyword=OPPO%20OPPO%20A6s%20Pro%208GB%2B128%20%E5%AE%98%E6%96%B9%E6%97%97%E8%88%B0%E5%BA%97,,,8GB+128,,,中国大陆,,,,,,unknown,true,,,,pending
OPPO,OPPO A6s Pro,8,128,8GB+128,tmall,https://list.tmall.com/search_product.htm?q=OPPO%20OPPO%20A6s%20Pro%208GB%2B128%20%E5%AE%98%E6%96%B9%E6%97%97%E8%88%B0%E5%BA%97,,,8GB+128,,,中国大陆,,,,,,unknown,true,,,,pending
OPPO,OPPO A6s Pro,8,128,8GB+128,pdd,https://mobile.yangkeduo.com/search_result.html?search_key=OPPO%20OPPO%20A6s%20Pro%208GB%2B128%20%E5%AE%98%E6%96%B9%E6%97%97%E8%88%B0%E5%BA%97,,,8GB+128,,,中国大陆,,,,,,unknown,true,,,,pending
OPPO,OPPO A6s Pro,8,256,8GB+256,jd,https://search.jd.com/Search?keyword=OPPO%20OPPO%20A6s%20Pro%208GB%2B256%20%E5%AE%98%E6%96%B9%E6%97%97%E8%88%B0%E5%BA%97,,,8GB+256,,,中国大陆,,,,,,unknown,true,,,,pending
OPPO,OPPO A6s Pro,8,256,8GB+256,tmall,https://list.tmall.com/search_product.htm?q=OPPO%20OPPO%20A6s%20Pro%208GB%2B256%20%E5%AE%98%E6%96%B9%E6%97%97%E8%88%B0%E5%BA%97,,,8GB+256,,,中国大陆,,,,,,unknown,true,,,,pending
OPPO,OPPO A6s Pro,8,256,8GB+256,pdd,https://mobile.yangkeduo.com/search_result.html?search_key=OPPO%20OPPO%20A6s%20Pro%208GB%2B256%20%E5%AE%98%E6%96%B9%E6%97%97%E8%88%B0%E5%BA%97,,,8GB+256,,,中国大陆,,,,,,unknown,true,,,,pending
OPPO,OPPO A6s Pro,12,256,12GB+256,jd,https://search.jd.com/Search?keyword=OPPO%20OPPO%20A6s%20Pro%2012GB%2B256%20%E5%AE%98%E6%96%B9%E6%97%97%E8%88%B0%E5%BA%97,,,12GB+256,,,中国大陆,,,,,,unknown,true,,,,pending
OPPO,OPPO A6s Pro,12,256,12GB+256,tmall,https://list.tmall.com/search_product.htm?q=OPPO%20OPPO%20A6s%20Pro%2012GB%2B256%20%E5%AE%98%E6%96%B9%E6%97%97%E8%88%B0%E5%BA%97,,,12GB+256,,,中国大陆,,,,,,unknown,true,,,,pending
OPPO,OPPO A6s Pro,12,256,12GB+256,pdd,https://mobile.yangkeduo.com/search_result.html?search_key=OPPO%20OPPO%20A6s%20Pro%2012GB%2B256%20%E5%AE%98%E6%96%B9%E6%97%97%E8%88%B0%E5%BA%97,,,12GB+256,,,中国大陆,,,,,,unknown,true,,,,pending
OPPO,OPPO A6s Pro,12,512,12GB+512,jd,https://search.jd.com/Search?keyword=OPPO%20OPPO%20A6s%20Pro%2012GB%2B512%20%E5%AE%98%E6%96%B9%E6%97%97%E8%88%B0%E5%BA%97,,,12GB+512,,,中国大陆,,,,,,unknown,true,,,,pending
OPPO,OPPO A6s Pro,12,512,12GB+512,tmall,https://list.tmall.com/search_product.htm?q=OPPO%20OPPO%20A6s%20Pro%2012GB%2B512%20%E5%AE%98%E6%96%B9%E6%97%97%E8%88%B0%E5%BA%97,,,12GB+512,,,中国大陆,,,,,,unknown,true,,,,pending
OPPO,OPPO A6s Pro,12,512,12GB+512,pdd,https://mobile.yangkeduo.com/search_result.html?search_key=OPPO%20OPPO%20A6s%20Pro%2012GB%2B512%20%E5%AE%98%E6%96%B9%E6%97%97%E8%88%B0%E5%BA%97,,,12GB+512,,,中国大陆,,,,,,unknown,true,,,,pending
vivo,vivo X300 Ultra,12,256,12GB+256,jd,https://search.jd.com/Search?keyword=vivo%20vivo%20X300%20Ultra%2012GB%2B256%20%E5%AE%98%E6%96%B9%E6%97%97%E8%88%B0%E5%BA%97,,,12GB+256,,,中国大陆,,,,,,unknown,true,,,,pending
vivo,vivo X300 Ultra,12,256,12GB+256,tmall,https://list.tmall.com/search_product.htm?q=vivo%20vivo%20X300%20Ultra%2012GB%2B256%20%E5%AE%98%E6%96%B9%E6%97%97%E8%88%B0%E5%BA%97,,,12GB+256,,,中国大陆,,,,,,unknown,true,,,,pending
vivo,vivo X300 Ultra,12,256,12GB+256,pdd,https://mobile.yangkeduo.com/search_result.html?search_key=vivo%20vivo%20X300%20Ultra%2012GB%2B256%20%E5%AE%98%E6%96%B9%E6%97%97%E8%88%B0%E5%BA%97,,,12GB+256,,,中国大陆,,,,,,unknown,true,,,,pending
vivo,vivo X300 Ultra,12,512,12GB+512,jd,https://search.jd.com/Search?keyword=vivo%20vivo%20X300%20Ultra%2012GB%2B512%20%E5%AE%98%E6%96%B9%E6%97%97%E8%88%B0%E5%BA%97,,,12GB+512,,,中国大陆,,,,,,unknown,true,,,,pending
vivo,vivo X300 Ultra,12,512,12GB+512,tmall,https://list.tmall.com/search_product.htm?q=vivo%20vivo%20X300%20Ultra%2012GB%2B512%20%E5%AE%98%E6%96%B9%E6%97%97%E8%88%B0%E5%BA%97,,,12GB+512,,,中国大陆,,,,,,unknown,true,,,,pending
vivo,vivo X300 Ultra,12,512,12GB+512,pdd,https://mobile.yangkeduo.com/search_result.html?search_key=vivo%20vivo%20X300%20Ultra%2012GB%2B512%20%E5%AE%98%E6%96%B9%E6%97%97%E8%88%B0%E5%BA%97,,,12GB+512,,,中国大陆,,,,,,unknown,true,,,,pending
vivo,vivo X300 Ultra,16,512,16GB+512,jd,https://search.jd.com/Search?keyword=vivo%20vivo%20X300%20Ultra%2016GB%2B512%20%E5%AE%98%E6%96%B9%E6%97%97%E8%88%B0%E5%BA%97,,,16GB+512,,,中国大陆,,,,,,unknown,true,,,,pending
vivo,vivo X300 Ultra,16,512,16GB+512,tmall,https://list.tmall.com/search_product.htm?q=vivo%20vivo%20X300%20Ultra%2016GB%2B512%20%E5%AE%98%E6%96%B9%E6%97%97%E8%88%B0%E5%BA%97,,,16GB+512,,,中国大陆,,,,,,unknown,true,,,,pending
vivo,vivo X300 Ultra,16,512,16GB+512,pdd,https://mobile.yangkeduo.com/search_result.html?search_key=vivo%20vivo%20X300%20Ultra%2016GB%2B512%20%E5%AE%98%E6%96%B9%E6%97%97%E8%88%B0%E5%BA%97,,,16GB+512,,,中国大陆,,,,,,unknown,true,,,,pending
vivo,vivo X300 Ultra,16,1024,16GB+1TB,jd,https://search.jd.com/Search?keyword=vivo%20vivo%20X300%20Ultra%2016GB%2B1TB%20%E5%AE%98%E6%96%B9%E6%97%97%E8%88%B0%E5%BA%97,,,16GB+1TB,,,中国大陆,,,,,,unknown,true,,,,pending
vivo,vivo X300 Ultra,16,1024,16GB+1TB,tmall,https://list.tmall.com/search_product.htm?q=vivo%20vivo%20X300%20Ultra%2016GB%2B1TB%20%E5%AE%98%E6%96%B9%E6%97%97%E8%88%B0%E5%BA%97,,,16GB+1TB,,,中国大陆,,,,,,unknown,true,,,,pending
vivo,vivo X300 Ultra,16,1024,16GB+1TB,pdd,https://mobile.yangkeduo.com/search_result.html?search_key=vivo%20vivo%20X300%20Ultra%2016GB%2B1TB%20%E5%AE%98%E6%96%B9%E6%97%97%E8%88%B0%E5%BA%97,,,16GB+1TB,,,中国大陆,,,,,,unknown,true,,,,pending
vivo,vivo X300 Pro,12,256,12GB+256,jd,https://search.jd.com/Search?keyword=vivo%20vivo%20X300%20Pro%2012GB%2B256%20%E5%AE%98%E6%96%B9%E6%97%97%E8%88%B0%E5%BA%97,,,12GB+256,,,中国大陆,,,,,,unknown,true,,,,pending
vivo,vivo X300 Pro,12,256,12GB+256,tmall,https://list.tmall.com/search_product.htm?q=vivo%20vivo%20X300%20Pro%2012GB%2B256%20%E5%AE%98%E6%96%B9%E6%97%97%E8%88%B0%E5%BA%97,,,12GB+256,,,中国大陆,,,,,,unknown,true,,,,pending
vivo,vivo X300 Pro,12,256,12GB+256,pdd,https://mobile.yangkeduo.com/search_result.html?search_key=vivo%20vivo%20X300%20Pro%2012GB%2B256%20%E5%AE%98%E6%96%B9%E6%97%97%E8%88%B0%E5%BA%97,,,12GB+256,,,中国大陆,,,,,,unknown,true,,,,pending
vivo,vivo X300 Pro,16,512,16GB+512,jd,https://search.jd.com/Search?keyword=vivo%20vivo%20X300%20Pro%2016GB%2B512%20%E5%AE%98%E6%96%B9%E6%97%97%E8%88%B0%E5%BA%97,,,16GB+512,,,中国大陆,,,,,,unknown,true,,,,pending
vivo,vivo X300 Pro,16,512,16GB+512,tmall,https://list.tmall.com/search_product.htm?q=vivo%20vivo%20X300%20Pro%2016GB%2B512%20%E5%AE%98%E6%96%B9%E6%97%97%E8%88%B0%E5%BA%97,,,16GB+512,,,中国大陆,,,,,,unknown,true,,,,pending
vivo,vivo X300 Pro,16,512,16GB+512,pdd,https://mobile.yangkeduo.com/search_result.html?search_key=vivo%20vivo%20X300%20Pro%2016GB%2B512%20%E5%AE%98%E6%96%B9%E6%97%97%E8%88%B0%E5%BA%97,,,16GB+512,,,中国大陆,,,,,,unknown,true,,,,pending
vivo,vivo X300 Pro,16,1024,16GB+1TB,jd,https://search.jd.com/Search?keyword=vivo%20vivo%20X300%20Pro%2016GB%2B1TB%20%E5%AE%98%E6%96%B9%E6%97%97%E8%88%B0%E5%BA%97,,,16GB+1TB,,,中国大陆,,,,,,unknown,true,,,,pending
vivo,vivo X300 Pro,16,1024,16GB+1TB,tmall,https://list.tmall.com/search_product.htm?q=vivo%20vivo%20X300%20Pro%2016GB%2B1TB%20%E5%AE%98%E6%96%B9%E6%97%97%E8%88%B0%E5%BA%97,,,16GB+1TB,,,中国大陆,,,,,,unknown,true,,,,pending
vivo,vivo X300 Pro,16,1024,16GB+1TB,pdd,https://mobile.yangkeduo.com/search_result.html?search_key=vivo%20vivo%20X300%20Pro%2016GB%2B1TB%20%E5%AE%98%E6%96%B9%E6%97%97%E8%88%B0%E5%BA%97,,,16GB+1TB,,,中国大陆,,,,,,unknown,true,,,,pending
vivo,vivo X300 Pro,12,512,12GB+512,jd,https://search.jd.com/Search?keyword=vivo%20vivo%20X300%20Pro%2012GB%2B512%20%E5%AE%98%E6%96%B9%E6%97%97%E8%88%B0%E5%BA%97,,,12GB+512,,,中国大陆,,,,,,unknown,true,,,,pending
vivo,vivo X300 Pro,12,512,12GB+512,tmall,https://list.tmall.com/search_product.htm?q=vivo%20vivo%20X300%20Pro%2012GB%2B512%20%E5%AE%98%E6%96%B9%E6%97%97%E8%88%B0%E5%BA%97,,,12GB+512,,,中国大陆,,,,,,unknown,true,,,,pending
vivo,vivo X300 Pro,12,512,12GB+512,pdd,https://mobile.yangkeduo.com/search_result.html?search_key=vivo%20vivo%20X300%20Pro%2012GB%2B512%20%E5%AE%98%E6%96%B9%E6%97%97%E8%88%B0%E5%BA%97,,,12GB+512,,,中国大陆,,,,,,unknown,true,,,,pending
vivo,vivo X300,16,1024,16GB+1TB,jd,https://search.jd.com/Search?keyword=vivo%20vivo%20X300%2016GB%2B1TB%20%E5%AE%98%E6%96%B9%E6%97%97%E8%88%B0%E5%BA%97,,,16GB+1TB,,,中国大陆,,,,,,unknown,true,,,,pending
vivo,vivo X300,16,1024,16GB+1TB,tmall,https://list.tmall.com/search_product.htm?q=vivo%20vivo%20X300%2016GB%2B1TB%20%E5%AE%98%E6%96%B9%E6%97%97%E8%88%B0%E5%BA%97,,,16GB+1TB,,,中国大陆,,,,,,unknown,true,,,,pending
vivo,vivo X300,16,1024,16GB+1TB,pdd,https://mobile.yangkeduo.com/search_result.html?search_key=vivo%20vivo%20X300%2016GB%2B1TB%20%E5%AE%98%E6%96%B9%E6%97%97%E8%88%B0%E5%BA%97,,,16GB+1TB,,,中国大陆,,,,,,unknown,true,,,,pending
vivo,vivo X300,12,256,12GB+256,jd,https://search.jd.com/Search?keyword=vivo%20vivo%20X300%2012GB%2B256%20%E5%AE%98%E6%96%B9%E6%97%97%E8%88%B0%E5%BA%97,,,12GB+256,,,中国大陆,,,,,,unknown,true,,,,pending
vivo,vivo X300,12,256,12GB+256,tmall,https://list.tmall.com/search_product.htm?q=vivo%20vivo%20X300%2012GB%2B256%20%E5%AE%98%E6%96%B9%E6%97%97%E8%88%B0%E5%BA%97,,,12GB+256,,,中国大陆,,,,,,unknown,true,,,,pending
vivo,vivo X300,12,256,12GB+256,pdd,https://mobile.yangkeduo.com/search_result.html?search_key=vivo%20vivo%20X300%2012GB%2B256%20%E5%AE%98%E6%96%B9%E6%97%97%E8%88%B0%E5%BA%97,,,12GB+256,,,中国大陆,,,,,,unknown,true,,,,pending
vivo,vivo X300,16,256,16GB+256,jd,https://search.jd.com/Search?keyword=vivo%20vivo%20X300%2016GB%2B256%20%E5%AE%98%E6%96%B9%E6%97%97%E8%88%B0%E5%BA%97,,,16GB+256,,,中国大陆,,,,,,unknown,true,,,,pending
vivo,vivo X300,16,256,16GB+256,tmall,https://list.tmall.com/search_product.htm?q=vivo%20vivo%20X300%2016GB%2B256%20%E5%AE%98%E6%96%B9%E6%97%97%E8%88%B0%E5%BA%97,,,16GB+256,,,中国大陆,,,,,,unknown,true,,,,pending
vivo,vivo X300,16,256,16GB+256,pdd,https://mobile.yangkeduo.com/search_result.html?search_key=vivo%20vivo%20X300%2016GB%2B256%20%E5%AE%98%E6%96%B9%E6%97%97%E8%88%B0%E5%BA%97,,,16GB+256,,,中国大陆,,,,,,unknown,true,,,,pending
vivo,vivo X300,12,512,12GB+512,jd,https://search.jd.com/Search?keyword=vivo%20vivo%20X300%2012GB%2B512%20%E5%AE%98%E6%96%B9%E6%97%97%E8%88%B0%E5%BA%97,,,12GB+512,,,中国大陆,,,,,,unknown,true,,,,pending
vivo,vivo X300,12,512,12GB+512,tmall,https://list.tmall.com/search_product.htm?q=vivo%20vivo%20X300%2012GB%2B512%20%E5%AE%98%E6%96%B9%E6%97%97%E8%88%B0%E5%BA%97,,,12GB+512,,,中国大陆,,,,,,unknown,true,,,,pending
vivo,vivo X300,12,512,12GB+512,pdd,https://mobile.yangkeduo.com/search_result.html?search_key=vivo%20vivo%20X300%2012GB%2B512%20%E5%AE%98%E6%96%B9%E6%97%97%E8%88%B0%E5%BA%97,,,12GB+512,,,中国大陆,,,,,,unknown,true,,,,pending
vivo,vivo X300,16,512,16GB+512,jd,https://search.jd.com/Search?keyword=vivo%20vivo%20X300%2016GB%2B512%20%E5%AE%98%E6%96%B9%E6%97%97%E8%88%B0%E5%BA%97,,,16GB+512,,,中国大陆,,,,,,unknown,true,,,,pending
vivo,vivo X300,16,512,16GB+512,tmall,https://list.tmall.com/search_product.htm?q=vivo%20vivo%20X300%2016GB%2B512%20%E5%AE%98%E6%96%B9%E6%97%97%E8%88%B0%E5%BA%97,,,16GB+512,,,中国大陆,,,,,,unknown,true,,,,pending
vivo,vivo X300,16,512,16GB+512,pdd,https://mobile.yangkeduo.com/search_result.html?search_key=vivo%20vivo%20X300%2016GB%2B512%20%E5%AE%98%E6%96%B9%E6%97%97%E8%88%B0%E5%BA%97,,,16GB+512,,,中国大陆,,,,,,unknown,true,,,,pending
vivo,vivo S50 Pro mini,12,256,12GB+256,jd,https://search.jd.com/Search?keyword=vivo%20vivo%20S50%20Pro%20mini%2012GB%2B256%20%E5%AE%98%E6%96%B9%E6%97%97%E8%88%B0%E5%BA%97,,,12GB+256,,,中国大陆,,,,,,unknown,true,,,,pending
vivo,vivo S50 Pro mini,12,256,12GB+256,tmall,https://list.tmall.com/search_product.htm?q=vivo%20vivo%20S50%20Pro%20mini%2012GB%2B256%20%E5%AE%98%E6%96%B9%E6%97%97%E8%88%B0%E5%BA%97,,,12GB+256,,,中国大陆,,,,,,unknown,true,,,,pending
vivo,vivo S50 Pro mini,12,256,12GB+256,pdd,https://mobile.yangkeduo.com/search_result.html?search_key=vivo%20vivo%20S50%20Pro%20mini%2012GB%2B256%20%E5%AE%98%E6%96%B9%E6%97%97%E8%88%B0%E5%BA%97,,,12GB+256,,,中国大陆,,,,,,unknown,true,,,,pending
vivo,vivo S50 Pro mini,12,512,12GB+512,jd,https://search.jd.com/Search?keyword=vivo%20vivo%20S50%20Pro%20mini%2012GB%2B512%20%E5%AE%98%E6%96%B9%E6%97%97%E8%88%B0%E5%BA%97,,,12GB+512,,,中国大陆,,,,,,unknown,true,,,,pending
vivo,vivo S50 Pro mini,12,512,12GB+512,tmall,https://list.tmall.com/search_product.htm?q=vivo%20vivo%20S50%20Pro%20mini%2012GB%2B512%20%E5%AE%98%E6%96%B9%E6%97%97%E8%88%B0%E5%BA%97,,,12GB+512,,,中国大陆,,,,,,unknown,true,,,,pending
vivo,vivo S50 Pro mini,12,512,12GB+512,pdd,https://mobile.yangkeduo.com/search_result.html?search_key=vivo%20vivo%20S50%20Pro%20mini%2012GB%2B512%20%E5%AE%98%E6%96%B9%E6%97%97%E8%88%B0%E5%BA%97,,,12GB+512,,,中国大陆,,,,,,unknown,true,,,,pending
vivo,vivo S50 Pro mini,16,512,16GB+512,jd,https://search.jd.com/Search?keyword=vivo%20vivo%20S50%20Pro%20mini%2016GB%2B512%20%E5%AE%98%E6%96%B9%E6%97%97%E8%88%B0%E5%BA%97,,,16GB+512,,,中国大陆,,,,,,unknown,true,,,,pending
vivo,vivo S50 Pro mini,16,512,16GB+512,tmall,https://list.tmall.com/search_product.htm?q=vivo%20vivo%20S50%20Pro%20mini%2016GB%2B512%20%E5%AE%98%E6%96%B9%E6%97%97%E8%88%B0%E5%BA%97,,,16GB+512,,,中国大陆,,,,,,unknown,true,,,,pending
vivo,vivo S50 Pro mini,16,512,16GB+512,pdd,https://mobile.yangkeduo.com/search_result.html?search_key=vivo%20vivo%20S50%20Pro%20mini%2016GB%2B512%20%E5%AE%98%E6%96%B9%E6%97%97%E8%88%B0%E5%BA%97,,,16GB+512,,,中国大陆,,,,,,unknown,true,,,,pending
vivo,vivo S50,12,256,12GB+256,jd,https://search.jd.com/Search?keyword=vivo%20vivo%20S50%2012GB%2B256%20%E5%AE%98%E6%96%B9%E6%97%97%E8%88%B0%E5%BA%97,,,12GB+256,,,中国大陆,,,,,,unknown,true,,,,pending
vivo,vivo S50,12,256,12GB+256,tmall,https://list.tmall.com/search_product.htm?q=vivo%20vivo%20S50%2012GB%2B256%20%E5%AE%98%E6%96%B9%E6%97%97%E8%88%B0%E5%BA%97,,,12GB+256,,,中国大陆,,,,,,unknown,true,,,,pending
vivo,vivo S50,12,256,12GB+256,pdd,https://mobile.yangkeduo.com/search_result.html?search_key=vivo%20vivo%20S50%2012GB%2B256%20%E5%AE%98%E6%96%B9%E6%97%97%E8%88%B0%E5%BA%97,,,12GB+256,,,中国大陆,,,,,,unknown,true,,,,pending
vivo,vivo S50,12,512,12GB+512,jd,https://search.jd.com/Search?keyword=vivo%20vivo%20S50%2012GB%2B512%20%E5%AE%98%E6%96%B9%E6%97%97%E8%88%B0%E5%BA%97,,,12GB+512,,,中国大陆,,,,,,unknown,true,,,,pending
vivo,vivo S50,12,512,12GB+512,tmall,https://list.tmall.com/search_product.htm?q=vivo%20vivo%20S50%2012GB%2B512%20%E5%AE%98%E6%96%B9%E6%97%97%E8%88%B0%E5%BA%97,,,12GB+512,,,中国大陆,,,,,,unknown,true,,,,pending
vivo,vivo S50,12,512,12GB+512,pdd,https://mobile.yangkeduo.com/search_result.html?search_key=vivo%20vivo%20S50%2012GB%2B512%20%E5%AE%98%E6%96%B9%E6%97%97%E8%88%B0%E5%BA%97,,,12GB+512,,,中国大陆,,,,,,unknown,true,,,,pending
vivo,vivo S50,16,256,16GB+256,jd,https://search.jd.com/Search?keyword=vivo%20vivo%20S50%2016GB%2B256%20%E5%AE%98%E6%96%B9%E6%97%97%E8%88%B0%E5%BA%97,,,16GB+256,,,中国大陆,,,,,,unknown,true,,,,pending
vivo,vivo S50,16,256,16GB+256,tmall,https://list.tmall.com/search_product.htm?q=vivo%20vivo%20S50%2016GB%2B256%20%E5%AE%98%E6%96%B9%E6%97%97%E8%88%B0%E5%BA%97,,,16GB+256,,,中国大陆,,,,,,unknown,true,,,,pending
vivo,vivo S50,16,256,16GB+256,pdd,https://mobile.yangkeduo.com/search_result.html?search_key=vivo%20vivo%20S50%2016GB%2B256%20%E5%AE%98%E6%96%B9%E6%97%97%E8%88%B0%E5%BA%97,,,16GB+256,,,中国大陆,,,,,,unknown,true,,,,pending
vivo,vivo S50,16,512,16GB+512,jd,https://search.jd.com/Search?keyword=vivo%20vivo%20S50%2016GB%2B512%20%E5%AE%98%E6%96%B9%E6%97%97%E8%88%B0%E5%BA%97,,,16GB+512,,,中国大陆,,,,,,unknown,true,,,,pending
vivo,vivo S50,16,512,16GB+512,tmall,https://list.tmall.com/search_product.htm?q=vivo%20vivo%20S50%2016GB%2B512%20%E5%AE%98%E6%96%B9%E6%97%97%E8%88%B0%E5%BA%97,,,16GB+512,,,中国大陆,,,,,,unknown,true,,,,pending
vivo,vivo S50,16,512,16GB+512,pdd,https://mobile.yangkeduo.com/search_result.html?search_key=vivo%20vivo%20S50%2016GB%2B512%20%E5%AE%98%E6%96%B9%E6%97%97%E8%88%B0%E5%BA%97,,,16GB+512,,,中国大陆,,,,,,unknown,true,,,,pending
vivo,vivo Y500,12,512,12GB+512,jd,https://search.jd.com/Search?keyword=vivo%20vivo%20Y500%2012GB%2B512%20%E5%AE%98%E6%96%B9%E6%97%97%E8%88%B0%E5%BA%97,,,12GB+512,,,中国大陆,,,,,,unknown,true,,,,pending
vivo,vivo Y500,12,512,12GB+512,tmall,https://list.tmall.com/search_product.htm?q=vivo%20vivo%20Y500%2012GB%2B512%20%E5%AE%98%E6%96%B9%E6%97%97%E8%88%B0%E5%BA%97,,,12GB+512,,,中国大陆,,,,,,unknown,true,,,,pending
vivo,vivo Y500,12,512,12GB+512,pdd,https://mobile.yangkeduo.com/search_result.html?search_key=vivo%20vivo%20Y500%2012GB%2B512%20%E5%AE%98%E6%96%B9%E6%97%97%E8%88%B0%E5%BA%97,,,12GB+512,,,中国大陆,,,,,,unknown,true,,,,pending
vivo,vivo Y500,12,256,12GB+256,jd,https://search.jd.com/Search?keyword=vivo%20vivo%20Y500%2012GB%2B256%20%E5%AE%98%E6%96%B9%E6%97%97%E8%88%B0%E5%BA%97,,,12GB+256,,,中国大陆,,,,,,unknown,true,,,,pending
vivo,vivo Y500,12,256,12GB+256,tmall,https://list.tmall.com/search_product.htm?q=vivo%20vivo%20Y500%2012GB%2B256%20%E5%AE%98%E6%96%B9%E6%97%97%E8%88%B0%E5%BA%97,,,12GB+256,,,中国大陆,,,,,,unknown,true,,,,pending
vivo,vivo Y500,12,256,12GB+256,pdd,https://mobile.yangkeduo.com/search_result.html?search_key=vivo%20vivo%20Y500%2012GB%2B256%20%E5%AE%98%E6%96%B9%E6%97%97%E8%88%B0%E5%BA%97,,,12GB+256,,,中国大陆,,,,,,unknown,true,,,,pending
vivo,vivo Y500,8,256,8GB+256,jd,https://search.jd.com/Search?keyword=vivo%20vivo%20Y500%208GB%2B256%20%E5%AE%98%E6%96%B9%E6%97%97%E8%88%B0%E5%BA%97,,,8GB+256,,,中国大陆,,,,,,unknown,true,,,,pending
vivo,vivo Y500,8,256,8GB+256,tmall,https://list.tmall.com/search_product.htm?q=vivo%20vivo%20Y500%208GB%2B256%20%E5%AE%98%E6%96%B9%E6%97%97%E8%88%B0%E5%BA%97,,,8GB+256,,,中国大陆,,,,,,unknown,true,,,,pending
vivo,vivo Y500,8,256,8GB+256,pdd,https://mobile.yangkeduo.com/search_result.html?search_key=vivo%20vivo%20Y500%208GB%2B256%20%E5%AE%98%E6%96%B9%E6%97%97%E8%88%B0%E5%BA%97,,,8GB+256,,,中国大陆,,,,,,unknown,true,,,,pending
vivo,vivo Y500,8,128,8GB+128,jd,https://search.jd.com/Search?keyword=vivo%20vivo%20Y500%208GB%2B128%20%E5%AE%98%E6%96%B9%E6%97%97%E8%88%B0%E5%BA%97,,,8GB+128,,,中国大陆,,,,,,unknown,true,,,,pending
vivo,vivo Y500,8,128,8GB+128,tmall,https://list.tmall.com/search_product.htm?q=vivo%20vivo%20Y500%208GB%2B128%20%E5%AE%98%E6%96%B9%E6%97%97%E8%88%B0%E5%BA%97,,,8GB+128,,,中国大陆,,,,,,unknown,true,,,,pending
vivo,vivo Y500,8,128,8GB+128,pdd,https://mobile.yangkeduo.com/search_result.html?search_key=vivo%20vivo%20Y500%208GB%2B128%20%E5%AE%98%E6%96%B9%E6%97%97%E8%88%B0%E5%BA%97,,,8GB+128,,,中国大陆,,,,,,unknown,true,,,,pending
vivo,iQOO 15 Ultra,16,256,16GB+256,jd,https://search.jd.com/Search?keyword=vivo%20iQOO%2015%20Ultra%2016GB%2B256%20%E5%AE%98%E6%96%B9%E6%97%97%E8%88%B0%E5%BA%97,,,16GB+256,,,中国大陆,,,,,,unknown,true,,,,pending
vivo,iQOO 15 Ultra,16,256,16GB+256,tmall,https://list.tmall.com/search_product.htm?q=vivo%20iQOO%2015%20Ultra%2016GB%2B256%20%E5%AE%98%E6%96%B9%E6%97%97%E8%88%B0%E5%BA%97,,,16GB+256,,,中国大陆,,,,,,unknown,true,,,,pending
vivo,iQOO 15 Ultra,16,256,16GB+256,pdd,https://mobile.yangkeduo.com/search_result.html?search_key=vivo%20iQOO%2015%20Ultra%2016GB%2B256%20%E5%AE%98%E6%96%B9%E6%97%97%E8%88%B0%E5%BA%97,,,16GB+256,,,中国大陆,,,,,,unknown,true,,,,pending
vivo,iQOO 15 Ultra,16,512,16GB+512,jd,https://search.jd.com/Search?keyword=vivo%20iQOO%2015%20Ultra%2016GB%2B512%20%E5%AE%98%E6%96%B9%E6%97%97%E8%88%B0%E5%BA%97,,,16GB+512,,,中国大陆,,,,,,unknown,true,,,,pending
vivo,iQOO 15 Ultra,16,512,16GB+512,tmall,https://list.tmall.com/search_product.htm?q=vivo%20iQOO%2015%20Ultra%2016GB%2B512%20%E5%AE%98%E6%96%B9%E6%97%97%E8%88%B0%E5%BA%97,,,16GB+512,,,中国大陆,,,,,,unknown,true,,,,pending
vivo,iQOO 15 Ultra,16,512,16GB+512,pdd,https://mobile.yangkeduo.com/search_result.html?search_key=vivo%20iQOO%2015%20Ultra%2016GB%2B512%20%E5%AE%98%E6%96%B9%E6%97%97%E8%88%B0%E5%BA%97,,,16GB+512,,,中国大陆,,,,,,unknown,true,,,,pending
vivo,iQOO 15 Ultra,16,1024,16GB+1TB,jd,https://search.jd.com/Search?keyword=vivo%20iQOO%2015%20Ultra%2016GB%2B1TB%20%E5%AE%98%E6%96%B9%E6%97%97%E8%88%B0%E5%BA%97,,,16GB+1TB,,,中国大陆,,,,,,unknown,true,,,,pending
vivo,iQOO 15 Ultra,16,1024,16GB+1TB,tmall,https://list.tmall.com/search_product.htm?q=vivo%20iQOO%2015%20Ultra%2016GB%2B1TB%20%E5%AE%98%E6%96%B9%E6%97%97%E8%88%B0%E5%BA%97,,,16GB+1TB,,,中国大陆,,,,,,unknown,true,,,,pending
vivo,iQOO 15 Ultra,16,1024,16GB+1TB,pdd,https://mobile.yangkeduo.com/search_result.html?search_key=vivo%20iQOO%2015%20Ultra%2016GB%2B1TB%20%E5%AE%98%E6%96%B9%E6%97%97%E8%88%B0%E5%BA%97,,,16GB+1TB,,,中国大陆,,,,,,unknown,true,,,,pending
vivo,iQOO 15 Ultra,24,1024,24GB+1TB,jd,https://search.jd.com/Search?keyword=vivo%20iQOO%2015%20Ultra%2024GB%2B1TB%20%E5%AE%98%E6%96%B9%E6%97%97%E8%88%B0%E5%BA%97,,,24GB+1TB,,,中国大陆,,,,,,unknown,true,,,,pending
vivo,iQOO 15 Ultra,24,1024,24GB+1TB,tmall,https://list.tmall.com/search_product.htm?q=vivo%20iQOO%2015%20Ultra%2024GB%2B1TB%20%E5%AE%98%E6%96%B9%E6%97%97%E8%88%B0%E5%BA%97,,,24GB+1TB,,,中国大陆,,,,,,unknown,true,,,,pending
vivo,iQOO 15 Ultra,24,1024,24GB+1TB,pdd,https://mobile.yangkeduo.com/search_result.html?search_key=vivo%20iQOO%2015%20Ultra%2024GB%2B1TB%20%E5%AE%98%E6%96%B9%E6%97%97%E8%88%B0%E5%BA%97,,,24GB+1TB,,,中国大陆,,,,,,unknown,true,,,,pending
vivo,iQOO 15,12,256,12GB+256,jd,https://search.jd.com/Search?keyword=vivo%20iQOO%2015%2012GB%2B256%20%E5%AE%98%E6%96%B9%E6%97%97%E8%88%B0%E5%BA%97,,,12GB+256,,,中国大陆,,,,,,unknown,true,,,,pending
vivo,iQOO 15,12,256,12GB+256,tmall,https://list.tmall.com/search_product.htm?q=vivo%20iQOO%2015%2012GB%2B256%20%E5%AE%98%E6%96%B9%E6%97%97%E8%88%B0%E5%BA%97,,,12GB+256,,,中国大陆,,,,,,unknown,true,,,,pending
vivo,iQOO 15,12,256,12GB+256,pdd,https://mobile.yangkeduo.com/search_result.html?search_key=vivo%20iQOO%2015%2012GB%2B256%20%E5%AE%98%E6%96%B9%E6%97%97%E8%88%B0%E5%BA%97,,,12GB+256,,,中国大陆,,,,,,unknown,true,,,,pending
vivo,iQOO 15,16,256,16GB+256,jd,https://search.jd.com/Search?keyword=vivo%20iQOO%2015%2016GB%2B256%20%E5%AE%98%E6%96%B9%E6%97%97%E8%88%B0%E5%BA%97,,,16GB+256,,,中国大陆,,,,,,unknown,true,,,,pending
vivo,iQOO 15,16,256,16GB+256,tmall,https://list.tmall.com/search_product.htm?q=vivo%20iQOO%2015%2016GB%2B256%20%E5%AE%98%E6%96%B9%E6%97%97%E8%88%B0%E5%BA%97,,,16GB+256,,,中国大陆,,,,,,unknown,true,,,,pending
vivo,iQOO 15,16,256,16GB+256,pdd,https://mobile.yangkeduo.com/search_result.html?search_key=vivo%20iQOO%2015%2016GB%2B256%20%E5%AE%98%E6%96%B9%E6%97%97%E8%88%B0%E5%BA%97,,,16GB+256,,,中国大陆,,,,,,unknown,true,,,,pending
vivo,iQOO 15,12,512,12GB+512,jd,https://search.jd.com/Search?keyword=vivo%20iQOO%2015%2012GB%2B512%20%E5%AE%98%E6%96%B9%E6%97%97%E8%88%B0%E5%BA%97,,,12GB+512,,,中国大陆,,,,,,unknown,true,,,,pending
vivo,iQOO 15,12,512,12GB+512,tmall,https://list.tmall.com/search_product.htm?q=vivo%20iQOO%2015%2012GB%2B512%20%E5%AE%98%E6%96%B9%E6%97%97%E8%88%B0%E5%BA%97,,,12GB+512,,,中国大陆,,,,,,unknown,true,,,,pending
vivo,iQOO 15,12,512,12GB+512,pdd,https://mobile.yangkeduo.com/search_result.html?search_key=vivo%20iQOO%2015%2012GB%2B512%20%E5%AE%98%E6%96%B9%E6%97%97%E8%88%B0%E5%BA%97,,,12GB+512,,,中国大陆,,,,,,unknown,true,,,,pending
vivo,iQOO 15,16,512,16GB+512,jd,https://search.jd.com/Search?keyword=vivo%20iQOO%2015%2016GB%2B512%20%E5%AE%98%E6%96%B9%E6%97%97%E8%88%B0%E5%BA%97,,,16GB+512,,,中国大陆,,,,,,unknown,true,,,,pending
vivo,iQOO 15,16,512,16GB+512,tmall,https://list.tmall.com/search_product.htm?q=vivo%20iQOO%2015%2016GB%2B512%20%E5%AE%98%E6%96%B9%E6%97%97%E8%88%B0%E5%BA%97,,,16GB+512,,,中国大陆,,,,,,unknown,true,,,,pending
vivo,iQOO 15,16,512,16GB+512,pdd,https://mobile.yangkeduo.com/search_result.html?search_key=vivo%20iQOO%2015%2016GB%2B512%20%E5%AE%98%E6%96%B9%E6%97%97%E8%88%B0%E5%BA%97,,,16GB+512,,,中国大陆,,,,,,unknown,true,,,,pending
vivo,iQOO 15,16,1024,16GB+1TB,jd,https://search.jd.com/Search?keyword=vivo%20iQOO%2015%2016GB%2B1TB%20%E5%AE%98%E6%96%B9%E6%97%97%E8%88%B0%E5%BA%97,,,16GB+1TB,,,中国大陆,,,,,,unknown,true,,,,pending
vivo,iQOO 15,16,1024,16GB+1TB,tmall,https://list.tmall.com/search_product.htm?q=vivo%20iQOO%2015%2016GB%2B1TB%20%E5%AE%98%E6%96%B9%E6%97%97%E8%88%B0%E5%BA%97,,,16GB+1TB,,,中国大陆,,,,,,unknown,true,,,,pending
vivo,iQOO 15,16,1024,16GB+1TB,pdd,https://mobile.yangkeduo.com/search_result.html?search_key=vivo%20iQOO%2015%2016GB%2B1TB%20%E5%AE%98%E6%96%B9%E6%97%97%E8%88%B0%E5%BA%97,,,16GB+1TB,,,中国大陆,,,,,,unknown,true,,,,pending
realme,真我GT7,16,1024,16GB+1TB,jd,https://search.jd.com/Search?keyword=realme%20%E7%9C%9F%E6%88%91GT7%2016GB%2B1TB%20%E5%AE%98%E6%96%B9%E6%97%97%E8%88%B0%E5%BA%97,,,16GB+1TB,,,中国大陆,,,,,,unknown,true,,,,pending
realme,真我GT7,16,1024,16GB+1TB,tmall,https://list.tmall.com/search_product.htm?q=realme%20%E7%9C%9F%E6%88%91GT7%2016GB%2B1TB%20%E5%AE%98%E6%96%B9%E6%97%97%E8%88%B0%E5%BA%97,,,16GB+1TB,,,中国大陆,,,,,,unknown,true,,,,pending
realme,真我GT7,16,1024,16GB+1TB,pdd,https://mobile.yangkeduo.com/search_result.html?search_key=realme%20%E7%9C%9F%E6%88%91GT7%2016GB%2B1TB%20%E5%AE%98%E6%96%B9%E6%97%97%E8%88%B0%E5%BA%97,,,16GB+1TB,,,中国大陆,,,,,,unknown,true,,,,pending
realme,真我GT7,24,1024,24GB+1TB,jd,https://search.jd.com/Search?keyword=realme%20%E7%9C%9F%E6%88%91GT7%2024GB%2B1TB%20%E5%AE%98%E6%96%B9%E6%97%97%E8%88%B0%E5%BA%97,,,24GB+1TB,,,中国大陆,,,,,,unknown,true,,,,pending
realme,真我GT7,24,1024,24GB+1TB,tmall,https://list.tmall.com/search_product.htm?q=realme%20%E7%9C%9F%E6%88%91GT7%2024GB%2B1TB%20%E5%AE%98%E6%96%B9%E6%97%97%E8%88%B0%E5%BA%97,,,24GB+1TB,,,中国大陆,,,,,,unknown,true,,,,pending
realme,真我GT7,24,1024,24GB+1TB,pdd,https://mobile.yangkeduo.com/search_result.html?search_key=realme%20%E7%9C%9F%E6%88%91GT7%2024GB%2B1TB%20%E5%AE%98%E6%96%B9%E6%97%97%E8%88%B0%E5%BA%97,,,24GB+1TB,,,中国大陆,,,,,,unknown,true,,,,pending
realme,真我GT7 Pro,16,1024,16GB+1TB,jd,https://search.jd.com/Search?keyword=realme%20%E7%9C%9F%E6%88%91GT7%20Pro%2016GB%2B1TB%20%E5%AE%98%E6%96%B9%E6%97%97%E8%88%B0%E5%BA%97,,,16GB+1TB,,,中国大陆,,,,,,unknown,true,,,,pending
realme,真我GT7 Pro,16,1024,16GB+1TB,tmall,https://list.tmall.com/search_product.htm?q=realme%20%E7%9C%9F%E6%88%91GT7%20Pro%2016GB%2B1TB%20%E5%AE%98%E6%96%B9%E6%97%97%E8%88%B0%E5%BA%97,,,16GB+1TB,,,中国大陆,,,,,,unknown,true,,,,pending
realme,真我GT7 Pro,16,1024,16GB+1TB,pdd,https://mobile.yangkeduo.com/search_result.html?search_key=realme%20%E7%9C%9F%E6%88%91GT7%20Pro%2016GB%2B1TB%20%E5%AE%98%E6%96%B9%E6%97%97%E8%88%B0%E5%BA%97,,,16GB+1TB,,,中国大陆,,,,,,unknown,true,,,,pending
realme,真我Neo7 Turbo,16,512,16GB+512,jd,https://search.jd.com/Search?keyword=realme%20%E7%9C%9F%E6%88%91Neo7%20Turbo%2016GB%2B512%20%E5%AE%98%E6%96%B9%E6%97%97%E8%88%B0%E5%BA%97,,,16GB+512,,,中国大陆,,,,,,unknown,true,,,,pending
realme,真我Neo7 Turbo,16,512,16GB+512,tmall,https://list.tmall.com/search_product.htm?q=realme%20%E7%9C%9F%E6%88%91Neo7%20Turbo%2016GB%2B512%20%E5%AE%98%E6%96%B9%E6%97%97%E8%88%B0%E5%BA%97,,,16GB+512,,,中国大陆,,,,,,unknown,true,,,,pending
realme,真我Neo7 Turbo,16,512,16GB+512,pdd,https://mobile.yangkeduo.com/search_result.html?search_key=realme%20%E7%9C%9F%E6%88%91Neo7%20Turbo%2016GB%2B512%20%E5%AE%98%E6%96%B9%E6%97%97%E8%88%B0%E5%BA%97,,,16GB+512,,,中国大陆,,,,,,unknown,true,,,,pending
realme,真我V70,8,256,8GB+256,jd,https://search.jd.com/Search?keyword=realme%20%E7%9C%9F%E6%88%91V70%208GB%2B256%20%E5%AE%98%E6%96%B9%E6%97%97%E8%88%B0%E5%BA%97,,,8GB+256,,,中国大陆,,,,,,unknown,true,,,,pending
realme,真我V70,8,256,8GB+256,tmall,https://list.tmall.com/search_product.htm?q=realme%20%E7%9C%9F%E6%88%91V70%208GB%2B256%20%E5%AE%98%E6%96%B9%E6%97%97%E8%88%B0%E5%BA%97,,,8GB+256,,,中国大陆,,,,,,unknown,true,,,,pending
realme,真我V70,8,256,8GB+256,pdd,https://mobile.yangkeduo.com/search_result.html?search_key=realme%20%E7%9C%9F%E6%88%91V70%208GB%2B256%20%E5%AE%98%E6%96%B9%E6%97%97%E8%88%B0%E5%BA%97,,,8GB+256,,,中国大陆,,,,,,unknown,true,,,,pending
三星,Samsung Galaxy S25 Ultra,12,256,12GB+256,jd,https://search.jd.com/Search?keyword=%E4%B8%89%E6%98%9F%20Samsung%20Galaxy%20S25%20Ultra%2012GB%2B256%20%E5%AE%98%E6%96%B9%E6%97%97%E8%88%B0%E5%BA%97,,,12GB+256,,,中国大陆,,,,,,unknown,true,,,,pending
三星,Samsung Galaxy S25 Ultra,12,256,12GB+256,tmall,https://list.tmall.com/search_product.htm?q=%E4%B8%89%E6%98%9F%20Samsung%20Galaxy%20S25%20Ultra%2012GB%2B256%20%E5%AE%98%E6%96%B9%E6%97%97%E8%88%B0%E5%BA%97,,,12GB+256,,,中国大陆,,,,,,unknown,true,,,,pending
三星,Samsung Galaxy S25 Ultra,12,256,12GB+256,pdd,https://mobile.yangkeduo.com/search_result.html?search_key=%E4%B8%89%E6%98%9F%20Samsung%20Galaxy%20S25%20Ultra%2012GB%2B256%20%E5%AE%98%E6%96%B9%E6%97%97%E8%88%B0%E5%BA%97,,,12GB+256,,,中国大陆,,,,,,unknown,true,,,,pending
三星,Samsung Galaxy S25 Ultra,16,1024,16GB+1TB,jd,https://search.jd.com/Search?keyword=%E4%B8%89%E6%98%9F%20Samsung%20Galaxy%20S25%20Ultra%2016GB%2B1TB%20%E5%AE%98%E6%96%B9%E6%97%97%E8%88%B0%E5%BA%97,,,16GB+1TB,,,中国大陆,,,,,,unknown,true,,,,pending
三星,Samsung Galaxy S25 Ultra,16,1024,16GB+1TB,tmall,https://list.tmall.com/search_product.htm?q=%E4%B8%89%E6%98%9F%20Samsung%20Galaxy%20S25%20Ultra%2016GB%2B1TB%20%E5%AE%98%E6%96%B9%E6%97%97%E8%88%B0%E5%BA%97,,,16GB+1TB,,,中国大陆,,,,,,unknown,true,,,,pending
三星,Samsung Galaxy S25 Ultra,16,1024,16GB+1TB,pdd,https://mobile.yangkeduo.com/search_result.html?search_key=%E4%B8%89%E6%98%9F%20Samsung%20Galaxy%20S25%20Ultra%2016GB%2B1TB%20%E5%AE%98%E6%96%B9%E6%97%97%E8%88%B0%E5%BA%97,,,16GB+1TB,,,中国大陆,,,,,,unknown,true,,,,pending
三星,Samsung Galaxy S25,12,256,12GB+256,jd,https://search.jd.com/Search?keyword=%E4%B8%89%E6%98%9F%20Samsung%20Galaxy%20S25%2012GB%2B256%20%E5%AE%98%E6%96%B9%E6%97%97%E8%88%B0%E5%BA%97,,,12GB+256,,,中国大陆,,,,,,unknown,true,,,,pending
三星,Samsung Galaxy S25,12,256,12GB+256,tmall,https://list.tmall.com/search_product.htm?q=%E4%B8%89%E6%98%9F%20Samsung%20Galaxy%20S25%2012GB%2B256%20%E5%AE%98%E6%96%B9%E6%97%97%E8%88%B0%E5%BA%97,,,12GB+256,,,中国大陆,,,,,,unknown,true,,,,pending
三星,Samsung Galaxy S25,12,256,12GB+256,pdd,https://mobile.yangkeduo.com/search_result.html?search_key=%E4%B8%89%E6%98%9F%20Samsung%20Galaxy%20S25%2012GB%2B256%20%E5%AE%98%E6%96%B9%E6%97%97%E8%88%B0%E5%BA%97,,,12GB+256,,,中国大陆,,,,,,unknown,true,,,,pending
魅族,魅族 22,12,256,12GB+256,jd,https://search.jd.com/Search?keyword=%E9%AD%85%E6%97%8F%20%E9%AD%85%E6%97%8F%2022%2012GB%2B256%20%E5%AE%98%E6%96%B9%E6%97%97%E8%88%B0%E5%BA%97,,,12GB+256,,,中国大陆,,,,,,unknown,true,,,,pending
魅族,魅族 22,12,256,12GB+256,tmall,https://list.tmall.com/search_product.htm?q=%E9%AD%85%E6%97%8F%20%E9%AD%85%E6%97%8F%2022%2012GB%2B256%20%E5%AE%98%E6%96%B9%E6%97%97%E8%88%B0%E5%BA%97,,,12GB+256,,,中国大陆,,,,,,unknown,true,,,,pending
魅族,魅族 22,12,256,12GB+256,pdd,https://mobile.yangkeduo.com/search_result.html?search_key=%E9%AD%85%E6%97%8F%20%E9%AD%85%E6%97%8F%2022%2012GB%2B256%20%E5%AE%98%E6%96%B9%E6%97%97%E8%88%B0%E5%BA%97,,,12GB+256,,,中国大陆,,,,,,unknown,true,,,,pending
魅族,魅族 22,12,512,12GB+512,jd,https://search.jd.com/Search?keyword=%E9%AD%85%E6%97%8F%20%E9%AD%85%E6%97%8F%2022%2012GB%2B512%20%E5%AE%98%E6%96%B9%E6%97%97%E8%88%B0%E5%BA%97,,,12GB+512,,,中国大陆,,,,,,unknown,true,,,,pending
魅族,魅族 22,12,512,12GB+512,tmall,https://list.tmall.com/search_product.htm?q=%E9%AD%85%E6%97%8F%20%E9%AD%85%E6%97%8F%2022%2012GB%2B512%20%E5%AE%98%E6%96%B9%E6%97%97%E8%88%B0%E5%BA%97,,,12GB+512,,,中国大陆,,,,,,unknown,true,,,,pending
魅族,魅族 22,12,512,12GB+512,pdd,https://mobile.yangkeduo.com/search_result.html?search_key=%E9%AD%85%E6%97%8F%20%E9%AD%85%E6%97%8F%2022%2012GB%2B512%20%E5%AE%98%E6%96%B9%E6%97%97%E8%88%B0%E5%BA%97,,,12GB+512,,,中国大陆,,,,,,unknown,true,,,,pending
魅族,魅族 22,16,512,16GB+512,jd,https://search.jd.com/Search?keyword=%E9%AD%85%E6%97%8F%20%E9%AD%85%E6%97%8F%2022%2016GB%2B512%20%E5%AE%98%E6%96%B9%E6%97%97%E8%88%B0%E5%BA%97,,,16GB+512,,,中国大陆,,,,,,unknown,true,,,,pending
魅族,魅族 22,16,512,16GB+512,tmall,https://list.tmall.com/search_product.htm?q=%E9%AD%85%E6%97%8F%20%E9%AD%85%E6%97%8F%2022%2016GB%2B512%20%E5%AE%98%E6%96%B9%E6%97%97%E8%88%B0%E5%BA%97,,,16GB+512,,,中国大陆,,,,,,unknown,true,,,,pending
魅族,魅族 22,16,512,16GB+512,pdd,https://mobile.yangkeduo.com/search_result.html?search_key=%E9%AD%85%E6%97%8F%20%E9%AD%85%E6%97%8F%2022%2016GB%2B512%20%E5%AE%98%E6%96%B9%E6%97%97%E8%88%B0%E5%BA%97,,,16GB+512,,,中国大陆,,,,,,unknown,true,,,,pending
魅族,魅族 22,16,1024,16GB+1TB,jd,https://search.jd.com/Search?keyword=%E9%AD%85%E6%97%8F%20%E9%AD%85%E6%97%8F%2022%2016GB%2B1TB%20%E5%AE%98%E6%96%B9%E6%97%97%E8%88%B0%E5%BA%97,,,16GB+1TB,,,中国大陆,,,,,,unknown,true,,,,pending
魅族,魅族 22,16,1024,16GB+1TB,tmall,https://list.tmall.com/search_product.htm?q=%E9%AD%85%E6%97%8F%20%E9%AD%85%E6%97%8F%2022%2016GB%2B1TB%20%E5%AE%98%E6%96%B9%E6%97%97%E8%88%B0%E5%BA%97,,,16GB+1TB,,,中国大陆,,,,,,unknown,true,,,,pending
魅族,魅族 22,16,1024,16GB+1TB,pdd,https://mobile.yangkeduo.com/search_result.html?search_key=%E9%AD%85%E6%97%8F%20%E9%AD%85%E6%97%8F%2022%2016GB%2B1TB%20%E5%AE%98%E6%96%B9%E6%97%97%E8%88%B0%E5%BA%97,,,16GB+1TB,,,中国大陆,,,,,,unknown,true,,,,pending
魅族,魅族 Note 16 Pro,12,256,12GB+256,jd,https://search.jd.com/Search?keyword=%E9%AD%85%E6%97%8F%20%E9%AD%85%E6%97%8F%20Note%2016%20Pro%2012GB%2B256%20%E5%AE%98%E6%96%B9%E6%97%97%E8%88%B0%E5%BA%97,,,12GB+256,,,中国大陆,,,,,,unknown,true,,,,pending
魅族,魅族 Note 16 Pro,12,256,12GB+256,tmall,https://list.tmall.com/search_product.htm?q=%E9%AD%85%E6%97%8F%20%E9%AD%85%E6%97%8F%20Note%2016%20Pro%2012GB%2B256%20%E5%AE%98%E6%96%B9%E6%97%97%E8%88%B0%E5%BA%97,,,12GB+256,,,中国大陆,,,,,,unknown,true,,,,pending
魅族,魅族 Note 16 Pro,12,256,12GB+256,pdd,https://mobile.yangkeduo.com/search_result.html?search_key=%E9%AD%85%E6%97%8F%20%E9%AD%85%E6%97%8F%20Note%2016%20Pro%2012GB%2B256%20%E5%AE%98%E6%96%B9%E6%97%97%E8%88%B0%E5%BA%97,,,12GB+256,,,中国大陆,,,,,,unknown,true,,,,pending
魅族,魅族 Note 16 Pro,16,512,16GB+512,jd,https://search.jd.com/Search?keyword=%E9%AD%85%E6%97%8F%20%E9%AD%85%E6%97%8F%20Note%2016%20Pro%2016GB%2B512%20%E5%AE%98%E6%96%B9%E6%97%97%E8%88%B0%E5%BA%97,,,16GB+512,,,中国大陆,,,,,,unknown,true,,,,pending
魅族,魅族 Note 16 Pro,16,512,16GB+512,tmall,https://list.tmall.com/search_product.htm?q=%E9%AD%85%E6%97%8F%20%E9%AD%85%E6%97%8F%20Note%2016%20Pro%2016GB%2B512%20%E5%AE%98%E6%96%B9%E6%97%97%E8%88%B0%E5%BA%97,,,16GB+512,,,中国大陆,,,,,,unknown,true,,,,pending
魅族,魅族 Note 16 Pro,16,512,16GB+512,pdd,https://mobile.yangkeduo.com/search_result.html?search_key=%E9%AD%85%E6%97%8F%20%E9%AD%85%E6%97%8F%20Note%2016%20Pro%2016GB%2B512%20%E5%AE%98%E6%96%B9%E6%97%97%E8%88%B0%E5%BA%97,,,16GB+512,,,中国大陆,,,,,,unknown,true,,,,pending
魅族,魅族 Note 16,8,128,8GB+128,jd,https://search.jd.com/Search?keyword=%E9%AD%85%E6%97%8F%20%E9%AD%85%E6%97%8F%20Note%2016%208GB%2B128%20%E5%AE%98%E6%96%B9%E6%97%97%E8%88%B0%E5%BA%97,,,8GB+128,,,中国大陆,,,,,,unknown,true,,,,pending
魅族,魅族 Note 16,8,128,8GB+128,tmall,https://list.tmall.com/search_product.htm?q=%E9%AD%85%E6%97%8F%20%E9%AD%85%E6%97%8F%20Note%2016%208GB%2B128%20%E5%AE%98%E6%96%B9%E6%97%97%E8%88%B0%E5%BA%97,,,8GB+128,,,中国大陆,,,,,,unknown,true,,,,pending
魅族,魅族 Note 16,8,128,8GB+128,pdd,https://mobile.yangkeduo.com/search_result.html?search_key=%E9%AD%85%E6%97%8F%20%E9%AD%85%E6%97%8F%20Note%2016%208GB%2B128%20%E5%AE%98%E6%96%B9%E6%97%97%E8%88%B0%E5%BA%97,,,8GB+128,,,中国大陆,,,,,,unknown,true,,,,pending
魅族,魅族 Note 16,8,256,8GB+256,jd,https://search.jd.com/Search?keyword=%E9%AD%85%E6%97%8F%20%E9%AD%85%E6%97%8F%20Note%2016%208GB%2B256%20%E5%AE%98%E6%96%B9%E6%97%97%E8%88%B0%E5%BA%97,,,8GB+256,,,中国大陆,,,,,,unknown,true,,,,pending
魅族,魅族 Note 16,8,256,8GB+256,tmall,https://list.tmall.com/search_product.htm?q=%E9%AD%85%E6%97%8F%20%E9%AD%85%E6%97%8F%20Note%2016%208GB%2B256%20%E5%AE%98%E6%96%B9%E6%97%97%E8%88%B0%E5%BA%97,,,8GB+256,,,中国大陆,,,,,,unknown,true,,,,pending
魅族,魅族 Note 16,8,256,8GB+256,pdd,https://mobile.yangkeduo.com/search_result.html?search_key=%E9%AD%85%E6%97%8F%20%E9%AD%85%E6%97%8F%20Note%2016%208GB%2B256%20%E5%AE%98%E6%96%B9%E6%97%97%E8%88%B0%E5%BA%97,,,8GB+256,,,中国大陆,,,,,,unknown,true,,,,pending
魅族,魅族 Note 16,12,256,12GB+256,jd,https://search.jd.com/Search?keyword=%E9%AD%85%E6%97%8F%20%E9%AD%85%E6%97%8F%20Note%2016%2012GB%2B256%20%E5%AE%98%E6%96%B9%E6%97%97%E8%88%B0%E5%BA%97,,,12GB+256,,,中国大陆,,,,,,unknown,true,,,,pending
魅族,魅族 Note 16,12,256,12GB+256,tmall,https://list.tmall.com/search_product.htm?q=%E9%AD%85%E6%97%8F%20%E9%AD%85%E6%97%8F%20Note%2016%2012GB%2B256%20%E5%AE%98%E6%96%B9%E6%97%97%E8%88%B0%E5%BA%97,,,12GB+256,,,中国大陆,,,,,,unknown,true,,,,pending
魅族,魅族 Note 16,12,256,12GB+256,pdd,https://mobile.yangkeduo.com/search_result.html?search_key=%E9%AD%85%E6%97%8F%20%E9%AD%85%E6%97%8F%20Note%2016%2012GB%2B256%20%E5%AE%98%E6%96%B9%E6%97%97%E8%88%B0%E5%BA%97,,,12GB+256,,,中国大陆,,,,,,unknown,true,,,,pending
魅族,魅族 Lucky 08,8,256,8GB+256,jd,https://search.jd.com/Search?keyword=%E9%AD%85%E6%97%8F%20%E9%AD%85%E6%97%8F%20Lucky%2008%208GB%2B256%20%E5%AE%98%E6%96%B9%E6%97%97%E8%88%B0%E5%BA%97,,,8GB+256,,,中国大陆,,,,,,unknown,true,,,,pending
魅族,魅族 Lucky 08,8,256,8GB+256,tmall,https://list.tmall.com/search_product.htm?q=%E9%AD%85%E6%97%8F%20%E9%AD%85%E6%97%8F%20Lucky%2008%208GB%2B256%20%E5%AE%98%E6%96%B9%E6%97%97%E8%88%B0%E5%BA%97,,,8GB+256,,,中国大陆,,,,,,unknown,true,,,,pending
魅族,魅族 Lucky 08,8,256,8GB+256,pdd,https://mobile.yangkeduo.com/search_result.html?search_key=%E9%AD%85%E6%97%8F%20%E9%AD%85%E6%97%8F%20Lucky%2008%208GB%2B256%20%E5%AE%98%E6%96%B9%E6%97%97%E8%88%B0%E5%BA%97,,,8GB+256,,,中国大陆,,,,,,unknown,true,,,,pending
魅族,魅族 21 Note,16,256,16GB+256,jd,https://search.jd.com/Search?keyword=%E9%AD%85%E6%97%8F%20%E9%AD%85%E6%97%8F%2021%20Note%2016GB%2B256%20%E5%AE%98%E6%96%B9%E6%97%97%E8%88%B0%E5%BA%97,,,16GB+256,,,中国大陆,,,,,,unknown,true,,,,pending
魅族,魅族 21 Note,16,256,16GB+256,tmall,https://list.tmall.com/search_product.htm?q=%E9%AD%85%E6%97%8F%20%E9%AD%85%E6%97%8F%2021%20Note%2016GB%2B256%20%E5%AE%98%E6%96%B9%E6%97%97%E8%88%B0%E5%BA%97,,,16GB+256,,,中国大陆,,,,,,unknown,true,,,,pending
魅族,魅族 21 Note,16,256,16GB+256,pdd,https://mobile.yangkeduo.com/search_result.html?search_key=%E9%AD%85%E6%97%8F%20%E9%AD%85%E6%97%8F%2021%20Note%2016GB%2B256%20%E5%AE%98%E6%96%B9%E6%97%97%E8%88%B0%E5%BA%97,,,16GB+256,,,中国大陆,,,,,,unknown,true,,,,pending
魅族,魅族 21 Note,16,512,16GB+512,jd,https://search.jd.com/Search?keyword=%E9%AD%85%E6%97%8F%20%E9%AD%85%E6%97%8F%2021%20Note%2016GB%2B512%20%E5%AE%98%E6%96%B9%E6%97%97%E8%88%B0%E5%BA%97,,,16GB+512,,,中国大陆,,,,,,unknown,true,,,,pending
魅族,魅族 21 Note,16,512,16GB+512,tmall,https://list.tmall.com/search_product.htm?q=%E9%AD%85%E6%97%8F%20%E9%AD%85%E6%97%8F%2021%20Note%2016GB%2B512%20%E5%AE%98%E6%96%B9%E6%97%97%E8%88%B0%E5%BA%97,,,16GB+512,,,中国大陆,,,,,,unknown,true,,,,pending
魅族,魅族 21 Note,16,512,16GB+512,pdd,https://mobile.yangkeduo.com/search_result.html?search_key=%E9%AD%85%E6%97%8F%20%E9%AD%85%E6%97%8F%2021%20Note%2016GB%2B512%20%E5%AE%98%E6%96%B9%E6%97%97%E8%88%B0%E5%BA%97,,,16GB+512,,,中国大陆,,,,,,unknown,true,,,,pending
荣耀,荣耀600 Pro,12,512,12GB+512GB,jd,https://search.jd.com/Search?keyword=%E8%8D%A3%E8%80%80%20%E8%8D%A3%E8%80%80600%20Pro%2012GB%2B512GB%20%E5%AE%98%E6%96%B9%E6%97%97%E8%88%B0%E5%BA%97,,,12GB+512GB,,,中国大陆,,,,,,unknown,true,,,,pending
荣耀,荣耀600 Pro,12,512,12GB+512GB,tmall,https://list.tmall.com/search_product.htm?q=%E8%8D%A3%E8%80%80%20%E8%8D%A3%E8%80%80600%20Pro%2012GB%2B512GB%20%E5%AE%98%E6%96%B9%E6%97%97%E8%88%B0%E5%BA%97,,,12GB+512GB,,,中国大陆,,,,,,unknown,true,,,,pending
荣耀,荣耀600 Pro,12,512,12GB+512GB,pdd,https://mobile.yangkeduo.com/search_result.html?search_key=%E8%8D%A3%E8%80%80%20%E8%8D%A3%E8%80%80600%20Pro%2012GB%2B512GB%20%E5%AE%98%E6%96%B9%E6%97%97%E8%88%B0%E5%BA%97,,,12GB+512GB,,,中国大陆,,,,,,unknown,true,,,,pending
荣耀,荣耀Magic8 Pro,12,512,12GB+512GB,jd,https://search.jd.com/Search?keyword=%E8%8D%A3%E8%80%80%20%E8%8D%A3%E8%80%80Magic8%20Pro%2012GB%2B512GB%20%E5%AE%98%E6%96%B9%E6%97%97%E8%88%B0%E5%BA%97,,,12GB+512GB,,,中国大陆,,,,,,unknown,true,,,,pending
荣耀,荣耀Magic8 Pro,12,512,12GB+512GB,tmall,https://list.tmall.com/search_product.htm?q=%E8%8D%A3%E8%80%80%20%E8%8D%A3%E8%80%80Magic8%20Pro%2012GB%2B512GB%20%E5%AE%98%E6%96%B9%E6%97%97%E8%88%B0%E5%BA%97,,,12GB+512GB,,,中国大陆,,,,,,unknown,true,,,,pending
荣耀,荣耀Magic8 Pro,12,512,12GB+512GB,pdd,https://mobile.yangkeduo.com/search_result.html?search_key=%E8%8D%A3%E8%80%80%20%E8%8D%A3%E8%80%80Magic8%20Pro%2012GB%2B512GB%20%E5%AE%98%E6%96%B9%E6%97%97%E8%88%B0%E5%BA%97,,,12GB+512GB,,,中国大陆,,,,,,unknown,true,,,,pending
荣耀,荣耀Magic8 Pro,16,512,16GB+512GB,jd,https://search.jd.com/Search?keyword=%E8%8D%A3%E8%80%80%20%E8%8D%A3%E8%80%80Magic8%20Pro%2016GB%2B512GB%20%E5%AE%98%E6%96%B9%E6%97%97%E8%88%B0%E5%BA%97,,,16GB+512GB,,,中国大陆,,,,,,unknown,true,,,,pending
荣耀,荣耀Magic8 Pro,16,512,16GB+512GB,tmall,https://list.tmall.com/search_product.htm?q=%E8%8D%A3%E8%80%80%20%E8%8D%A3%E8%80%80Magic8%20Pro%2016GB%2B512GB%20%E5%AE%98%E6%96%B9%E6%97%97%E8%88%B0%E5%BA%97,,,16GB+512GB,,,中国大陆,,,,,,unknown,true,,,,pending
荣耀,荣耀Magic8 Pro,16,512,16GB+512GB,pdd,https://mobile.yangkeduo.com/search_result.html?search_key=%E8%8D%A3%E8%80%80%20%E8%8D%A3%E8%80%80Magic8%20Pro%2016GB%2B512GB%20%E5%AE%98%E6%96%B9%E6%97%97%E8%88%B0%E5%BA%97,,,16GB+512GB,,,中国大陆,,,,,,unknown,true,,,,pending
荣耀,荣耀Magic8 Pro,16,1024,16GB+1024GB,jd,https://search.jd.com/Search?keyword=%E8%8D%A3%E8%80%80%20%E8%8D%A3%E8%80%80Magic8%20Pro%2016GB%2B1024GB%20%E5%AE%98%E6%96%B9%E6%97%97%E8%88%B0%E5%BA%97,,,16GB+1024GB,,,中国大陆,,,,,,unknown,true,,,,pending
荣耀,荣耀Magic8 Pro,16,1024,16GB+1024GB,tmall,https://list.tmall.com/search_product.htm?q=%E8%8D%A3%E8%80%80%20%E8%8D%A3%E8%80%80Magic8%20Pro%2016GB%2B1024GB%20%E5%AE%98%E6%96%B9%E6%97%97%E8%88%B0%E5%BA%97,,,16GB+1024GB,,,中国大陆,,,,,,unknown,true,,,,pending
荣耀,荣耀Magic8 Pro,16,1024,16GB+1024GB,pdd,https://mobile.yangkeduo.com/search_result.html?search_key=%E8%8D%A3%E8%80%80%20%E8%8D%A3%E8%80%80Magic8%20Pro%2016GB%2B1024GB%20%E5%AE%98%E6%96%B9%E6%97%97%E8%88%B0%E5%BA%97,,,16GB+1024GB,,,中国大陆,,,,,,unknown,true,,,,pending
一加,一加 13,12,256,12GB+256GB,jd,https://search.jd.com/Search?keyword=%E4%B8%80%E5%8A%A0%20%E4%B8%80%E5%8A%A0%2013%2012GB%2B256GB%20%E5%AE%98%E6%96%B9%E6%97%97%E8%88%B0%E5%BA%97,,,12GB+256GB,,,中国大陆,,,,,,unknown,true,,,,pending
一加,一加 13,12,256,12GB+256GB,tmall,https://list.tmall.com/search_product.htm?q=%E4%B8%80%E5%8A%A0%20%E4%B8%80%E5%8A%A0%2013%2012GB%2B256GB%20%E5%AE%98%E6%96%B9%E6%97%97%E8%88%B0%E5%BA%97,,,12GB+256GB,,,中国大陆,,,,,,unknown,true,,,,pending
一加,一加 13,12,256,12GB+256GB,pdd,https://mobile.yangkeduo.com/search_result.html?search_key=%E4%B8%80%E5%8A%A0%20%E4%B8%80%E5%8A%A0%2013%2012GB%2B256GB%20%E5%AE%98%E6%96%B9%E6%97%97%E8%88%B0%E5%BA%97,,,12GB+256GB,,,中国大陆,,,,,,unknown,true,,,,pending
一加,一加 13,12,512,12GB+512GB,jd,https://search.jd.com/Search?keyword=%E4%B8%80%E5%8A%A0%20%E4%B8%80%E5%8A%A0%2013%2012GB%2B512GB%20%E5%AE%98%E6%96%B9%E6%97%97%E8%88%B0%E5%BA%97,,,12GB+512GB,,,中国大陆,,,,,,unknown,true,,,,pending
一加,一加 13,12,512,12GB+512GB,tmall,https://list.tmall.com/search_product.htm?q=%E4%B8%80%E5%8A%A0%20%E4%B8%80%E5%8A%A0%2013%2012GB%2B512GB%20%E5%AE%98%E6%96%B9%E6%97%97%E8%88%B0%E5%BA%97,,,12GB+512GB,,,中国大陆,,,,,,unknown,true,,,,pending
一加,一加 13,12,512,12GB+512GB,pdd,https://mobile.yangkeduo.com/search_result.html?search_key=%E4%B8%80%E5%8A%A0%20%E4%B8%80%E5%8A%A0%2013%2012GB%2B512GB%20%E5%AE%98%E6%96%B9%E6%97%97%E8%88%B0%E5%BA%97,,,12GB+512GB,,,中国大陆,,,,,,unknown,true,,,,pending
一加,一加 13,16,512,16GB+512GB,jd,https://search.jd.com/Search?keyword=%E4%B8%80%E5%8A%A0%20%E4%B8%80%E5%8A%A0%2013%2016GB%2B512GB%20%E5%AE%98%E6%96%B9%E6%97%97%E8%88%B0%E5%BA%97,,,16GB+512GB,,,中国大陆,,,,,,unknown,true,,,,pending
一加,一加 13,16,512,16GB+512GB,tmall,https://list.tmall.com/search_product.htm?q=%E4%B8%80%E5%8A%A0%20%E4%B8%80%E5%8A%A0%2013%2016GB%2B512GB%20%E5%AE%98%E6%96%B9%E6%97%97%E8%88%B0%E5%BA%97,,,16GB+512GB,,,中国大陆,,,,,,unknown,true,,,,pending
一加,一加 13,16,512,16GB+512GB,pdd,https://mobile.yangkeduo.com/search_result.html?search_key=%E4%B8%80%E5%8A%A0%20%E4%B8%80%E5%8A%A0%2013%2016GB%2B512GB%20%E5%AE%98%E6%96%B9%E6%97%97%E8%88%B0%E5%BA%97,,,16GB+512GB,,,中国大陆,,,,,,unknown,true,,,,pending
一加,一加 13,24,1024,24GB+1024GB,jd,https://search.jd.com/Search?keyword=%E4%B8%80%E5%8A%A0%20%E4%B8%80%E5%8A%A0%2013%2024GB%2B1024GB%20%E5%AE%98%E6%96%B9%E6%97%97%E8%88%B0%E5%BA%97,,,24GB+1024GB,,,中国大陆,,,,,,unknown,true,,,,pending
一加,一加 13,24,1024,24GB+1024GB,tmall,https://list.tmall.com/search_product.htm?q=%E4%B8%80%E5%8A%A0%20%E4%B8%80%E5%8A%A0%2013%2024GB%2B1024GB%20%E5%AE%98%E6%96%B9%E6%97%97%E8%88%B0%E5%BA%97,,,24GB+1024GB,,,中国大陆,,,,,,unknown,true,,,,pending
一加,一加 13,24,1024,24GB+1024GB,pdd,https://mobile.yangkeduo.com/search_result.html?search_key=%E4%B8%80%E5%8A%A0%20%E4%B8%80%E5%8A%A0%2013%2024GB%2B1024GB%20%E5%AE%98%E6%96%B9%E6%97%97%E8%88%B0%E5%BA%97,,,24GB+1024GB,,,中国大陆,,,,,,unknown,true,,,,pending
一加,一加 Ace 6,12,256,12GB+256GB,jd,https://search.jd.com/Search?keyword=%E4%B8%80%E5%8A%A0%20%E4%B8%80%E5%8A%A0%20Ace%206%2012GB%2B256GB%20%E5%AE%98%E6%96%B9%E6%97%97%E8%88%B0%E5%BA%97,,,12GB+256GB,,,中国大陆,,,,,,unknown,true,,,,pending
一加,一加 Ace 6,12,256,12GB+256GB,tmall,https://list.tmall.com/search_product.htm?q=%E4%B8%80%E5%8A%A0%20%E4%B8%80%E5%8A%A0%20Ace%206%2012GB%2B256GB%20%E5%AE%98%E6%96%B9%E6%97%97%E8%88%B0%E5%BA%97,,,12GB+256GB,,,中国大陆,,,,,,unknown,true,,,,pending
一加,一加 Ace 6,12,256,12GB+256GB,pdd,https://mobile.yangkeduo.com/search_result.html?search_key=%E4%B8%80%E5%8A%A0%20%E4%B8%80%E5%8A%A0%20Ace%206%2012GB%2B256GB%20%E5%AE%98%E6%96%B9%E6%97%97%E8%88%B0%E5%BA%97,,,12GB+256GB,,,中国大陆,,,,,,unknown,true,,,,pending
一加,一加 Ace 6,12,512,12GB+512GB,jd,https://search.jd.com/Search?keyword=%E4%B8%80%E5%8A%A0%20%E4%B8%80%E5%8A%A0%20Ace%206%2012GB%2B512GB%20%E5%AE%98%E6%96%B9%E6%97%97%E8%88%B0%E5%BA%97,,,12GB+512GB,,,中国大陆,,,,,,unknown,true,,,,pending
一加,一加 Ace 6,12,512,12GB+512GB,tmall,https://list.tmall.com/search_product.htm?q=%E4%B8%80%E5%8A%A0%20%E4%B8%80%E5%8A%A0%20Ace%206%2012GB%2B512GB%20%E5%AE%98%E6%96%B9%E6%97%97%E8%88%B0%E5%BA%97,,,12GB+512GB,,,中国大陆,,,,,,unknown,true,,,,pending
一加,一加 Ace 6,12,512,12GB+512GB,pdd,https://mobile.yangkeduo.com/search_result.html?search_key=%E4%B8%80%E5%8A%A0%20%E4%B8%80%E5%8A%A0%20Ace%206%2012GB%2B512GB%20%E5%AE%98%E6%96%B9%E6%97%97%E8%88%B0%E5%BA%97,,,12GB+512GB,,,中国大陆,,,,,,unknown,true,,,,pending
一加,一加 Ace 6,16,256,16GB+256GB,jd,https://search.jd.com/Search?keyword=%E4%B8%80%E5%8A%A0%20%E4%B8%80%E5%8A%A0%20Ace%206%2016GB%2B256GB%20%E5%AE%98%E6%96%B9%E6%97%97%E8%88%B0%E5%BA%97,,,16GB+256GB,,,中国大陆,,,,,,unknown,true,,,,pending
一加,一加 Ace 6,16,256,16GB+256GB,tmall,https://list.tmall.com/search_product.htm?q=%E4%B8%80%E5%8A%A0%20%E4%B8%80%E5%8A%A0%20Ace%206%2016GB%2B256GB%20%E5%AE%98%E6%96%B9%E6%97%97%E8%88%B0%E5%BA%97,,,16GB+256GB,,,中国大陆,,,,,,unknown,true,,,,pending
一加,一加 Ace 6,16,256,16GB+256GB,pdd,https://mobile.yangkeduo.com/search_result.html?search_key=%E4%B8%80%E5%8A%A0%20%E4%B8%80%E5%8A%A0%20Ace%206%2016GB%2B256GB%20%E5%AE%98%E6%96%B9%E6%97%97%E8%88%B0%E5%BA%97,,,16GB+256GB,,,中国大陆,,,,,,unknown,true,,,,pending
一加,一加 Ace 6,16,512,16GB+512GB,jd,https://search.jd.com/Search?keyword=%E4%B8%80%E5%8A%A0%20%E4%B8%80%E5%8A%A0%20Ace%206%2016GB%2B512GB%20%E5%AE%98%E6%96%B9%E6%97%97%E8%88%B0%E5%BA%97,,,16GB+512GB,,,中国大陆,,,,,,unknown,true,,,,pending
一加,一加 Ace 6,16,512,16GB+512GB,tmall,https://list.tmall.com/search_product.htm?q=%E4%B8%80%E5%8A%A0%20%E4%B8%80%E5%8A%A0%20Ace%206%2016GB%2B512GB%20%E5%AE%98%E6%96%B9%E6%97%97%E8%88%B0%E5%BA%97,,,16GB+512GB,,,中国大陆,,,,,,unknown,true,,,,pending
一加,一加 Ace 6,16,512,16GB+512GB,pdd,https://mobile.yangkeduo.com/search_result.html?search_key=%E4%B8%80%E5%8A%A0%20%E4%B8%80%E5%8A%A0%20Ace%206%2016GB%2B512GB%20%E5%AE%98%E6%96%B9%E6%97%97%E8%88%B0%E5%BA%97,,,16GB+512GB,,,中国大陆,,,,,,unknown,true,,,,pending
一加,一加 Ace 6,16,1024,16GB+1024GB,jd,https://search.jd.com/Search?keyword=%E4%B8%80%E5%8A%A0%20%E4%B8%80%E5%8A%A0%20Ace%206%2016GB%2B1024GB%20%E5%AE%98%E6%96%B9%E6%97%97%E8%88%B0%E5%BA%97,,,16GB+1024GB,,,中国大陆,,,,,,unknown,true,,,,pending
一加,一加 Ace 6,16,1024,16GB+1024GB,tmall,https://list.tmall.com/search_product.htm?q=%E4%B8%80%E5%8A%A0%20%E4%B8%80%E5%8A%A0%20Ace%206%2016GB%2B1024GB%20%E5%AE%98%E6%96%B9%E6%97%97%E8%88%B0%E5%BA%97,,,16GB+1024GB,,,中国大陆,,,,,,unknown,true,,,,pending
一加,一加 Ace 6,16,1024,16GB+1024GB,pdd,https://mobile.yangkeduo.com/search_result.html?search_key=%E4%B8%80%E5%8A%A0%20%E4%B8%80%E5%8A%A0%20Ace%206%2016GB%2B1024GB%20%E5%AE%98%E6%96%B9%E6%97%97%E8%88%B0%E5%BA%97,,,16GB+1024GB,,,中国大陆,,,,,,unknown,true,,,,pending
一加,一加 Ace 5,12,256,12GB+256GB,jd,https://search.jd.com/Search?keyword=%E4%B8%80%E5%8A%A0%20%E4%B8%80%E5%8A%A0%20Ace%205%2012GB%2B256GB%20%E5%AE%98%E6%96%B9%E6%97%97%E8%88%B0%E5%BA%97,,,12GB+256GB,,,中国大陆,,,,,,unknown,true,,,,pending
一加,一加 Ace 5,12,256,12GB+256GB,tmall,https://list.tmall.com/search_product.htm?q=%E4%B8%80%E5%8A%A0%20%E4%B8%80%E5%8A%A0%20Ace%205%2012GB%2B256GB%20%E5%AE%98%E6%96%B9%E6%97%97%E8%88%B0%E5%BA%97,,,12GB+256GB,,,中国大陆,,,,,,unknown,true,,,,pending
一加,一加 Ace 5,12,256,12GB+256GB,pdd,https://mobile.yangkeduo.com/search_result.html?search_key=%E4%B8%80%E5%8A%A0%20%E4%B8%80%E5%8A%A0%20Ace%205%2012GB%2B256GB%20%E5%AE%98%E6%96%B9%E6%97%97%E8%88%B0%E5%BA%97,,,12GB+256GB,,,中国大陆,,,,,,unknown,true,,,,pending
一加,一加 Ace 5,12,512,12GB+512GB,jd,https://search.jd.com/Search?keyword=%E4%B8%80%E5%8A%A0%20%E4%B8%80%E5%8A%A0%20Ace%205%2012GB%2B512GB%20%E5%AE%98%E6%96%B9%E6%97%97%E8%88%B0%E5%BA%97,,,12GB+512GB,,,中国大陆,,,,,,unknown,true,,,,pending
一加,一加 Ace 5,12,512,12GB+512GB,tmall,https://list.tmall.com/search_product.htm?q=%E4%B8%80%E5%8A%A0%20%E4%B8%80%E5%8A%A0%20Ace%205%2012GB%2B512GB%20%E5%AE%98%E6%96%B9%E6%97%97%E8%88%B0%E5%BA%97,,,12GB+512GB,,,中国大陆,,,,,,unknown,true,,,,pending
一加,一加 Ace 5,12,512,12GB+512GB,pdd,https://mobile.yangkeduo.com/search_result.html?search_key=%E4%B8%80%E5%8A%A0%20%E4%B8%80%E5%8A%A0%20Ace%205%2012GB%2B512GB%20%E5%AE%98%E6%96%B9%E6%97%97%E8%88%B0%E5%BA%97,,,12GB+512GB,,,中国大陆,,,,,,unknown,true,,,,pending
一加,一加 Ace 5,16,256,16GB+256GB,jd,https://search.jd.com/Search?keyword=%E4%B8%80%E5%8A%A0%20%E4%B8%80%E5%8A%A0%20Ace%205%2016GB%2B256GB%20%E5%AE%98%E6%96%B9%E6%97%97%E8%88%B0%E5%BA%97,,,16GB+256GB,,,中国大陆,,,,,,unknown,true,,,,pending
一加,一加 Ace 5,16,256,16GB+256GB,tmall,https://list.tmall.com/search_product.htm?q=%E4%B8%80%E5%8A%A0%20%E4%B8%80%E5%8A%A0%20Ace%205%2016GB%2B256GB%20%E5%AE%98%E6%96%B9%E6%97%97%E8%88%B0%E5%BA%97,,,16GB+256GB,,,中国大陆,,,,,,unknown,true,,,,pending
一加,一加 Ace 5,16,256,16GB+256GB,pdd,https://mobile.yangkeduo.com/search_result.html?search_key=%E4%B8%80%E5%8A%A0%20%E4%B8%80%E5%8A%A0%20Ace%205%2016GB%2B256GB%20%E5%AE%98%E6%96%B9%E6%97%97%E8%88%B0%E5%BA%97,,,16GB+256GB,,,中国大陆,,,,,,unknown,true,,,,pending
一加,一加 Ace 5,16,512,16GB+512GB,jd,https://search.jd.com/Search?keyword=%E4%B8%80%E5%8A%A0%20%E4%B8%80%E5%8A%A0%20Ace%205%2016GB%2B512GB%20%E5%AE%98%E6%96%B9%E6%97%97%E8%88%B0%E5%BA%97,,,16GB+512GB,,,中国大陆,,,,,,unknown,true,,,,pending
一加,一加 Ace 5,16,512,16GB+512GB,tmall,https://list.tmall.com/search_product.htm?q=%E4%B8%80%E5%8A%A0%20%E4%B8%80%E5%8A%A0%20Ace%205%2016GB%2B512GB%20%E5%AE%98%E6%96%B9%E6%97%97%E8%88%B0%E5%BA%97,,,16GB+512GB,,,中国大陆,,,,,,unknown,true,,,,pending
一加,一加 Ace 5,16,512,16GB+512GB,pdd,https://mobile.yangkeduo.com/search_result.html?search_key=%E4%B8%80%E5%8A%A0%20%E4%B8%80%E5%8A%A0%20Ace%205%2016GB%2B512GB%20%E5%AE%98%E6%96%B9%E6%97%97%E8%88%B0%E5%BA%97,,,16GB+512GB,,,中国大陆,,,,,,unknown,true,,,,pending
一加,一加 Ace 5,16,1024,16GB+1024GB,jd,https://search.jd.com/Search?keyword=%E4%B8%80%E5%8A%A0%20%E4%B8%80%E5%8A%A0%20Ace%205%2016GB%2B1024GB%20%E5%AE%98%E6%96%B9%E6%97%97%E8%88%B0%E5%BA%97,,,16GB+1024GB,,,中国大陆,,,,,,unknown,true,,,,pending
一加,一加 Ace 5,16,1024,16GB+1024GB,tmall,https://list.tmall.com/search_product.htm?q=%E4%B8%80%E5%8A%A0%20%E4%B8%80%E5%8A%A0%20Ace%205%2016GB%2B1024GB%20%E5%AE%98%E6%96%B9%E6%97%97%E8%88%B0%E5%BA%97,,,16GB+1024GB,,,中国大陆,,,,,,unknown,true,,,,pending
一加,一加 Ace 5,16,1024,16GB+1024GB,pdd,https://mobile.yangkeduo.com/search_result.html?search_key=%E4%B8%80%E5%8A%A0%20%E4%B8%80%E5%8A%A0%20Ace%205%2016GB%2B1024GB%20%E5%AE%98%E6%96%B9%E6%97%97%E8%88%B0%E5%BA%97,,,16GB+1024GB,,,中国大陆,,,,,,unknown,true,,,,pending
